1309,44,0.984298,0.793185,0.735982,2.541246,-0.601523,-0.957777,0.908728,0.186401,-1.514287,0.613565,1.896583,-1.618361,0.195432,-1.004324,1.377198,0.87369,0.297721,0.976223,-1.024727,0.189672,-0.409526,-1.153762,1.837098,-0.602286,-0.591689,-0.81077,0.706404,-0.456739,0.638277,-0.20693,-0.806507,-1.40532,-1.270903,-2.908766,-0.697511,0.604636,0.734371,0.901037,-0.936763,-1.604259,0.164006,-0.366038,0.537387,-0.084705,0.306409,-0.911631,0.424212,-1.092612,1.843025,-0.262988,-0.269619,-0.984395,-0.930171,0.260009,1.435461,0.127014,-0.197447,-0.788799,-0.284732,1.809673,-0.825638,0.099148,-0.139243,0.488328,-0.606987,-1.660102,-0.633879,-0.770748,-0.514909,-1.778338,0.225488,-1.581409,1.53561,1.001849,0.723653,0.365278,-0.203147,1.506354,0.242758,0.268904,-0.280987,-0.818183,-0.024182,-1.682271,-2.051192,-0.327361,-1.267026,-0.320625,-0.942746,1.55919,-1.146184,0.203523,0.867289,-2.274266,1.050805,-0.14584,0.653935,0.991355,-0.967823,-0.713364,1.25868,0.100424,-0.745444,1.296937,-0.538519,1.308078,1.435288,0.458512,1.524835,0.230578,-0.455039,-0.365497,-0.032378,0.207432,-0.00838,1.944434,-0.53778,-0.339873,0.855549,-0.478601,0.956905,1.147735,-0.891842,-0.774427,-0.094966,0.278686,-0.566848,-0.852526,-1.765478,-0.25129,0.740217,0.379733,-0.356143,1.652508,-0.613563,0.681697,0.387124,-0.268227,1.417022,0.364375,0.188262,0.058285,1.039933,0.885377,0.724946,0.292733,1.742289,0.738546,-0.710736,-0.378703,0.979208,-0.12387,0.812729,0.669292,-1.207666,1.148343,0.974344,0.005509,0.749113,-0.132481,1.265382,-1.112324,0.171108,-0.480347,-0.359702
1043,15,-0.199204,1.083436,0.051376,0.813063,1.444617,-0.578889,0.047531,-0.199524,0.174143,-1.631761,-0.200944,-0.27809,-0.808747,-0.224245,-1.556126,1.349261,0.409455,1.829186,-0.895872,-1.18549,0.246221,-1.680754,0.190419,-0.727621,-0.363571,0.217594,0.011729,1.8059,0.590572,-1.310298,0.934257,-1.357471,0.051005,-1.26688,-0.852813,1.263255,-0.585486,-0.671789,-0.59093,-0.344492,1.388275,-1.20121,-1.258288,0.535755,-1.613112,-0.39891,1.080109,-0.036934,-0.51264,-0.740542,-0.944995,-0.623618,0.094136,1.187857,0.912942,-0.60067,-0.765166,0.643774,-1.837269,-0.477964,-0.366001,-1.142951,-1.029459,0.296396,-1.682097,-0.952104,-0.690172,0.029732,-1.406073,1.020312,-0.357849,-0.31134,-0.41318,-0.721,-1.025252,1.075323,0.14178,-0.167967,0.921928,-0.763236,0.559302,-0.040801,-0.941121,0.685206,-1.539481,0.576371,-0.938664,0.336006,1.293401,0.491137,-0.66301,-0.098516,-0.433263,-1.227471,-1.16299,-0.030434,0.455054,-1.812873,-0.147031,0.422089,0.030137,-1.0658,0.93949,-1.277107,0.556652,1.493706,-2.090451,0.169891,0.224434,0.137884,-0.840163,-0.392668,-1.460194,0.042718,0.440288,-0.742359,-0.998539,-0.554089,-0.098219,-0.030751,-0.19312,-0.024092,-1.379091,-2.773,0.513039,1.302941,-1.484379,-0.747405,0.200463,0.841215,0.541541,1.159068,-0.148334,0.310685,0.307895,-0.519658,1.082657,0.515036,0.862942,-0.479157,0.913416,-1.130166,0.288475,-2.659132,-1.086949,0.623828,-0.539645,0.071595,-1.687392,1.417168,0.484948,-0.124451,0.307941,0.221831,1.286422,0.110464,-1.540122,-0.349798,1.156811,0.457618,-0.511353,0.497402,0.014303,0.496676,-1.651971
1184,27,-0.690558,-0.59619,-0.620372,-0.296839,-0.61708,-0.065882,-0.475735,1.351662,-0.73031,-0.96391,0.423655,1.675454,-0.1637,-1.231828,0.767698,-1.072598,-0.068706,-0.283637,-1.207994,0.814931,0.334986,-0.168055,0.271974,-1.206983,-0.320517,0.316991,0.698574,-1.888114,0.452363,-1.089026,-2.167142,0.803001,1.097323,-1.067071,0.804938,0.046985,0.790577,1.904421,1.243815,0.159385,-1.178671,-0.739446,-0.3359,-0.63875,0.359554,0.604882,1.871312,1.173266,-1.310166,2.52431,-0.012399,-0.42853,-1.806595,0.137845,2.345833,-0.001276,0.571063,0.443974,1.078103,-0.73046,-0.809957,0.678843,1.002915,-0.660663,0.43167,1.04467,0.399622,-0.410235,2.180917,1.5223,0.681242,-0.125459,-1.269252,-0.432235,0.064687,-0.967373,1.081931,-1.252236,1.70236,-0.387683,-0.779939,-0.269653,0.536806,1.092667,-1.104428,0.686592,-0.446019,-1.360679,-1.171723,1.245494,-1.385702,-0.640676,0.040472,1.545928,-2.187698,0.151649,0.168191,-1.713529,-0.464292,-0.34468,0.565877,-0.337824,-0.566683,0.198794,1.097264,-1.365223,0.036556,-0.249152,-0.075066,0.934279,-0.639496,-1.553049,-0.244468,-1.341193,1.661132,1.404097,-1.125835,-0.022192,-1.699437,-0.207614,-0.512601,1.932774,0.480817,0.220619,1.13628,-0.428484,0.685796,-0.721306,-0.62774,1.980829,-2.918176,0.614058,-0.788002,0.950335,-0.804262,0.155489,-1.406545,1.117134,-0.781026,-1.509934,-3.345694,-1.912056,0.715863,-1.341442,-1.398758,-0.011985,-0.205881,0.096352,-0.344579,1.867556,-1.234758,-0.741097,-0.303537,0.531675,1.506173,0.002645,0.806722,0.39668,3.06219,-0.707413,1.415866,-0.052672,0.234769,0.691712,1.283228
1300,11,-0.228791,0.777743,2.080382,0.202715,-1.268377,0.817235,-1.53765,0.53505,-0.738377,-0.696705,-1.378028,0.934304,0.216308,-0.094205,-1.825825,-0.692194,-0.787565,1.133209,1.479363,0.948622,1.555129,1.220304,-0.390829,0.156095,-1.680168,0.649217,0.663666,-1.296684,0.885367,-0.243545,-1.968706,-0.140694,0.792213,-0.569555,0.047734,0.437238,-0.4778,-0.585941,-1.621749,0.299394,0.086723,1.728092,0.511455,-0.157509,-1.374469,-2.051216,-0.516099,-0.488411,0.489908,-0.00153,0.005343,1.167901,0.328684,0.421877,0.212427,0.440981,-0.122318,1.605423,0.128279,0.630774,1.332966,-0.277189,-0.616978,0.62726,1.334816,1.786134,0.021724,1.72693,-0.172498,-0.08129,0.666453,-0.107355,-0.919219,-0.426064,2.859682,0.56968,0.683203,-1.053845,-0.358459,-0.157877,0.155495,0.679997,-1.391702,0.267865,1.107526,1.191989,-2.851351,1.110613,-0.454106,-0.742991,1.443715,1.616013,-0.429952,-0.023257,-0.699991,-0.508808,-0.419124,-1.857242,-0.261224,1.465266,-0.822344,-0.511142,-0.236667,-0.282547,-0.195022,0.365541,0.521389,0.234977,0.465161,0.732536,1.259397,-0.332001,-1.227489,1.155075,-1.040422,-0.881361,0.44391,-0.980466,-0.561982,0.643171,0.20921,1.235756,0.449128,-1.316207,1.259524,0.766514,-1.745574,-0.643007,-0.215591,1.774744,-0.054063,0.092158,0.949836,0.247535,-0.342015,0.303051,0.265802,0.653278,-0.357403,0.161646,0.70191,-1.099813,-1.3351,1.613756,-2.723232,0.76876,-1.172358,0.506162,0.577365,-0.999475,-0.256355,-0.36322,-0.211711,0.318276,0.441207,0.355333,-0.048488,0.506951,1.372914,-0.702865,1.973819,0.864075,0.033949,0.497852,0.14053
1157,42,0.291373,1.5776,0.892268,-1.344176,0.733099,0.340343,0.069538,-1.148114,1.788098,1.683667,0.261423,-0.828481,-1.146016,-1.127397,0.838662,-1.696228,1.085416,-0.200669,0.315831,0.715225,2.311979,0.695433,-0.192154,0.340461,0.109709,0.009498,0.076226,-0.999614,0.284183,-1.35124,1.083265,-0.391835,-1.165435,0.62047,0.643128,0.082803,-1.501203,-1.296338,0.508599,2.187646,0.231356,0.268328,0.555027,-0.866918,1.068635,-0.631149,0.02255,-0.812116,-1.200894,-0.768536,-0.926326,-0.410469,1.492784,0.272505,-0.56572,0.388284,-0.574057,1.09087,0.763724,-0.361236,-0.057438,0.061561,-1.002927,-1.135345,-0.142399,-0.890131,-0.033856,0.822592,-0.22409,0.56526,1.712873,-0.427873,1.399415,-0.812263,-1.124382,0.173163,-0.159234,-1.437491,1.261217,0.834529,-0.951642,-0.195192,-0.079112,-1.213964,0.318092,-1.324115,-1.693059,1.410915,-0.61691,-0.743293,-0.220776,-0.704634,2.097545,0.449586,0.818618,0.871335,2.083423,-2.189169,0.761098,0.173141,0.079739,1.145586,0.612155,-1.690315,0.244364,-0.161919,1.091464,-2.039906,0.626217,0.143289,0.644923,0.385065,-2.045401,0.679562,-0.033992,-0.772877,0.924767,-0.042603,1.622348,1.05568,-1.088971,0.767933,-0.001916,-0.026373,-0.145808,0.999603,-0.786872,0.427686,-1.508835,0.319281,-1.240352,-1.24872,-0.044527,-1.104197,1.081037,-1.07784,1.570626,0.804995,0.09526,0.620985,0.204576,2.320844,0.494273,-0.576112,0.379899,-0.331519,-0.065515,-0.576013,-0.522023,0.831293,-0.038866,0.75715,-0.298026,-0.083735,-0.460463,1.268281,1.616084,-0.08151,0.885838,-1.407787,-1.240477,0.730791,-1.7034,2.749464,1.002749
1046,32,1.954722,0.823526,-1.016788,-0.332832,-0.844663,0.043521,0.368182,0.222402,-0.558748,-0.747343,0.790987,-0.093896,2.10178,-0.753792,0.73633,0.045661,-0.709775,1.272261,0.115382,-0.834736,-0.297935,0.950221,-1.144024,1.287731,0.639909,-0.26012,1.26747,1.634029,0.55959,0.159432,1.726368,1.397782,-0.86682,-0.193403,-0.20134,-0.384328,-1.401067,0.844297,0.078383,0.092487,1.318926,-0.529353,-0.053337,0.25666,-0.405293,-0.104076,0.718498,-0.008098,1.248388,-0.704293,0.189286,-1.338991,-0.110952,-0.659288,1.278812,0.699021,0.478093,1.733329,1.356253,0.675106,-0.648627,-1.359468,-0.027959,-0.334456,-0.608584,-0.273282,-1.556612,1.403143,-1.073647,-0.632664,0.536683,-1.533473,0.867882,0.883876,-0.294621,-1.016214,-0.446726,-1.745241,1.309441,0.051166,-0.694813,-0.85659,0.541554,1.419235,-1.20284,-0.542843,-1.661286,0.638537,0.147914,2.135108,-0.115766,-0.411942,-0.670619,0.80685,-1.540506,0.709993,0.233538,-0.478343,-0.854314,0.998405,1.762607,-0.422186,0.501401,1.650702,-0.587482,-0.238692,-1.156329,-0.140091,-0.077295,-0.396753,-0.701099,-1.501918,-1.276226,-0.92721,0.608633,-0.483336,-0.808757,0.623277,0.534486,-0.716748,-0.595356,0.627827,0.34696,-0.794616,0.228716,-0.027965,1.059631,-0.825541,0.840247,0.411354,-0.960374,1.003901,0.865979,-1.256475,1.888672,-1.092743,-0.876125,-0.307605,0.734776,0.556082,-0.090392,1.304399,0.386656,1.333113,2.693261,0.184937,-2.463104,-0.43306,-1.030139,0.088238,0.093575,-1.175974,-1.106066,-0.253193,-0.188676,-2.50138,0.935111,0.029788,-0.009601,0.285611,-0.985858,-0.04897,1.000452,1.038465,0.445622
1019,16,-1.000954,0.765766,0.447003,1.590214,0.056098,0.864774,1.323017,0.99445,-0.608547,-0.184566,0.129773,-0.985869,0.474289,1.023988,-0.480855,1.972554,-0.290724,-0.202958,-0.238279,-0.708276,0.417858,0.020026,1.661372,0.60731,0.537689,-0.221538,-1.414233,-0.089503,-0.850292,0.951843,-0.030443,1.665743,0.73531,0.835536,0.230657,0.208672,0.653273,0.922669,-0.71057,0.492281,2.621087,-0.08969,-0.255543,-0.69247,-1.448564,1.188886,0.060965,0.299628,1.844834,2.509189,-0.888546,1.054559,0.623845,0.399592,0.479979,-0.021538,1.591283,0.616648,0.34703,1.249424,0.899079,0.462793,0.329555,1.758454,0.512303,-0.087023,-0.854349,-0.341204,-1.046901,0.110458,0.259837,-2.047914,0.021116,0.651909,0.169288,-0.951948,1.271425,-0.693738,-1.225748,-1.078173,-0.011989,0.985385,1.167978,0.212065,-1.191403,-0.654683,-0.895772,-0.176531,-1.772373,0.11275,0.646544,-0.147667,0.461393,-0.937447,-1.453659,-0.636016,1.158059,1.030905,-0.455962,1.204627,-0.324085,1.512671,0.483359,-0.451257,0.795942,-0.774083,-0.93525,-1.450556,0.258585,-0.053159,-0.077113,-0.409852,1.437885,-0.423606,-0.723412,1.246112,1.421284,0.338859,-1.740028,-0.599711,0.612903,0.017724,1.554076,-1.366915,0.678381,-0.627033,1.323041,-0.075117,1.030646,-0.647529,-1.409499,-1.110383,-0.606699,-1.024814,1.200461,1.33891,0.273046,-1.034195,-0.118371,-0.685975,1.454074,0.315944,0.489437,-0.399683,-2.011322,-0.771134,-1.116632,0.370255,0.09654,-0.801627,-0.388609,1.566477,-0.959343,-0.917954,-0.228342,-0.699137,-0.428747,0.531449,1.732224,-1.779494,-0.018244,0.041439,-0.083932,-0.187111,-0.34037
1060,11,-0.303992,-0.953477,1.018097,-0.002737,0.269132,0.69958,-1.069528,0.872388,-2.15018,1.56785,-1.585237,-0.606383,-0.649413,0.803201,0.821422,0.418634,0.609122,0.531772,-0.031943,-1.945815,-2.357465,-2.353242,-0.007872,-0.195571,-0.103884,0.274965,-0.204736,-1.001187,-1.526268,-1.938641,1.30656,0.984786,-1.373601,-0.24805,0.497227,1.700304,-0.59156,0.218681,1.243596,-1.777388,-0.730035,-0.00606,-0.717855,2.240528,0.940186,0.238985,-0.969416,0.938553,0.69391,-0.505256,-0.421436,-1.495502,-0.049011,0.935971,1.076672,0.636993,0.892043,-0.584466,-0.460748,1.287892,0.500833,-0.800264,0.552546,0.896322,0.767484,0.141063,-0.510343,0.445033,1.79711,0.181336,-0.66953,0.381567,-1.25894,0.266226,-0.285419,1.025692,0.133982,1.121096,2.424722,-0.201187,-0.844635,0.504648,-0.066268,0.173019,-0.602823,0.603918,0.096861,-2.226232,-0.22213,0.371477,1.250827,-0.577544,-0.811713,1.219714,-0.611398,0.132292,0.514752,0.79033,0.031232,-1.134379,1.073901,-0.429215,-0.519596,2.10852,0.935632,-1.080213,-0.478947,-0.23384,-0.757405,-1.971352,0.854784,0.827409,0.27431,-0.396409,0.240914,0.683532,-1.062117,-0.324682,-0.56042,0.743036,0.291381,-1.328169,-0.620608,1.852656,-0.987901,0.175458,-0.634373,1.312218,-0.048169,-0.434937,-1.20095,-0.236545,0.876456,0.714606,-1.354748,1.633629,-0.238893,-1.075643,0.148244,-0.628732,-0.584236,-0.639724,-0.078894,-0.503803,-1.757105,0.554585,-0.526532,1.251496,0.567268,0.651044,0.200742,1.353488,-0.32669,-1.015673,0.368809,-2.802652,-0.370057,0.233393,-0.419315,1.311028,0.735828,0.127709,-0.403466,1.142543,-0.691659
1017,9,0.816787,-0.835014,-0.996934,-0.438178,-1.644875,-0.730494,-0.738227,0.883926,-0.4266,-0.790546,-1.340466,-1.176639,-0.066356,-0.215129,1.134252,-0.629131,1.059184,0.257126,-0.004636,-2.008304,-1.290058,0.741429,1.39782,0.206449,0.762527,-0.407722,-0.371351,-0.662963,0.974699,0.342797,-0.234169,-0.328391,0.556506,0.323116,-0.832042,1.715986,0.257029,0.010479,1.477286,1.024017,-0.087967,0.535985,-1.069978,-0.640843,-2.260331,1.220367,-1.898411,0.681275,-0.830677,-0.978971,-0.195031,0.266412,0.612106,1.771632,0.358614,0.881195,-0.598489,0.713721,0.153269,-0.463184,-0.095979,-0.062055,0.191119,0.401391,-0.50889,-0.740773,0.747472,-1.696551,-0.618207,1.552618,-2.707198,-0.693052,0.687719,-1.650321,2.598142,-2.588404,1.436559,1.557341,0.916352,-0.221586,0.357178,-0.89725,0.809325,-1.119865,-0.273874,0.996249,-1.114303,-0.364269,0.164265,-1.341788,1.164372,0.340774,-1.51559,-0.046969,-0.775335,-0.657558,0.076745,-0.709691,0.964512,-0.704659,0.98171,-0.043759,0.855769,-0.541335,-0.505284,-1.152465,0.577979,0.937795,2.119189,1.290528,0.249781,-0.210971,0.388704,-0.027738,1.463476,0.943944,-0.836761,-0.687631,1.367282,0.30808,-0.231759,1.186336,-0.387594,-0.279776,-0.461172,-1.961673,0.864257,-1.209084,-0.568693,-0.743872,0.726991,-0.068583,0.015417,-1.67946,-0.087437,-1.476333,0.307197,0.366723,-0.017397,2.043144,0.527729,0.595824,0.142311,-0.192758,0.965918,1.10145,-1.30116,1.05449,0.513823,0.9607,0.466179,-1.24427,-1.172916,1.824591,0.252424,-1.417255,0.348132,-0.362124,-1.843414,-2.290188,-1.602667,0.271793,-0.048072,-0.249159,0.284678
1287,48,0.947071,-0.050115,0.117415,1.173328,-0.193241,0.62296,4.578428,0.600526,6.567887,1.184662,0.171539,0.095603,-1.38468,-1.714117,2.07851,1.024301,-1.661401,1.735136,-1.257123,0.217958,1.14401,1.99217,1.770257,0.358678,-0.063617,-0.357571,-0.926442,-0.831432,5.751669,0.492092,0.001635,-1.00904,1.54199,-2.291688,0.269039,-0.150242,-0.558133,-2.29877,0.501338,0.484367,3.873866,1.086355,-0.411706,7.582008,-0.495455,-0.408547,4.782385,0.432443,-0.31545,1.512179,0.296082,-0.489118,-1.00585,6.046566,1.396002,1.735631,0.49329,0.235038,1.600678,0.627446,-0.380489,9.110201,-0.607082,2.773572,0.385833,-0.321427,0.830504,-0.487781,-0.977882,-0.031928,-0.407668,1.298213,1.287235,1.397472,0.614489,2.08855,1.420484,0.885527,1.315691,0.699552,1.28761,2.706519,-0.527084,8.776866,-0.177345,-0.583625,-0.191517,-0.011764,0.704387,0.420705,-1.354521,1.032702,1.600047,1.60435,1.045075,1.277113,0.18615,-0.164732,0.090973,-1.113605,-0.52434,-0.310413,0.317846,0.032532,1.142349,0.773891,-0.914563,5.47161,-1.770133,1.028859,0.883345,0.932732,-0.183982,3.917495,-0.428932,0.786101,0.705404,1.185379,-0.374464,0.769174,2.072957,-1.990453,-0.349735,0.020257,0.717028,2.094839,1.064037,-1.442696,0.464816,0.11437,-1.040884,5.263537,1.220144,-0.333813,-0.971792,0.214137,-0.53179,-0.410006,1.473311,6.981045,7.989402,-2.221961,-1.089022,3.98196,-0.542182,-0.81679,0.044698,0.942478,1.404532,-0.17139,3.823888,1.824033,-1.359804,0.759907,0.493845,0.747241,0.460294,0.077887,1.150338,-0.275181,0.347932,-1.746757,1.191323,0.141036,-1.819625
1024,12,2.339816,-1.207857,-0.474545,1.065698,-0.159261,-0.812122,-1.323174,0.536028,1.019892,1.399894,0.053789,1.044988,-1.032941,0.168021,-0.677387,0.173839,0.750714,1.069726,-0.989906,1.267487,-0.474386,-1.025733,-0.170604,-1.462553,0.004578,0.289704,-0.20037,0.536165,-0.314681,0.004051,-1.440664,0.042672,-0.851036,-0.449779,-0.093679,0.190978,-1.646666,-1.563426,-0.301975,0.474386,0.360241,0.89278,1.301076,0.496433,-0.019862,-1.031458,-0.946068,-0.46717,0.267487,0.220736,0.004244,-0.152723,0.630496,0.208332,0.297847,0.308437,-0.546293,-1.030838,0.491128,0.416727,-0.220026,-0.415741,2.278424,-0.759209,-0.217544,0.265509,-1.154231,0.117236,1.797749,0.933868,0.6322,0.592428,0.111964,0.958393,-0.155862,-0.422807,0.102043,0.905697,0.330426,0.674539,-2.024119,1.193057,2.340602,1.334904,-0.31762,-0.848443,0.277464,-0.986976,0.725672,-0.52541,0.960664,1.362136,-2.032252,0.292778,-0.698281,-1.40978,-0.617343,-0.218934,1.033687,-1.521407,1.050813,2.018063,0.597441,0.545941,-0.013423,-1.17504,0.534827,0.384027,0.731593,2.56884,0.727781,0.425712,1.561931,-1.345216,-1.142703,-0.375206,-0.654929,0.693933,-0.317441,1.739934,1.520447,0.770071,-0.385992,0.616951,0.811059,-1.066572,0.34878,0.706114,0.216464,1.57111,1.214163,-0.825582,0.124482,-0.835526,0.579556,-0.867148,0.923311,0.388145,0.970835,-0.145085,-1.456293,1.765835,-0.172569,1.37669,0.430182,0.673912,1.829749,0.340235,1.400231,-1.484326,0.8711,-0.241887,-0.134067,0.008716,0.346527,1.65716,-1.853713,0.04404,-0.716487,1.165814,-0.423092,0.45677,-0.397504,0.668059,1.014803
1166,20,-0.791169,-1.520218,-0.027722,-0.647033,-0.021038,-0.745443,-0.765985,-1.436127,0.276384,1.943109,-1.250599,1.153125,0.676796,-0.658224,-1.029479,0.535001,-0.361152,-0.291948,-0.465784,1.917885,-1.625789,0.434935,1.905276,0.164482,2.157393,0.0046,0.171792,0.791717,-0.720984,0.038095,0.586842,-0.663977,0.477329,1.108459,-1.163836,-0.111568,0.412275,-0.712001,1.03274,1.254954,-0.552131,0.264893,-0.616987,-0.104108,0.491457,-0.135304,0.195031,-0.42653,1.221782,0.961865,-0.599876,0.585526,2.681761,-0.437237,1.422372,2.720916,-0.17351,0.845022,-2.169116,1.424645,0.692325,0.884794,0.237119,1.017639,1.168974,0.760432,-0.231506,-0.11779,0.084702,-0.170459,-0.788781,-1.231637,-0.055353,-0.879302,-0.321654,-1.238825,-1.327296,-0.377245,-0.19164,2.2269,-0.038562,1.098823,0.545157,0.34906,-0.256013,0.692763,0.57524,-1.362116,0.718122,-0.160336,-1.557602,-0.734443,0.753705,0.987204,-0.07435,1.270007,0.841265,-1.511208,-1.05725,0.39284,-0.860705,-0.588345,0.340867,-0.250866,-0.658285,-1.373584,2.104797,-1.363868,-0.394224,1.137328,-0.064204,-0.921091,-1.115423,1.198685,0.81765,-1.938134,-1.362794,0.675945,1.669949,-0.517635,0.995948,-1.584188,-1.660214,-1.235769,0.534125,0.235175,0.75778,-1.75888,1.715969,-0.385396,2.722354,0.28949,-1.803069,-0.011862,-0.831819,1.592795,0.250051,1.295707,-0.786938,-0.755355,0.173939,0.100506,-0.922755,0.554547,1.212184,-0.335483,-0.484691,-0.479915,0.566892,-0.10703,0.465946,1.149646,-0.290444,-0.263841,-0.287897,1.523831,-0.103493,0.079367,-0.295727,0.923231,0.427236,-1.162306,0.97512,0.424636,1.236134
1092,49,-0.827836,-1.778196,0.286984,0.817575,-0.407307,-0.374751,-2.321557,0.902176,-1.094144,0.719306,-0.588706,-0.14164,-0.187306,-1.797082,2.749941,-1.562898,0.110078,-0.812324,-0.236312,1.376704,-1.862525,-0.142124,0.492578,0.120626,0.39691,-0.749991,-1.639726,-1.311232,-0.40916,0.742207,0.080641,1.603899,0.100699,0.19359,0.200302,-1.731341,0.576233,-1.110456,-0.379561,2.343643,-1.236076,0.118494,0.29196,0.129095,0.003699,-0.558169,1.992223,-2.006218,-1.026136,1.483833,0.548967,-0.765139,-0.898265,-0.249132,2.639752,0.493459,-1.031154,0.238253,-0.626237,1.498371,0.29395,1.260429,0.161255,2.038835,0.411861,0.280803,-1.019466,-0.421407,0.390127,-0.496462,2.487708,-0.011154,-0.76145,0.987682,-0.529495,0.407029,-0.093226,-0.720088,1.3884,0.091647,1.088098,-0.339088,-1.426862,-1.243383,-0.518374,-0.183658,0.055288,0.513202,-1.242749,0.229498,-1.218059,-0.683804,2.565301,1.273893,-0.362777,1.792483,1.419007,0.889239,1.467603,-0.247804,-0.124858,-0.859589,0.5835,-1.253782,-0.503504,0.45865,-0.504703,0.347035,1.824983,-0.984935,1.403633,-0.68298,-0.934188,0.225436,1.028512,-0.713719,-0.728722,-0.439462,-0.720107,0.188632,-0.712358,-0.254425,0.354125,-0.417394,1.154003,-0.676708,-0.771661,2.038035,1.505858,0.07131,0.830284,0.340406,-0.510251,0.675864,0.304422,1.281852,-1.842974,0.80697,0.166764,-0.687034,-0.428809,-0.404863,-1.322594,-0.573809,0.782641,-1.517267,-0.375942,-2.364976,-0.575455,0.391391,-0.050043,0.044133,-1.118197,0.569995,-0.903191,0.908712,0.211949,-0.383668,1.485994,-0.394867,1.024425,0.105072,0.000711,1.001262,0.438352
1267,25,0.805418,-0.144767,-0.33977,6.306843,-0.869622,0.096793,6.194551,-1.065435,5.605494,-0.397927,1.515719,-0.979571,-0.452284,-0.372365,0.381025,-1.766788,5.615937,-1.680145,-1.303,0.007604,0.011864,1.423187,1.691433,0.311328,-0.117375,1.20406,0.050275,0.84043,-0.469985,-2.217538,0.32329,2.157799,0.339167,7.574852,0.484261,0.298006,0.410638,-0.381393,0.952022,0.099589,-1.134026,-0.145291,1.329238,0.468538,0.792997,0.473162,-0.714705,2.104343,0.644127,10.002091,6.864947,-1.619955,6.918235,1.343486,1.424483,0.986133,0.950557,0.326141,-0.507868,0.387198,-0.033307,0.643649,0.78431,-0.640384,-0.527377,1.758427,-1.117667,0.340027,-0.938616,0.200297,0.628701,-0.920649,0.228366,0.302303,-0.923353,1.724092,-0.035832,1.815868,-1.442567,-1.521887,4.564283,0.941557,9.274302,0.271845,-0.806092,-0.051189,0.655335,0.937908,-0.144848,3.726332,0.096076,1.761726,1.050606,0.12404,3.788799,0.127006,6.59783,-0.565669,-3.919315,1.606791,-1.088721,0.090825,-0.144121,0.246515,-1.219639,-0.563585,-0.787242,1.326319,-0.801074,-1.467592,4.041769,0.772606,0.451389,-2.245868,-0.89286,-0.268005,-1.253823,0.414994,0.228926,1.69665,-0.780184,0.421439,2.5419,0.63747,8.116612,1.354761,1.661546,-0.099909,0.958733,1.976228,-0.158192,-0.362785,0.921298,0.569983,0.752692,0.171514,-0.24577,-0.132548,0.162713,-1.774533,0.63544,2.107773,4.931319,-1.133417,1.544513,0.798652,0.575047,4.115164,-1.164624,0.906919,1.124079,8.327398,0.888605,0.906995,0.253512,-0.687328,-0.371508,-1.054621,-2.080505,-2.12284,0.31321,0.680499,3.623847,-0.113533,1.82529
1298,33,-0.572849,-0.193982,0.701204,1.20595,0.490759,0.019995,0.540229,-1.012719,-0.170782,-0.504394,-0.472818,2.068569,0.733568,-0.007568,-1.94042,0.950798,0.098053,-0.608651,-0.587471,0.273308,-2.01072,-1.166391,0.537907,-0.60429,-0.694693,-0.960456,1.459629,-0.728362,0.136486,0.728888,-0.513041,-0.805936,2.184302,0.603345,0.860559,-0.57412,2.783967,0.687401,-1.016554,-1.622306,1.165082,-1.124746,1.300379,-1.781268,-0.557274,1.501243,-0.42186,0.675355,-0.075399,1.122553,0.085285,-0.01513,1.080158,-0.256612,0.445836,2.59581,-0.089061,1.228422,-0.527149,-0.819384,-0.167924,1.03007,1.202565,0.60833,-0.37352,0.577355,-0.03949,1.878363,0.711976,0.245345,0.024951,-0.405798,0.094747,1.932755,-1.344432,0.528655,0.62917,-1.232544,0.853627,0.736718,-1.504916,1.071425,-0.27015,-0.48637,-0.865938,0.074987,1.214162,-0.63443,1.412355,2.171074,1.210157,-0.800274,0.504186,-0.456868,-1.444999,0.264582,-2.04867,0.051417,-1.150845,-1.603685,-0.389716,-0.671305,1.249702,1.210941,2.159027,0.219346,-0.348831,0.027714,1.11806,-0.033465,1.298482,-0.294458,-0.516371,1.342894,0.773813,0.636561,-0.039499,-0.252719,0.236021,-0.973928,-0.265254,-0.964678,0.339375,-1.025774,-1.653358,-0.488855,-0.946984,-0.615255,-1.377649,2.649396,-0.082815,1.728961,0.468533,-0.082843,-1.176518,0.940285,0.447576,0.188153,0.044829,-0.992569,-1.089835,0.128407,0.533469,1.735519,-1.98216,0.473701,-0.069379,-0.814716,-0.270874,0.672564,-0.397931,-0.163099,-0.323905,-0.125883,2.723451,2.355603,1.191957,-1.732268,1.929723,-0.292883,0.342136,-0.498629,0.517521,-1.074109,1.13486
1053,19,-0.105375,-3.349525,-0.534787,-0.781105,-0.375377,-1.262225,-0.473417,-0.706223,2.681524,0.665685,-0.233513,-0.088128,-0.159126,0.148793,-0.446191,-0.057784,0.989245,0.793586,0.269706,1.295628,0.184846,-1.024514,-1.792749,-0.737811,-0.103143,0.359215,1.040249,-0.615967,-0.84801,0.733305,1.140633,-0.519212,0.29835,1.339423,0.281534,-0.095046,-2.124836,1.289403,0.60575,0.086049,-0.506441,-1.290042,-0.140045,-0.147186,1.060456,-1.255249,1.405326,-0.004963,1.15008,-1.012693,0.307498,1.183601,0.074918,-1.514005,-0.371063,0.49666,-1.442733,-1.488136,0.195747,-0.992834,0.64244,-1.218479,-1.880337,-0.81813,1.455929,-0.905163,-0.045406,0.207348,-0.991449,1.05415,0.138042,0.406954,-1.72472,-1.792573,-2.799607,-0.228978,-0.268516,0.685916,1.449637,-0.292297,-0.307345,0.413149,1.493503,-0.862656,0.589129,-0.284964,-0.372599,0.778758,-0.828941,-1.107193,0.62917,-0.062203,-0.300729,-0.17031,0.460685,-0.407069,0.729881,0.378218,1.447207,1.230967,0.82205,-0.238881,0.082598,-0.62916,2.818181,-0.257293,0.521065,1.325067,-1.398743,-0.861198,-0.429655,-1.029601,-1.303244,-0.551029,1.259518,0.691121,0.001638,-0.0047,-1.694775,0.664149,0.393799,-1.115073,0.174798,-0.224781,-0.550375,-1.021071,-0.707641,-0.974752,0.43003,0.334011,0.291236,-0.213588,-0.438895,2.012055,-1.893319,1.166143,0.323189,0.038695,-0.539448,-0.249165,-1.216438,-1.417823,-0.141744,-1.686239,0.809634,1.085272,-3.470255,-1.582454,0.242718,0.182702,0.082327,0.392976,0.717831,0.837449,1.761663,-0.001296,0.835841,-1.650595,-0.15888,-1.246813,1.366317,2.308278,0.515032,-1.326899,-0.138842
1235,1,2.005009,1.262843,-1.10053,0.853867,-0.282645,-1.871341,0.511989,-0.853538,-1.16176,-1.071978,-0.120746,-0.423845,-0.442562,-0.068972,0.591,-0.711384,-0.594824,0.066365,0.301043,0.587869,1.407759,-2.572282,1.071923,0.328893,1.052262,-0.972055,0.137335,1.42759,1.522466,1.212647,0.262459,-0.944421,-0.131056,-2.060616,-0.407494,-1.32494,-0.358033,-0.36449,0.473764,0.629059,0.385091,0.396454,0.256783,1.599429,-0.23488,-0.512463,-0.990797,0.07886,0.776217,1.769177,-0.281064,0.83841,-0.24235,0.835972,-1.222921,0.436576,0.626462,-1.866859,-0.245887,-1.015502,0.103612,0.377269,0.082587,0.643617,0.265526,0.606122,-0.251464,0.696235,-1.246009,0.706826,-0.65308,-0.287703,0.202271,0.279194,1.033046,-0.44729,0.300042,-1.139857,-1.408378,1.613212,-0.163979,0.714585,0.062525,-1.366706,0.890878,0.80872,0.877199,1.595351,-0.189396,0.127319,-0.662227,-0.395826,-0.750598,-0.83053,-0.542111,0.119716,-0.80792,-0.619386,-0.80113,-1.443709,-0.818283,-0.22486,0.361525,1.007541,0.795526,-0.186416,-0.435085,-0.293332,-0.107721,-1.210347,0.532138,-0.025046,-0.249673,-0.958475,1.260209,1.583075,-1.09928,1.753269,-0.318363,0.72055,-1.722083,0.085779,1.008451,-0.077631,1.056957,0.20641,1.065666,2.034037,-0.908396,0.140388,-0.96202,-1.977841,-1.021007,0.40492,0.847326,0.622065,0.230965,-0.176277,-0.814742,-0.020198,-0.315603,-2.23166,1.017374,-0.529389,-1.472888,0.526358,0.339166,1.800869,-0.577986,-0.93405,1.031494,-0.423599,1.104446,0.483378,-1.659874,-1.198392,-1.30224,1.271967,0.700475,0.536805,-1.350024,0.272041,-3.699414,0.025311,-0.120205
1128,16,-1.588165,2.263241,-0.426144,-0.12805,-0.240082,-0.779265,1.643289,-1.757405,0.523714,-0.524932,1.298705,0.881809,0.128517,-1.421731,0.819683,1.006458,0.694888,-0.240062,0.667276,-0.715068,0.288212,0.406604,-0.183856,-0.928858,-0.176876,-0.820985,-1.132856,1.07292,-0.110647,-0.467702,-0.469409,0.464324,-0.279624,-0.657401,0.303484,0.176819,-0.850759,-1.020085,1.315887,-0.238705,1.221121,0.62319,-0.035354,-0.201484,1.637894,-0.5988,-0.349754,-0.778178,-0.119433,-0.890243,0.147814,-1.203619,0.545432,0.364972,0.241106,-0.561113,1.294172,2.00765,-0.097816,-0.728486,0.663739,-0.177389,0.17149,0.666152,-1.308257,0.744009,-1.000818,-1.200574,-0.352628,1.466172,-0.594254,0.485785,-0.889599,0.643123,0.34199,1.164951,0.203367,0.033065,-1.816744,0.33735,0.805001,0.222339,0.205212,0.579833,0.882048,-0.858298,-0.046708,0.449022,0.276561,-0.918289,-1.929623,0.339543,0.733118,1.674435,0.439656,-0.833336,0.461055,-0.089841,-0.64606,-1.392733,-1.77336,-0.665994,-0.390649,0.082023,0.038516,0.245873,1.904097,-0.042545,1.372065,-0.747826,-0.694107,-0.497914,-1.752374,1.652447,0.268846,0.730474,1.723358,0.463888,1.626069,-2.311573,1.274402,0.316277,-0.527811,1.088592,0.046512,-0.673875,-1.902679,1.777424,-2.56533,0.087652,1.595542,0.663508,-0.602807,-0.248531,-0.59038,0.262643,-0.059426,-1.261441,-1.442242,1.144943,-1.250345,-1.111335,2.317365,-0.820807,-1.30147,-0.958122,0.766091,-0.737557,-0.135778,-2.293336,-0.613955,0.033043,0.045537,1.455518,0.498703,-2.879453,-1.626849,-0.894396,-0.305394,0.03812,0.611425,-1.694217,-2.236322,0.771501,-1.017707
1014,17,-0.015553,0.956271,-0.250051,0.072168,-0.170383,0.462836,0.826636,0.239705,-0.673816,-0.779954,1.659171,-0.280038,-0.291102,1.465007,1.087861,0.533838,-0.399397,2.353198,0.392974,0.546985,-0.171106,-1.414307,-1.334762,0.406978,0.391829,-0.239998,-1.171684,-1.441658,-0.327851,-1.456128,0.898915,1.152665,2.829034,0.878317,-0.59285,-0.871665,-3.451728,-0.594889,-0.176974,0.967807,0.6116,0.58835,0.213628,0.66091,1.4476,-1.064877,-0.4573,-1.388532,1.61866,1.296869,0.752284,-1.198551,0.172945,-0.234639,0.080827,-0.188118,0.519953,-0.39484,0.854571,0.241395,-0.293076,-0.111853,-0.440587,0.813884,-0.271464,0.29489,-0.392405,-1.485102,0.906104,-1.058127,0.679161,0.420153,-1.656033,-0.944682,-0.514101,-0.820718,-1.182071,0.740096,-0.239505,0.385691,-0.430508,0.305329,-0.751151,-0.026517,0.581846,0.045073,-0.45711,-1.086666,0.167633,0.344946,-0.258359,-0.76932,0.542583,2.48173,-0.302462,0.336739,0.377393,-2.566465,0.123862,-0.706519,1.384688,-0.253986,-0.777536,-0.218499,0.166561,-0.559906,-0.052663,-1.35416,-0.225253,0.775673,1.969172,0.706515,0.271934,1.183766,1.019109,1.663843,1.082656,-0.117864,0.258448,0.179161,0.302139,0.200321,-0.782429,-2.103636,-0.671679,-2.026034,0.067959,0.004536,-1.675575,0.688168,0.866858,0.095852,1.667666,1.871666,-1.205994,1.036705,0.440848,0.41832,0.934448,-0.719168,-0.592372,-0.826672,-0.754902,-0.098512,-1.451824,-1.045727,0.577528,-0.070963,0.382955,-1.88926,-0.783853,-0.555423,0.032535,-0.586284,0.933215,-0.058276,0.017014,0.013538,0.707985,-0.471621,1.122394,0.460059,0.154037,0.041736,0.520304
1179,40,-1.175588,1.122176,0.378402,-0.120475,1.116417,-0.711467,-1.686446,0.500399,0.089429,-0.338477,-0.680871,0.459153,0.875979,-0.913287,-1.394726,0.677711,-1.079766,1.264901,1.413798,-0.572604,2.308615,-0.257645,-0.084372,-0.101801,0.446488,0.834945,0.351282,-0.690711,-0.316711,-1.537771,-1.012002,0.174202,0.005673,-0.561217,0.227835,-0.740251,-0.035944,0.058582,0.988031,1.018203,-1.000893,-0.387724,-1.750664,1.985485,-2.116549,-0.077287,-1.554358,0.041039,0.205945,0.597085,-0.625644,0.691573,-0.701615,-0.951909,-0.809816,-0.781968,1.657964,0.87426,0.615511,-2.02015,-0.104731,0.622125,-1.769363,0.954851,-1.092957,-0.03148,0.23404,-0.128367,-0.034441,0.452811,1.148476,1.508243,1.349129,0.127358,-2.008671,-1.119033,-0.489434,0.622439,1.170453,-0.38882,-0.676129,0.086105,0.194885,0.68199,0.757506,-0.217028,-2.477701,-0.425422,-2.971103,-0.175535,2.677339,1.224292,0.35777,2.21864,-1.048752,0.402404,0.532041,-0.690773,-0.573382,0.69352,0.252428,-0.569915,-0.126048,0.667529,-0.203659,-0.73278,0.389864,-0.125369,0.130201,-1.17242,-0.049715,-0.367667,-1.445079,1.538655,0.146275,0.250387,0.870656,1.395974,1.025294,-0.673838,0.230496,-0.588789,-0.221751,0.394503,1.198372,-1.057864,0.780313,0.39306,-1.018391,2.916155,-0.098057,1.212545,-0.040079,0.386658,0.90525,0.070234,0.028701,1.271591,1.126427,2.490074,0.325818,-1.755935,-1.415735,0.550104,-0.983179,-1.416589,1.173103,-1.607648,-1.616396,0.19139,1.220961,0.832733,-1.130726,0.782911,-0.997698,0.322412,-3.062944,-1.259874,0.379013,-0.145145,0.412494,-3.890493,1.406219,0.884423,2.113515
1142,9,-2.010617,0.23428,0.317699,-0.73348,-1.116232,-1.435711,0.007087,0.013376,-0.233125,2.0117,-0.042696,0.138997,-1.614933,0.28706,0.913234,-0.916322,2.084283,-0.587104,0.124031,-0.394945,-0.413317,-2.909877,0.841017,-2.225454,1.226787,-1.137823,-0.553625,2.498542,-0.998353,-0.246542,-1.281166,-0.213064,0.387294,1.550305,-2.65512,-0.098553,0.574827,0.875234,-0.801078,0.059936,1.854229,0.349532,2.103669,-1.235267,-0.737264,0.011842,-1.051953,0.629579,-1.147162,0.31939,-1.532827,-0.877503,0.233973,0.579263,-0.988433,-1.538171,0.538607,-1.029062,0.379807,1.286048,0.630654,-1.547736,1.227079,1.105505,-0.614597,-0.445077,1.418046,0.304732,0.415808,1.08513,0.530398,2.824071,1.388016,0.149949,0.11854,-0.300328,1.221754,-1.198735,0.8946,-0.592567,-1.854373,0.99191,0.437463,0.291982,-0.308189,-0.016508,-0.632057,1.355615,1.386968,-0.036393,0.023139,0.302036,0.925105,0.243847,-0.443452,-0.21837,0.300284,-0.126966,-0.371858,1.259685,0.443702,0.942742,-0.867547,0.864491,0.051301,-0.229814,-0.659475,-0.614909,-0.446162,0.145283,-0.055573,2.047407,0.512619,0.275378,-0.060561,-0.770125,-0.783406,0.389549,-1.498262,1.662916,1.608535,-1.456386,1.251098,1.143735,1.170886,0.716166,1.687711,-0.774872,-0.424275,0.647899,0.089338,-1.401215,0.861118,1.069268,-0.176964,0.420776,0.99966,-2.080334,-0.521652,-0.837833,-0.108872,-1.207232,-1.240336,0.256846,1.873773,-1.203357,1.653078,1.002871,1.04853,1.363327,-0.383249,1.1717,-1.475655,-0.760088,0.3737,0.817131,-1.3406,-1.868539,0.455758,0.336437,0.741395,-0.03319,-1.270303,1.178664,0.823218
1241,20,0.070171,-1.279188,-1.696835,-0.405283,0.366452,0.926835,-0.529086,-1.509033,-1.146632,-0.574969,0.611324,-1.770766,-0.629798,-0.772697,-0.108935,-0.347976,-1.004221,0.817613,1.179579,0.881095,0.488058,0.772071,0.465811,0.125293,-1.663124,0.169178,0.492764,-0.531625,0.889288,0.029893,-1.116854,1.035406,-0.848015,0.389029,-1.088063,-1.244042,0.477683,-0.644799,-0.435196,-0.357346,0.25805,1.557508,-0.319946,0.212471,-0.316618,1.662381,0.197941,-0.80166,-0.539017,1.637364,0.122908,1.94835,-0.874915,0.768523,-0.204299,0.057508,0.227494,0.889214,-0.132172,0.449283,-0.591944,-0.450349,0.596651,0.857216,0.126199,1.759695,-0.731211,-1.237312,1.122801,0.480608,-0.590877,1.578972,-0.081588,2.522842,-1.574494,-0.61793,0.791862,1.36753,1.646876,-0.404418,0.110588,0.579738,0.97061,-0.331566,-0.016739,-1.517691,1.175129,-0.819699,0.648981,0.358476,0.435591,-0.198926,0.778136,0.731694,-0.867543,0.027808,0.305467,-0.852415,0.410187,1.206877,1.33168,-0.190752,-2.943111,0.852922,0.859401,0.023655,0.211528,-0.445494,-0.762482,0.838513,1.388907,0.289155,-0.87566,-1.473183,0.763753,0.754007,1.388067,-0.186978,-0.448737,-0.502937,1.131444,1.953011,-0.739743,-0.327819,-0.198645,0.815273,-0.638137,1.01944,0.634112,0.343432,1.063877,-0.781499,-0.645603,1.581125,0.028826,-0.567893,-0.175614,-0.887004,0.961226,-0.648937,0.98044,0.909236,0.028156,2.051952,0.203149,0.546341,1.016228,-0.577986,-1.070915,0.488318,-0.659874,-1.078378,-0.858208,0.981406,2.01206,0.166445,0.066749,0.48401,0.909925,0.173607,-0.382308,0.902909,-0.331704,-0.611821,-0.636321
1252,1,0.820642,0.193355,-1.008589,1.070317,1.262278,0.112897,-0.385797,0.598046,0.279125,-0.834989,-1.275605,0.751739,-0.774181,-0.932787,0.087114,0.021335,-0.980622,-0.663473,0.015803,-3.009479,-0.700588,-1.347222,0.680135,-0.315044,0.472898,0.497951,-1.009863,1.019916,-0.152605,0.105038,-1.738042,-0.331955,0.466017,-0.527918,1.036849,-0.971008,-0.863476,-1.182906,-1.243635,-2.60325,-1.174737,1.580239,0.438256,-0.482693,1.353865,-0.627837,-0.795952,-0.862354,0.910135,0.436397,-0.344409,-0.337181,-0.541216,0.444153,0.625191,0.634197,0.605279,0.417473,-0.67242,-1.096908,-0.908227,-0.724946,1.999281,0.329325,1.023306,-0.55174,0.880865,0.032479,1.07729,-1.455073,1.448645,0.360223,-0.754296,0.402911,-0.957682,0.832856,1.055874,-0.451787,-0.450219,0.102156,-0.119636,1.146597,-0.727741,-0.491957,-0.317109,1.150204,1.327404,1.395703,-1.464092,2.082683,-2.798965,0.134702,0.036399,0.076277,2.33927,1.199328,1.169125,-0.705288,2.28565,-0.985105,0.705163,1.552262,0.763664,0.411916,0.770452,-0.932446,0.783995,0.052515,1.04596,-0.172854,1.005343,-0.963535,1.017289,1.22456,-1.031735,-0.740874,-1.24484,-0.166181,-2.037757,-0.166216,-0.725905,0.291682,-0.102736,2.148609,0.644634,0.254784,0.497485,1.012752,0.338427,-0.506434,1.080461,0.71781,-2.122684,-0.759461,0.308667,1.564834,1.087278,0.189197,0.29368,0.784379,8.9e-05,1.036072,-0.910696,0.685111,-1.038442,-0.536913,0.037747,1.188249,-2.394772,1.117485,-0.885718,0.057489,1.754797,-0.613641,-2.368599,1.621243,-0.135054,-0.182409,0.622631,-1.0539,-1.020824,-1.445569,-0.032098,-0.75067,-0.128938
1290,18,-0.265898,-0.971728,0.325238,-0.250752,-2.804061,5.8425,-1.394393,-1.039331,-2.900172,1.362914,0.141635,-0.820423,0.566947,0.093818,-0.316569,-0.852574,-0.195312,0.348203,0.872436,-0.352599,0.035832,0.612149,10.271986,7.463861,-0.424619,0.269399,0.005177,1.25164,-0.845748,4.086287,0.281695,-0.135536,0.318215,-0.502976,-1.276742,1.769436,1.263709,-0.087458,1.621546,5.957715,-0.758363,5.566585,0.051829,-0.472793,-0.255328,0.319904,0.663085,0.333451,-0.141792,-1.230762,-0.589283,0.622683,-0.104668,-0.238842,0.957893,0.071912,6.545914,-0.439739,-1.458236,6.001994,0.364341,-0.628269,0.107926,0.783253,7.368328,6.890184,-1.121973,0.479744,1.171235,0.260712,-1.562074,-1.307934,2.327296,0.430061,-0.955098,-1.18838,-1.77952,-0.566122,-0.735202,-0.839342,1.664234,1.882769,-0.387022,-2.253243,-1.512748,0.441974,1.383217,-1.192376,-0.446054,4.081633,0.99635,0.316841,-0.185879,1.070493,0.800518,0.314619,-1.111867,-1.713559,2.127901,-1.916913,0.35716,3.631029,-0.775101,-0.129496,1.603545,0.425795,-0.500899,1.513522,5.722043,0.93465,1.092075,-0.041294,0.195097,0.696619,1.838503,1.115418,-0.523857,-0.350489,-0.693477,-1.271563,-0.631101,-0.980561,-1.036219,0.531415,0.303997,0.32411,0.541109,0.634966,0.129672,0.586314,-1.501347,0.020174,-0.240854,0.982345,-0.023182,-1.121807,8.28228,-0.405429,0.691467,0.694754,0.668367,0.885719,-0.814831,4.434102,-0.191001,-1.896527,1.099354,0.28997,2.564186,-0.964259,-1.628883,1.454952,5.478197,-0.918347,-0.872984,1.326349,0.278739,-0.279727,0.374956,0.072318,-1.193674,11.983772,1.00218,0.158814,-1.855668
1108,4,2.111981,1.185967,0.256484,-1.320719,-1.235785,0.692559,-0.157258,0.30218,-1.583083,-1.512075,0.108746,-0.214738,-1.33987,-0.806967,0.778544,-0.441462,0.568886,1.646579,0.331083,0.122275,-0.601863,1.211624,-1.451658,-1.105236,-0.024566,-1.480368,0.974416,-0.631623,0.522988,-0.316128,-0.258864,0.007087,-1.970318,-1.095561,-0.480188,2.214383,0.807297,0.716822,-1.045062,0.885834,1.238573,0.745515,2.617904,-1.35503,-1.083439,-0.270773,-0.983018,0.044324,0.513078,-0.020616,0.093356,0.397527,0.766886,-0.668201,-0.677572,1.184572,-0.348102,-0.841417,0.274983,-0.36101,0.110013,-0.073286,0.622587,0.905196,-0.839249,-1.225024,1.586318,-0.69546,-1.561933,-1.907679,-0.047159,-0.655332,-1.84265,-0.959188,-1.071085,0.983984,0.222528,-0.024882,-1.284129,-0.194569,0.648508,0.144799,1.041771,0.063206,0.677517,0.442052,-0.582034,1.321921,0.346626,0.809054,-1.079793,-1.101132,-0.195359,-0.820739,0.603945,0.393504,1.210296,0.57308,-1.145076,0.932421,-0.665525,-0.749195,0.046385,-0.024551,1.021184,2.810559,0.407746,1.438422,-0.226931,0.321007,-0.532815,-0.438399,1.326837,0.437068,0.429889,-0.81591,1.692037,-0.193077,-0.66551,-0.034773,0.657576,0.732808,1.453099,-1.074529,-0.444749,1.543037,2.255327,-0.642007,-0.11053,-1.55709,-0.836293,-0.896289,-0.116877,-1.202812,0.91515,-0.070863,-0.266233,0.906312,-0.279626,-1.251085,0.014299,2.153174,0.086823,0.509536,-0.209166,-0.231673,0.49091,-2.651637,-1.250019,-0.606296,-0.281053,1.437375,2.434974,0.616522,0.384677,0.668051,1.490573,-0.993877,-0.503418,0.142289,0.284495,-1.906705,0.416002,-1.597955,0.750807
1115,13,0.108869,0.559488,-1.399531,-0.118238,0.525584,-2.753641,0.294361,1.655334,-1.272007,1.25509,-0.306625,0.570998,-0.174684,-1.133148,-1.68948,2.309782,-1.323958,-0.282372,1.374682,0.279394,0.153713,-1.982388,-0.620113,-1.315919,-1.767814,0.338594,0.795795,-0.767989,-0.650545,0.405234,0.844624,-1.046899,1.128675,0.901025,-0.010566,-1.100796,0.539571,0.660238,1.704927,-0.601795,1.53521,-0.359453,0.501665,-0.124284,0.067918,1.422875,-0.682735,0.797709,-0.276447,-0.049209,-0.714971,0.182049,-1.967221,-0.267167,0.97811,0.811326,-1.603679,-1.111765,-0.417464,1.824444,-0.431124,-0.020772,-0.252397,0.286867,-0.904664,0.243079,0.456426,1.013405,-0.875599,0.876299,1.879356,0.766755,0.664381,-2.409902,1.307745,1.876486,1.192967,0.490919,0.810216,2.949854,-0.707209,-0.403546,1.07911,0.246588,-2.135506,0.214778,0.336912,-0.926366,0.369229,0.237317,-1.783045,0.503665,2.119189,1.720673,-1.124239,-1.311724,0.053767,0.272461,-1.329104,-0.738499,1.339832,0.23553,1.021828,-0.037154,1.010871,-0.530707,-0.518921,-0.946644,-1.906865,-0.399453,-1.350453,-0.47199,0.134037,0.163365,0.381213,-0.399587,-0.06619,1.137467,-0.162487,0.017535,-2.440264,-1.105801,1.075992,-0.870501,-1.080856,0.948586,-1.230958,0.970815,-0.112772,-0.637491,-2.051751,1.303059,-1.822333,-1.240603,0.765824,-1.252251,0.486902,-0.055241,-0.28909,-1.071908,-0.676998,0.253951,-0.996727,0.608194,0.217967,0.518762,0.209809,0.539648,0.358137,0.801344,0.354788,0.300168,-0.933367,-1.738208,0.029565,0.932992,-0.946424,-1.602337,-0.565918,0.336398,0.828523,-0.342297,-1.193402,-0.083143,0.654375
1320,6,-0.200758,1.069004,-0.354202,-1.328338,-0.86588,-0.235773,-1.044668,-1.417087,2.62947,0.464905,0.060566,-1.283096,-2.119807,-0.079658,-1.219294,-0.90385,1.367402,-1.852408,1.530915,1.776031,-0.180594,-0.087173,0.589125,0.628797,-0.441731,-1.121068,0.233408,-0.084388,-1.783129,-0.507058,0.608503,0.560018,-0.158566,0.11198,-0.132343,0.271568,0.630028,-1.791515,0.992974,-0.806633,-0.325709,1.04382,-0.492641,-2.870013,0.869548,-1.396329,0.06004,-0.358839,0.314824,-1.009996,0.773881,0.587759,-0.485569,0.359318,0.100118,1.242981,0.790651,0.928336,-0.632657,-1.314145,0.34454,-0.131991,-1.159689,0.774853,0.313663,-0.062345,0.181772,0.678457,0.786052,-0.814275,-0.870139,-0.13692,-2.247672,1.187121,-1.281253,-0.385193,0.010981,0.584945,-0.075,-0.763085,-0.0388,2.777884,1.331239,-0.958329,0.170007,-0.203368,-0.115336,-0.301149,2.299231,-0.50389,-0.236855,0.63859,1.03311,-0.410332,1.550363,0.506288,-0.747893,-1.469062,0.272885,0.867332,-1.422338,0.423106,0.305251,-0.135026,0.445379,-0.60451,-2.220093,1.925523,0.374451,-0.119536,-0.139063,-0.510508,0.748841,-0.537816,0.174767,1.92646,-0.557931,-0.615436,0.479745,-0.92022,-0.112265,-2.033018,2.154409,0.006394,0.376513,-0.065741,1.196193,2.106204,-0.51754,-0.122335,0.423889,-1.724754,-0.966499,0.328432,-0.150425,1.123887,-0.135888,-0.5673,-0.226928,1.436697,-1.454177,-0.600039,0.646516,-1.175938,-3.079124,-0.746751,0.847955,1.05595,1.676251,1.90365,-0.760631,-1.035461,1.973162,0.393207,1.006873,-0.814913,0.513273,0.797223,0.416354,0.425518,1.747524,1.722362,0.815666,-0.696293,-1.586128
1222,7,-0.984939,-1.087708,-0.47559,1.224807,-2.469088,0.613002,0.637058,-0.481503,0.520696,1.372261,-0.775041,0.218447,-0.544924,-0.329428,-0.105372,-0.106532,-0.696965,-0.561691,1.122818,1.503838,0.311274,0.83541,-0.373477,-0.502137,0.181058,1.10854,0.201332,-1.367464,0.910533,2.138068,0.34982,-1.695282,0.195957,1.941199,-0.285517,0.377323,-0.301037,0.429164,-2.162852,-0.796173,-0.407631,0.451164,0.088887,-0.876693,-0.36144,-1.250938,-0.933823,-0.59701,0.26661,1.662804,-0.361456,-0.580132,0.021147,-2.356611,0.636746,0.929073,-0.967102,-0.600241,1.717017,0.017297,-0.528306,-0.729144,1.616846,-0.149521,-0.824482,0.334372,1.767537,-1.055859,-1.85666,1.55796,-0.001505,1.121697,0.816257,-1.29616,-1.612539,1.215292,-0.62592,0.329274,-1.122239,0.752915,-0.83532,-1.0599,1.062418,0.655882,-0.177019,1.054371,-1.344945,1.003707,1.423388,0.643586,-0.295708,-0.916835,0.096365,-1.127791,0.169356,-0.329808,-0.211213,0.221956,-0.988723,-0.01723,0.075347,-1.599038,1.487331,-0.268474,-0.210301,0.941585,0.738598,-1.985224,1.866024,1.60316,-0.516201,0.521407,0.50867,-1.016288,0.178076,0.2873,1.534874,-2.249869,-0.378767,-1.065818,1.343513,-1.022913,-1.052436,-0.899113,0.093075,0.242505,0.357255,-0.40795,-0.137871,-0.859833,-0.767934,-0.709039,-1.144193,2.016726,-0.037771,-0.024074,-0.412268,-0.296939,1.593272,1.765343,-0.494321,-0.130049,1.866235,-1.164215,0.046536,0.699773,-0.657022,0.945051,-1.460344,0.698156,1.497688,-1.174399,0.503625,1.586099,-0.466885,0.031511,-0.113473,-1.409673,-0.057364,1.710503,-0.127971,1.318945,-3.023364,-0.187507,-2.423783
1247,19,2.160441,1.883949,-0.204872,0.791055,-0.654858,0.583372,0.43463,-0.219788,1.181131,-0.40144,0.423766,0.979342,-0.226852,-0.632178,-0.014454,-0.68492,1.46577,0.509358,0.88963,-0.241391,-0.895901,0.540122,-0.640797,0.256947,-0.825462,-1.065109,0.803922,-0.155943,-0.322731,1.047063,-2.136031,1.074884,-0.000694,-1.316072,-1.327533,-0.653465,0.31714,-1.528281,0.77953,-0.100154,0.195761,-0.562274,-0.308855,0.60412,0.604295,-0.961691,-0.896022,-0.512008,1.661358,-0.509898,1.271849,-0.041779,1.745607,0.890018,0.379299,-0.007717,0.899145,1.310618,-0.462845,0.438532,-1.286667,-1.105039,-0.495001,1.457753,0.408668,-0.312005,1.858912,-0.90687,-0.521743,-0.299614,-0.20586,0.081176,-0.369839,0.621883,-0.089685,-0.029454,-0.642636,-0.616647,0.58818,-0.177478,0.049696,-0.48399,-1.657754,-0.427443,-2.654427,0.106519,0.987326,-1.013781,-1.360593,-0.952188,0.208997,-0.15402,-0.142596,-1.825655,0.102759,-0.305324,0.043448,0.537458,0.716622,0.024786,-1.124959,0.608558,0.428644,0.078852,1.070052,-1.182768,0.007332,0.777735,-0.606936,0.082172,-0.127456,0.375791,-0.826367,1.810509,-1.393172,0.067123,-0.663057,0.959519,-1.477607,-1.13483,0.357334,-1.265133,-0.780604,-0.573017,0.292522,0.516781,-1.852997,0.079464,1.596339,1.278318,0.506948,-1.336712,0.908585,-0.736554,0.172492,0.44401,-0.148326,0.818978,0.113263,-0.269742,-0.620433,-0.339274,-0.735528,-1.144378,0.987768,1.408826,0.085825,-1.224234,-0.577838,-0.085652,-1.058112,-0.120807,0.293278,-1.289808,-1.63035,0.722462,0.307217,0.735057,-0.528061,-0.465056,1.787196,0.756174,1.07326,0.927677,-0.686198
1240,37,0.069609,0.900252,0.062577,0.267883,-0.471977,-0.907799,1.206503,0.523411,0.097872,-0.609041,2.169104,-0.40333,-2.002091,0.43584,-2.301114,1.233048,-0.632979,-0.047159,-0.012628,-0.324714,-1.382212,0.45677,0.224341,-0.854494,0.68593,0.592032,-0.982047,-0.029169,-1.653765,-2.67217,0.807813,-0.044925,1.16389,0.160273,0.281949,0.359174,0.544794,0.602555,-1.119868,0.403064,-2.100962,0.255958,2.10949,2.019628,1.488786,-0.662977,0.622523,-0.89151,0.968026,-0.195257,-0.611358,0.361261,1.043572,-1.472109,-0.27138,0.216943,0.250749,-0.797317,-0.077065,-0.693577,0.896916,0.352106,1.55752,-0.680268,-0.754351,0.234051,1.159731,0.256754,-0.273942,-1.675508,-0.366663,0.255823,1.106203,-1.395707,0.530265,0.356106,2.154169,1.162079,-1.525488,-0.54456,-0.207232,-0.668875,-0.503042,-1.382113,-0.447295,-0.861363,-0.28069,-0.510322,0.167689,0.0432,-0.000547,-0.21174,-1.339109,-0.216316,1.229642,-0.040536,0.032882,0.460718,0.034212,-0.611898,-0.305042,-0.958405,-1.03421,-0.031049,-0.501764,-1.099826,0.154085,0.572102,-0.173017,-0.57605,1.813334,0.117779,-0.530325,0.924501,1.480427,-1.285323,-1.124336,-0.301145,0.61882,-1.17035,1.251087,0.223901,1.690026,0.100851,0.480986,0.83714,-0.424728,-1.153491,-0.309133,-1.568899,-1.308479,-0.103217,0.369115,0.865921,1.33857,-0.70692,-1.408057,1.407223,0.115971,0.091781,-1.442311,-1.102903,0.693114,-0.710415,1.208597,-1.019654,1.306632,-1.300588,-1.540721,-0.303001,-0.688432,-0.774497,0.525777,0.743467,-1.22287,0.817918,1.363346,1.236333,-0.14062,-0.45448,-0.041648,0.309116,-0.866119,-1.504401,0.183526
1251,2,0.726278,-0.08118,-1.882495,0.345268,-1.964417,0.569289,0.907548,-0.852845,1.390223,0.666709,-0.106712,0.042709,-0.276051,1.267006,0.009944,1.153504,0.922843,-0.606721,0.368276,-0.085388,1.751144,-0.503924,-0.153674,-0.007768,-1.436098,-0.443852,0.105449,-1.850463,0.941876,-1.115972,1.714247,0.78792,-0.006273,0.216799,-1.679555,-1.725211,1.413681,0.426418,-0.536714,-0.333566,1.241063,0.809449,-0.472152,-0.858155,0.640113,0.010986,0.273569,-0.069471,-0.333271,1.694229,0.748584,-0.459521,0.765902,0.523169,-1.944828,-0.229387,0.424191,0.837768,-0.135437,0.67993,-1.284114,1.103651,1.717259,-0.620648,-0.095141,2.315788,-0.553243,-0.34337,1.071502,-2.120703,-2.43166,-1.306553,2.47732,-1.708044,-0.650426,0.346085,-1.700648,-0.927452,-0.243776,1.424232,-0.665441,1.212153,-0.521026,0.33113,0.75601,-1.121874,0.446532,0.796387,1.626769,0.177306,1.33164,0.969102,-0.338331,0.737644,-0.049516,1.57679,-1.269149,1.304184,-0.246005,0.659551,0.576698,-1.731983,-0.811829,-0.632478,1.689363,-0.770643,0.696177,1.268368,0.490567,-1.633996,-0.99051,0.216963,-0.094205,-0.762212,0.526189,-0.02358,0.378903,1.483459,-0.519786,0.166205,-1.477949,-0.469647,0.342475,2.452877,0.027752,0.46217,-0.667578,-0.425699,-0.12715,0.044242,-0.324617,1.090947,-0.055656,-0.729666,1.879502,-1.450578,0.937892,0.463811,-0.080458,-0.401198,-0.685275,-1.392327,0.813765,1.817172,-1.34157,-0.919881,-0.124351,0.044291,0.807165,-0.697317,-1.74773,0.033427,-0.557361,-0.04734,-1.180437,0.013249,1.177301,-0.029809,0.985318,-1.391526,0.981447,-0.575692,0.193572,-1.56619,0.811815
1250,15,-1.242226,0.150527,-0.350918,-0.437419,0.887532,-0.205773,1.876495,-0.198641,-0.184769,-0.690326,1.450684,0.204082,1.113303,-0.719652,0.011938,0.721725,-1.661433,0.404439,0.57554,-1.166944,0.546294,-0.809585,-0.503006,-0.489548,0.913561,-0.7064,-0.369911,0.285354,-0.604378,0.819861,-0.678228,-0.273913,0.032892,0.209651,0.216225,1.640811,-0.839929,0.941429,2.451614,0.508811,0.215738,-0.123473,0.196196,0.719664,0.683006,-0.663449,0.937274,0.046268,-1.357408,-1.793082,0.701351,-0.0813,0.592095,-1.336836,1.177158,-0.411978,-1.539466,-0.884134,1.069628,1.662601,0.192972,-0.524951,1.463859,1.266275,-2.42609,0.095083,0.562921,-0.127598,1.948012,-0.559151,0.900246,-0.23022,0.18673,0.461741,0.875518,-0.789779,1.235819,0.544152,1.718061,-1.335158,-0.655344,0.498574,-0.121249,-2.005654,-1.442862,-2.019031,-0.157645,0.352474,-3.336427,0.049407,0.867968,-0.637191,-0.627982,1.108187,-2.345378,0.327344,0.858599,0.028511,0.719873,1.437348,-0.279361,0.660251,0.21859,0.15166,0.943087,1.979526,-0.614824,1.199196,-1.227725,0.788806,1.228334,-0.624255,-1.906987,0.177412,-0.803866,1.217508,1.706789,0.89929,0.684653,-0.899159,-0.457096,0.458961,-0.951098,1.069615,-1.061631,0.286563,-0.21256,0.373814,-2.130635,0.234201,-0.711403,-1.305219,-0.447888,-1.133307,0.64212,-2.239175,0.63535,1.521227,-0.303591,-0.149977,-0.277443,0.390142,0.138176,-0.904929,0.485854,0.007561,-0.902687,0.267119,0.409308,-0.482673,1.269659,-1.001498,-1.355081,2.070462,-2.129195,-2.342479,0.412816,-0.336846,-0.097311,-1.684897,-1.386668,-1.565759,-0.667404,-0.747972,0.720947
1095,37,-0.346566,-0.231567,-0.423684,2.721664,-0.050631,-0.011986,-0.733175,-0.473219,0.61171,-0.608147,-0.805058,-0.549464,-0.351902,0.174347,-0.484534,-0.1908,-0.749569,1.237973,0.091105,-0.313596,0.291103,-0.045012,-1.566919,-0.179657,1.652301,0.505288,1.177568,-0.670262,-1.486169,-0.69751,1.351655,-0.999251,-0.793929,1.105364,-0.250451,-0.198481,0.380749,0.086991,-0.303224,0.253125,-0.714562,-0.042722,0.65573,-1.06087,-0.213345,-1.143632,0.74585,0.615169,0.942661,1.032446,1.024129,0.717066,-0.777809,0.935482,-0.912514,2.332393,0.28869,0.59314,-1.233421,1.072224,1.173408,-1.569862,-0.557445,-0.468994,-0.64896,1.381843,2.164809,-1.06601,1.048628,-0.262891,1.370059,-2.450187,-0.435079,1.215717,-0.761753,1.189637,-0.512946,1.137474,0.582706,-0.422103,-0.765206,-0.171369,1.157655,-0.00924,-0.667137,3.320412,-1.580805,-0.229665,0.538839,-1.048862,-0.015048,-0.424549,-1.485264,0.452343,-1.142884,-0.757715,1.230415,-1.12368,0.600366,1.179686,0.990187,0.464949,-0.239499,-1.409085,0.139329,0.439569,-0.516267,-0.993533,0.862631,-1.062757,0.434783,-0.489392,-1.695336,1.607184,0.60236,0.533449,-1.4269,-0.139295,0.268239,-0.759638,1.638461,-2.037587,0.689156,-1.909493,-1.587112,-1.302717,0.550053,-0.738495,-0.697788,-0.935687,-1.510008,-0.92995,-1.019808,-0.356175,-0.417172,-2.443449,-0.690394,1.170068,-0.521011,-0.124386,-0.776673,-0.744569,-0.134371,-1.414667,-0.233126,-1.735943,0.263931,-1.649799,0.578382,0.936594,-1.704455,0.594725,-0.491628,1.079058,-0.619149,-0.371979,-0.382277,1.167195,-2.030536,0.672487,-0.002125,-0.585383,-0.335111,0.836976,0.7274
1152,1,-0.631686,1.458092,1.192578,0.765941,-0.483813,0.108399,-0.853001,-1.013363,0.084058,0.304676,0.535508,0.095928,1.966769,-0.945663,1.262547,-0.391312,0.900264,-0.885787,2.119185,1.385774,-1.539963,1.262922,0.182978,0.880685,0.008499,-0.119422,-1.319469,-0.439081,-0.009039,-1.597943,-0.934736,0.024573,0.44784,-0.420176,1.368192,-0.477247,0.617858,1.287098,-0.734463,1.138198,-0.106865,-0.792085,1.579947,1.612089,-0.267284,1.067096,0.988293,0.014311,2.156176,-0.074034,-0.596963,0.06885,-0.063166,-0.377723,-0.228709,-1.248451,0.634684,-1.268981,1.112338,0.720794,-0.330143,-0.3254,-0.585476,0.054012,1.746959,0.368766,-0.360733,1.749781,-0.333585,-0.288593,2.129713,0.703512,1.215345,0.65762,0.576505,0.71848,0.797108,2.195186,-1.072275,-2.243056,-0.213059,-1.37661,0.209771,-1.095411,0.093066,1.125089,-0.437873,-0.659503,0.822334,-0.672651,-0.021646,-0.081993,-1.188711,0.969722,-1.000386,0.929056,0.42121,-0.98166,-0.285116,0.887465,-0.222124,2.190148,-0.907731,1.211659,-1.551139,-0.197106,1.021298,-1.802283,0.313207,-1.022473,-1.240237,-0.665781,-0.487977,-0.43595,-0.538264,-0.794361,-2.496716,1.350547,2.093529,0.483385,-0.235777,-0.921235,0.309076,0.312452,-0.839953,-0.135583,0.762752,0.323235,-0.01382,0.158555,-0.673196,-0.01903,0.107849,-0.686849,-0.080567,0.922608,1.049345,-2.099727,-1.364688,1.008724,0.44933,0.463669,-1.326507,0.102623,0.601919,0.45284,-0.672758,-0.526701,0.336906,0.212977,1.300103,-2.177034,-0.54625,1.240607,-1.085744,0.137346,1.433578,-0.954407,0.35637,1.906789,-1.211511,-1.906049,1.062758,-0.443444,-0.018532
1226,21,0.916101,0.01093,0.549944,-1.988827,0.498918,-0.582136,0.096574,-1.547211,-0.761877,-0.879885,-1.03412,0.111539,-0.246806,-0.130257,1.119804,0.468361,0.363517,0.636253,0.185782,1.080825,0.514994,-0.357093,-0.244465,0.64692,-0.739808,0.020452,-0.012693,-0.218486,-0.114206,0.448911,1.0363,1.791802,0.461117,0.701957,0.940894,-1.532158,-1.215719,0.767865,0.415416,-0.472311,0.737728,-0.658177,-1.121833,0.359431,0.384905,0.691158,2.732813,-0.424505,0.846513,-0.541089,-0.09319,0.006865,1.552661,-0.206394,-1.636688,-2.770885,1.280163,0.131693,1.11857,-0.296195,-1.132662,-0.785829,1.126296,-0.812829,0.545723,1.113212,-1.696273,1.401056,0.303179,0.271849,0.064125,0.971126,-0.393184,0.920754,0.219925,0.531496,-0.461814,1.277302,0.701883,-0.597143,0.092039,-0.233507,0.447567,0.826529,-1.724261,0.503779,1.062628,0.492685,-0.050787,0.786996,-0.87761,-0.508662,-0.631097,-1.048771,0.335291,0.296291,0.414367,0.875252,-0.380458,0.056804,-1.149961,-0.958884,-1.380852,0.947794,0.33507,-1.001483,-0.412999,-1.086815,-1.964798,0.959556,0.35019,1.52592,-0.088009,-0.097203,-0.590078,-0.706174,-0.484129,-0.78739,-0.352219,0.244455,-0.541419,1.753311,-0.323473,1.120724,1.718196,-0.436546,1.266064,0.556546,-0.989904,-0.343121,-2.814634,-0.689184,0.332389,-0.650424,-0.057629,-0.30847,-0.396745,-0.134687,-0.404649,-0.33525,0.620963,2.122531,-0.609246,0.012951,-0.328315,-0.541273,0.371634,0.136694,1.364511,1.114236,-0.525747,-1.441313,0.303892,0.860531,0.641879,0.121363,-0.042227,-0.034906,-0.224369,0.174774,0.506284,-0.324503,-1.256096,0.355505,-0.657203
1061,45,0.78176,0.62514,2.112505,-0.214611,-1.934579,0.690311,1.307792,-0.162009,1.618589,1.847543,-0.680041,-0.489062,-1.286137,0.567996,0.749388,0.631797,-1.267272,-0.781771,-1.471727,-1.658444,-1.384531,-1.627053,-0.183099,0.441849,0.649667,-0.0167,-0.688981,-0.006864,0.591433,-0.302134,0.057704,-0.312813,-0.53793,0.037539,-1.14866,1.086229,-1.608878,0.476981,-1.402404,1.55801,0.896839,-0.835232,-0.462302,-1.161414,-0.059339,0.424239,2.632648,-1.406671,1.278199,-0.599339,0.284034,0.905123,0.559579,0.43532,-0.202661,-0.008539,0.15729,1.233805,-1.510659,-0.505958,-1.282777,-0.991761,-0.821068,1.129606,2.205973,1.393932,-1.218833,0.077156,-1.167788,0.457958,1.307235,0.604174,0.895312,-0.151625,-2.024999,-2.038072,-0.101557,0.59052,1.305858,-0.358235,0.076434,0.262574,1.092374,-0.072137,-1.125412,1.11194,0.422242,0.392612,-1.307118,-0.007977,-1.766593,-2.062214,-0.244032,-0.447545,0.582848,1.480574,-0.035752,1.836334,-0.604395,0.783154,-1.302275,0.129492,-0.325235,-0.215039,0.60432,-1.93669,0.118466,-0.834508,0.119844,0.403091,-0.381466,-0.382777,-1.183891,0.563238,-0.690967,0.455398,-1.463906,1.403579,-1.048786,1.186976,-0.46035,0.559513,-0.147747,0.696606,0.004336,1.302587,0.688919,0.698782,1.712632,-0.715916,1.334902,0.073038,-1.517496,0.490191,-0.209579,1.730871,-0.504417,0.050292,0.240221,-1.954774,0.520983,-1.019887,1.443597,1.708433,-0.008805,-1.626075,0.18615,0.18053,0.738762,-0.304002,-1.220967,-0.145913,-0.949641,1.817133,-0.72547,-0.668963,-0.048127,-1.272074,-0.457124,-0.13882,-0.501247,-0.257846,1.272679,0.444523,-1.371624
1310,38,-0.009938,-0.465842,0.887202,-0.908053,-0.731706,-0.868183,0.277506,0.085873,-1.203723,-0.603004,0.128002,0.146681,0.827662,-0.013022,0.210654,-0.401465,-0.140033,1.402486,0.493379,0.70436,-0.51923,-1.69651,-0.829958,-0.24058,1.08904,0.248844,-0.318498,0.156701,0.437944,0.403523,1.005898,0.352655,-0.755517,-1.327648,-0.908346,0.931871,1.522432,-0.511626,1.749259,0.328821,0.051739,0.239085,0.536124,-0.481967,0.099239,-0.071196,-2.452996,-0.265688,1.511593,0.765014,-0.510411,0.174853,0.647205,-0.411195,0.656344,-0.18931,-1.210423,-0.086056,-1.903446,-0.348722,-1.216764,1.074614,-1.735825,0.1458,0.75521,0.611564,-1.217573,-1.520656,0.971018,-0.349532,-0.438811,0.221439,-0.279746,-0.1644,-0.47198,-0.305656,-2.389177,-0.608057,0.296939,-0.757365,-0.415716,0.841366,-0.791846,0.728512,0.835419,0.787129,0.636921,-0.884787,-1.072132,0.941493,0.166279,2.073979,1.203091,0.615567,0.229575,-0.07138,0.185948,-0.242133,-0.021269,0.584598,0.429429,0.300523,-1.329186,-1.347534,-0.853937,-1.833358,-1.093927,-0.666935,-1.411418,-0.547947,-0.651665,-1.54707,-0.100633,-1.218007,0.052812,-1.310795,-0.610044,0.636422,-0.960778,0.557643,1.648169,0.968032,-1.272958,1.191108,1.634409,0.339723,1.646518,1.580553,-1.559468,0.589095,0.50027,-0.228219,-0.260649,0.628747,2.589977,-0.135144,1.124931,-0.709255,0.680795,0.850335,-1.169976,-1.12778,1.060734,0.686641,0.872515,1.743837,-0.041242,1.294332,0.272097,-0.505304,-0.219603,0.75253,-0.559743,-0.254825,1.819238,-0.166412,0.771811,1.027633,-0.081699,0.001772,-0.559021,-0.957016,0.844592,1.078893,-0.423744
1007,3,-0.490484,-0.821352,-1.640711,-0.926204,0.536441,0.045647,-1.015434,-0.372767,0.031473,0.503679,-0.593394,-0.25044,-1.818435,-1.151386,1.617716,-2.188141,-0.337803,0.219198,-0.374349,-0.808158,-0.061079,-0.004965,-0.082117,-1.877712,-0.147404,-0.855113,-0.547736,0.226975,0.640729,0.896777,-0.496413,0.924003,1.173728,1.136638,1.389768,-0.145683,-0.174132,0.825051,-1.366524,0.209429,-0.530559,-0.368789,-1.741514,-0.890544,-0.020494,0.888453,0.990027,-0.080326,-0.189288,-0.830679,0.402356,-0.247578,0.605885,1.751687,-0.032375,-1.497354,-0.86085,-1.458147,-1.19711,1.305271,0.22666,-1.520174,0.653632,1.260375,-0.359875,-0.675991,-0.337378,0.284607,0.63997,1.182217,1.212478,1.185404,1.361921,0.661388,-1.530907,-0.130964,0.313921,-0.383126,0.911261,-0.360214,-0.925747,1.444299,0.666004,0.219254,0.926709,1.062534,0.341036,-2.457661,-0.675589,-0.456579,-0.984201,0.198677,1.192202,-0.484906,-1.134833,2.028035,-0.451438,-1.232965,0.237677,0.425683,-0.70505,0.790454,-0.487319,-0.922951,0.178591,0.770769,-0.633851,0.330626,-0.093492,2.824434,-0.70856,1.384172,-0.052346,-0.126762,0.721665,0.893991,1.267016,0.328652,-0.600396,-0.537646,0.509653,0.5809,1.398051,0.41843,1.060168,1.516771,0.164801,-1.485559,-1.179277,-1.437803,1.59159,-0.847409,1.231842,0.585732,1.715269,1.003094,-0.10237,-0.20003,0.085168,0.175261,-0.530744,-0.032628,1.60932,-1.702138,0.258488,-0.906953,0.187037,0.839856,-0.05761,0.772987,-1.589839,1.106989,-0.603129,0.622408,0.182448,-2.585562,-0.756064,0.220508,1.553976,0.287268,0.257696,-1.412684,1.431147,1.807077,0.028575
1103,12,-0.542832,-0.884284,0.161278,-0.751682,0.097793,0.74312,0.597179,1.370476,0.404672,-1.023077,-0.844772,0.473041,1.775423,-0.37109,-0.902736,1.287607,-0.153222,0.623086,0.986647,-0.966747,-0.373901,-0.561566,0.465186,0.582325,-0.505031,0.491627,-1.724645,0.294342,0.288468,-0.034475,-1.407027,-0.131848,-1.049763,1.332878,-0.310327,-0.233053,-0.142839,0.471439,0.035094,0.467677,-0.912886,1.000956,-0.500904,0.675762,0.185128,0.971763,-0.10696,-1.424636,-1.120221,-0.251635,1.264812,-0.432927,0.013786,1.141105,-0.567688,0.250358,0.227242,-0.601832,0.178541,0.946326,0.947356,-0.353204,2.698937,0.290591,-0.297432,-0.716071,-0.962669,0.730391,-2.746739,-0.181605,-1.32869,-0.198258,-0.0701,-1.266218,-0.964806,1.153296,-0.556904,-0.044183,-0.334251,0.74108,1.10728,0.82351,0.480749,0.489649,-1.152796,1.190417,-0.563367,-0.872472,-0.391493,-0.784348,0.348586,0.640181,1.16404,-0.127369,-0.597362,-0.300267,-1.138643,-0.729407,1.836995,-0.76176,-0.469394,0.552442,0.201623,0.681165,-0.852879,-1.040346,1.199623,-0.674725,-0.130263,0.161448,-1.773206,-0.218763,-0.649089,0.453201,-0.330725,-2.150331,0.700908,-2.437836,-0.424441,-0.689946,-0.613276,-0.05095,0.8543,-0.857784,-0.613783,0.658122,0.436858,0.633712,0.273706,-0.268055,-0.498349,-0.484398,0.812216,1.365488,1.822501,-1.015643,-0.261788,-0.034236,-0.193218,-1.098091,2.011867,1.381869,-0.192184,-0.46487,-0.04545,-1.174945,-0.356422,0.690096,1.520983,0.800504,1.184183,-1.030596,-3.087132,1.261276,0.136907,-0.114156,1.53908,-0.944259,-0.937897,-0.737566,1.489722,0.857065,-1.719692,1.528817,-0.022949
1306,20,0.167977,-0.660443,0.655986,-0.508746,1.810462,-0.09907,0.130078,0.038642,-1.579436,-1.393008,1.059807,0.516534,0.68618,-1.47364,0.387587,-0.558961,0.949235,-0.149218,-0.327603,-0.289959,0.568085,0.825574,-1.573089,-0.44102,-1.043966,-0.959884,0.591944,-0.341541,-2.687645,0.142408,0.570725,2.731024,-0.091146,0.062866,2.892315,0.841593,-0.278559,0.993902,-0.052095,-0.288015,-1.126366,2.087899,0.695946,-0.174352,-1.266399,-0.591366,-3.236151,1.85794,-1.023182,0.232509,0.54609,0.857992,-0.047286,-0.561383,1.278017,1.77081,-0.9043,0.560218,0.620788,-0.481755,0.571522,0.503473,-0.779015,0.037582,-0.130328,-0.257236,0.613758,0.790614,1.768849,-2.041944,-0.923964,-0.32605,0.29289,1.060481,-1.940014,0.143933,-2.008232,1.438287,0.195762,-0.459574,-0.894153,-0.572855,-0.004894,-0.028406,-0.872798,-0.330151,1.219891,1.137706,-0.476406,-0.961273,-0.703649,1.682687,1.553595,-0.919637,-0.057814,1.011971,-0.017032,-0.066722,-1.635636,0.226844,1.082926,-0.255028,-1.083106,0.542724,0.833679,-0.611329,-1.56728,0.244423,-1.118867,0.872,0.531479,-0.255441,0.196299,-1.20288,-0.412765,-1.674965,1.15208,-1.10703,-0.859124,-1.348766,-0.010645,1.329012,0.380234,-0.124983,0.269772,1.777342,-0.739099,-0.361279,-0.264313,0.612763,-0.425823,-0.10134,0.253075,0.894888,1.236741,-0.721754,-0.623139,-0.536712,0.406324,-0.098952,0.512949,0.784119,-1.346047,0.53753,-0.412427,0.404574,-0.072835,-0.33516,0.543083,1.079868,-0.476407,0.420886,1.198159,-0.532264,0.795102,0.681308,-1.293954,-1.132467,-0.562735,-0.554644,1.375632,-1.086131,1.31716,-0.96874,-1.433795
1328,45,-0.398117,-1.353497,-0.180134,0.488836,-1.863168,0.99144,0.218318,-1.106022,1.79865,0.348959,0.723119,-0.385072,0.243463,-1.009995,-2.152337,1.110257,0.571893,-0.951605,-0.510995,-0.059811,1.518915,0.418297,0.868142,-1.918601,-1.286603,0.455765,1.050443,0.610876,0.494604,1.463888,0.120071,-3.182958,-0.420926,-0.771112,-0.875974,1.664836,-0.173862,-1.800221,-1.236891,0.112508,-0.808159,0.520367,0.566267,-0.242017,-0.191814,-1.573711,-1.760819,-0.138066,0.24528,-0.020584,-1.516767,-1.120907,-0.420792,-0.358705,0.653591,-1.145773,-0.342036,-1.864162,-1.032768,-0.131573,0.283963,0.089011,1.760855,-1.366067,1.052589,0.697819,-2.189421,-0.419173,-1.277803,-1.262606,0.822509,0.548129,0.452758,-0.310332,1.405657,0.249198,-1.118455,-1.490259,-0.263213,2.135883,-0.035995,-0.642618,-0.710984,-0.457895,0.042123,0.453141,0.653971,-0.195431,1.968424,-0.438437,-1.621717,0.78468,0.405744,0.711973,-0.10416,0.621909,-0.765804,-0.271776,-0.502505,1.990858,0.480423,-0.031726,1.018463,0.008671,-1.543924,-0.01396,-1.985711,-1.620779,-0.637626,2.366423,0.975197,1.113427,-1.563659,0.363529,-0.570154,-1.480907,-1.063342,0.442964,-1.41039,1.592123,0.321633,0.41015,-0.613738,0.766861,0.227161,1.174647,0.60949,1.131627,-0.327245,1.656746,0.265508,0.23863,1.485649,-1.173557,-0.90325,-0.273133,0.493518,-1.003242,0.920546,-0.493356,0.521717,0.879719,-0.654634,-0.167357,-2.312946,-0.594139,0.168652,-0.556324,-0.863809,-1.370001,0.497744,0.510365,-0.693709,-0.033649,-1.716745,-0.353267,1.007069,-0.036477,-1.652132,-0.177081,1.198929,-0.591135,-2.632781,0.247479,-1.323154
1032,8,1.22429,-1.379307,-0.505263,-0.319079,-1.181712,-1.117904,0.088669,-0.208056,-1.651849,-0.538125,0.518905,-1.20625,-0.923602,1.587674,1.317216,-1.621032,-1.350972,0.377253,-1.1915,-0.252785,-0.451284,0.560156,-2.528731,-2.202505,-1.226192,1.013878,-0.154332,-1.70822,0.492989,0.70768,-0.245863,-0.330552,0.437637,1.209467,0.152436,0.533097,-0.04823,-0.381285,-0.915928,0.256304,-0.300196,-0.243636,0.929717,0.488001,0.870099,-1.57565,0.558381,-0.589867,-0.808244,-0.85215,1.211396,0.827864,-0.7169,-1.137573,0.01373,-0.459572,1.659562,-1.461281,-1.829854,-0.255755,0.010737,0.132618,0.753423,2.073336,-0.342343,-0.544369,-1.759238,0.243406,0.853408,-0.260437,1.180615,0.03029,1.514853,0.333134,-1.057161,-0.63682,-1.533746,-1.737063,0.266915,0.869598,1.954262,-0.055174,-0.236859,-1.109037,0.987313,0.389177,-0.595131,0.688531,0.561349,-1.869952,0.742694,0.136109,-0.391476,-0.41708,1.748402,1.535963,1.825942,-1.148666,-0.654495,0.905485,-1.208468,-0.720203,-1.804257,1.853092,1.062685,0.458513,0.219221,-0.417131,-0.397878,0.615686,-0.711778,1.227395,-0.492579,-0.873484,1.298012,-0.143979,0.554875,-0.414938,-2.250103,0.547203,-1.346683,1.08223,-1.550818,-1.864868,0.307639,0.42527,0.106687,-1.213579,0.888532,-1.464688,-0.464263,-0.788128,-0.377676,0.85278,-0.634077,0.564391,0.694146,-1.71104,-1.166581,-0.383352,-0.592122,0.307672,-1.931661,0.720591,0.744574,-0.16824,-1.383059,0.005584,-0.537491,0.56664,-0.085421,0.728227,-0.433322,1.442615,-2.304761,-1.016175,0.490812,-1.510916,0.735932,-1.21672,0.093198,-0.914756,-0.441205,0.174624,-0.104734
1071,40,1.118961,0.463925,0.310065,0.30929,-1.076496,1.032461,-1.089254,1.870495,0.1849,-1.885315,0.827998,1.932318,-0.295288,1.025715,-0.252554,-0.668269,-2.622186,1.196092,-0.485338,0.339986,-1.173721,-0.948612,1.07783,-0.425995,-0.440699,-1.300089,0.170826,0.740015,-0.499571,-0.226298,-1.25987,1.365109,-0.657117,-0.193592,1.648251,-0.26434,-1.591462,-0.964711,-0.39616,1.74968,0.188174,-0.26106,0.795884,1.273039,-0.795233,1.404359,0.828067,0.417494,-2.407612,0.164548,1.367967,-0.306681,2.289347,0.04314,-1.052269,0.566223,0.265974,0.808363,-0.25256,1.281793,-0.587467,0.10462,-1.282712,-0.832381,0.177645,-0.688083,-0.479533,-0.234405,0.229021,0.746578,0.748711,1.00687,0.181788,-0.574349,-1.624205,-0.37499,-0.827348,-1.85654,1.639807,-1.880605,0.335982,0.537871,-0.259799,2.590731,-0.001845,-0.797212,1.757455,-0.831561,-1.474185,-1.039456,-0.672021,0.023672,0.319046,-1.562222,0.331827,2.238451,-0.745765,-0.155889,0.682221,1.198363,-0.699113,-0.997584,-1.044827,1.089037,0.890248,-2.217065,-2.191669,-1.277134,-1.543804,0.392792,0.200504,1.965266,0.783459,0.101564,1.175309,-0.927488,-1.440415,0.011258,0.930822,-1.665616,0.886066,0.850203,-0.530514,0.149757,-0.300047,0.06041,0.797794,-0.837699,1.033934,0.861771,0.899386,-2.022468,-1.912947,0.680839,-0.617545,-0.723599,-0.798635,-1.385447,-0.313525,-0.756211,-0.68836,0.463967,-1.223442,1.120079,-2.280991,2.525272,-1.404753,0.569945,0.905139,-0.026669,0.733976,-0.132755,-1.81418,0.327832,1.140932,-0.583822,-1.749579,-0.635649,0.307881,0.284341,1.101684,0.544757,0.493197,-2.060488,2.245299
1273,24,0.295332,6.412695,-0.227351,-1.126093,-1.062415,2.627601,0.23901,3.893261,1.754612,1.191036,-3.136111,6.006031,0.705072,-0.722985,-0.577182,0.621253,-0.431801,-0.379251,-1.240426,-0.328293,-0.388911,-0.032648,8.338853,-0.414475,-1.995098,2.486667,0.712583,-0.890314,-0.484366,0.76931,2.257679,-1.958695,1.416809,2.337831,2.935212,-1.901852,-1.377435,0.955225,-2.047665,2.07314,0.280123,4.590387,-2.297174,5.239379,0.92323,0.372941,0.387753,0.197504,0.400158,0.826895,1.945471,-0.814681,-0.233242,0.851739,-0.571597,-1.792811,0.047235,0.177951,1.138846,1.328376,1.14358,1.441527,1.186233,-0.207549,-1.145848,0.569192,2.150426,8.501717,1.471274,0.917344,0.441436,-1.21198,0.13991,1.199405,-0.139189,-0.08282,-1.037664,-1.440664,-0.772418,-1.464459,1.008195,1.485399,-1.445807,0.72796,0.307702,-0.561646,0.016138,1.730563,-0.174485,0.53639,-0.621463,-0.150256,-2.402017,-0.191182,0.496233,-1.850268,-0.271464,-2.188706,0.598226,-0.348773,3.096881,-1.858791,0.108578,0.127461,-1.356279,6.084457,1.634682,7.5169,4.954765,0.443797,2.091351,-0.365348,-1.101648,-0.067453,-1.120958,-0.171309,-1.321395,-1.263107,1.731922,0.392538,-0.705815,-0.624893,1.560067,-0.572459,0.893689,0.388589,0.931252,0.494636,-0.884775,-1.09039,-0.013636,-0.313384,0.902956,-0.463484,-1.694784,4.654319,1.883112,-1.560222,-0.244209,0.758703,1.607982,0.247062,1.553375,-0.42392,0.332704,-0.351272,-1.756732,0.226089,-2.211226,1.780113,2.195259,1.182206,6.057019,4.304598,0.453141,7.992575,-0.317718,-0.469354,0.203553,1.380272,-0.515284,1.539978,0.10929,-0.569354,-0.22735
1031,43,0.113328,0.560826,-1.299761,-0.542386,0.022242,-0.217805,-0.686968,0.823697,0.860101,0.692582,-0.195725,1.998801,1.752702,-0.389973,-0.108425,1.199935,-0.788097,0.409721,0.057141,-0.692479,-0.220975,-1.561236,-0.53282,-1.985322,2.289923,1.515352,1.238035,0.311138,1.007411,1.280758,1.024205,0.926302,-0.904549,0.435933,-0.527574,-1.173895,-1.135046,0.433812,1.058771,-1.362352,1.750679,1.474123,-0.375957,-0.458751,-0.069004,0.985055,-0.379573,-1.103172,0.346354,-2.062757,0.1429,1.160801,0.307034,0.781516,0.494673,0.728636,0.145701,-0.829128,-0.224343,-0.073262,1.258861,1.626143,0.420612,-0.752753,-0.729682,-0.187504,1.388797,0.334574,-0.055333,-0.765012,0.882379,0.289372,-0.050778,0.103424,1.686516,-0.160378,1.688459,1.242285,0.052341,0.883874,-0.123779,-0.828376,-0.267902,-0.907236,0.511449,0.014728,0.56783,0.826685,-3.120245,0.311499,-1.801677,0.166631,-0.877389,0.104238,1.365453,-1.707799,0.190657,-0.078426,-1.892218,0.647981,0.034222,-0.508738,-0.72178,3.212552,-0.393868,-1.800323,-0.930898,-0.366614,-0.384397,-0.078853,-1.046983,0.541541,-0.483775,-1.360725,-0.815586,-0.384667,0.848624,0.484524,-0.338016,0.019697,0.215149,2.038725,-0.617624,0.467069,0.726368,-0.953054,0.189223,0.163433,-0.469803,0.567582,1.028493,1.130228,-0.191814,0.189877,2.350661,-1.103638,0.22187,0.889974,0.150121,0.655971,0.172684,0.753656,1.282563,-0.221409,0.197507,-0.055223,-0.403628,-0.019633,-1.131646,0.744518,1.70245,1.704511,1.275854,-0.964125,1.519771,-0.715411,-0.05306,1.846171,-1.071909,0.841301,0.28127,-0.152093,-0.876041,0.422504,-0.463792
1261,48,-0.36634,0.890609,1.67609,-0.535012,3.186586,0.214709,-1.574565,0.943191,-0.321739,6.233442,-1.012946,0.735691,-1.604503,0.956467,1.484051,4.434695,-1.198608,1.391116,-0.359904,-0.606291,2.317022,-0.93587,5.560698,-0.115518,0.064061,-1.176069,1.903787,-1.653338,-0.684842,0.217505,6.222093,-0.823326,-1.058935,-0.237839,-0.948316,0.125587,-1.236475,-0.478566,1.055664,0.294037,1.12673,1.180459,0.82656,-0.010941,0.000239,-0.974822,2.198395,1.753775,-2.053461,1.482742,-0.827838,4.170616,-0.387324,-0.69729,5.995584,-1.288803,2.03663,0.757077,1.588764,0.160095,-0.412209,0.145256,-3.090465,-1.606712,-1.794474,3.613696,2.04706,0.373318,0.808953,1.073647,0.090981,-0.383386,0.93912,-0.648317,-0.705117,-0.35643,0.675405,-0.828683,0.696431,0.452071,0.757065,-0.666105,2.289326,0.10908,4.805262,1.686003,1.343775,3.574295,0.07091,-0.188958,0.146335,0.928035,-0.395321,1.278336,-0.508328,0.547838,5.24075,-0.143177,0.76584,0.579602,-0.726877,-0.734644,0.104026,1.51625,1.88975,-0.859151,0.285426,1.289786,0.202438,1.374754,-0.326549,-0.68476,-0.339367,1.920462,0.123022,-2.788758,-1.14518,-0.119334,-0.426914,1.741025,4.324122,2.338037,7.452914,1.722887,-1.674025,-0.274723,-0.33839,3.739655,1.139127,0.327573,0.678328,0.896296,5.56191,-1.292745,-0.247898,-0.127878,-0.485223,-0.465011,-0.240424,0.188627,0.419148,1.081693,8.875435,-0.26771,-0.17761,0.004621,-0.000398,0.324463,0.976414,-0.631705,0.791418,-1.516268,0.597685,1.011091,-0.917922,1.043975,0.226262,0.141447,0.152099,0.571129,-1.115724,0.126474,-1.223138,-0.609379,0.503455
1281,49,1.062746,-1.400357,-1.273065,0.518077,6.566513,-0.652076,1.433078,1.125379,1.020482,-1.576669,-0.284519,2.225082,-1.370173,0.366581,0.648018,0.892031,-0.340102,-1.571,-0.378942,10.088229,0.938322,-0.414087,0.663667,10.24229,-0.637545,-0.67281,-0.045175,0.28449,1.956992,0.483683,3.004896,1.435761,-0.448015,-0.893427,0.09783,-1.012303,-2.281332,0.421911,-1.000836,-0.882608,0.18261,1.291902,0.160947,-0.254165,-1.354849,-0.431115,0.108719,1.038438,1.058961,0.953859,-0.251924,4.710283,-0.880061,0.410831,-1.179499,-0.174262,0.748396,0.4106,0.106443,-1.00741,6.645407,0.478291,0.729303,-0.204232,2.121509,7.312183,-1.345328,0.17362,0.036827,-0.184938,-0.80323,1.532125,-1.257052,0.604469,-0.375849,0.151058,0.11446,-0.698746,0.854601,0.118179,0.171506,0.036753,5.049738,2.60018,-0.320498,-0.479851,2.388858,-1.020679,0.730078,2.357882,0.478243,0.480355,6.20184,-1.481433,0.871874,1.225895,0.166859,-0.778444,0.653676,1.438669,3.243241,-0.68494,0.328518,-0.689004,-1.617115,0.640956,-0.713762,-1.704176,0.381089,-0.004056,0.203108,0.829135,-0.335096,0.283308,0.508938,0.843462,-0.822283,-0.672098,8.045861,1.895582,0.325424,0.282362,-1.640863,9.157386,0.358579,-0.601905,6.480088,-0.402083,5.091532,0.089405,0.651254,1.981639,0.196221,-0.77045,0.395539,-0.582454,-0.942897,2.357781,-0.491663,-2.100868,0.155553,-0.658447,1.040298,-1.234434,-0.259394,3.295164,-0.116069,-0.377092,0.81177,0.299986,0.430501,-0.750891,-0.163627,-0.783688,4.488377,-0.936046,4.375666,-0.245244,-1.675548,0.259428,7.257436,-0.146092,1.503689,3.173474,-1.954574
1189,11,1.275228,0.480964,0.204472,-0.070772,-1.169308,-1.091239,-0.744422,0.999874,-1.858933,-1.009044,0.485993,-0.049367,-0.43436,-0.944579,-1.707074,-0.734899,-1.132444,-0.485656,-0.936075,-1.51473,1.367663,-2.079885,0.801383,-0.42782,-0.587765,-1.237498,-0.965799,-0.458472,-2.104132,0.998637,0.133737,-0.055381,-0.079775,1.076987,-0.04956,0.734179,-0.689693,1.714735,-0.699635,-1.099001,-0.706549,0.886804,1.555004,0.336197,2.109458,-1.065487,-0.780711,-0.517875,1.285057,-0.97756,-0.040577,-1.220603,0.156329,-0.901891,2.991669,0.755052,-0.559455,0.80854,-0.09697,-0.668302,0.477402,-1.531677,1.463055,1.220354,-1.165904,-0.180487,-1.954424,0.518221,0.269385,0.19194,-0.580824,-0.09857,-0.731778,-0.274115,-0.727009,-0.698563,-0.737794,-2.626498,-0.857176,0.834313,1.410791,-0.628364,0.005294,1.251993,-1.67916,0.340793,-1.772082,0.351775,-0.273574,-0.166274,-0.29265,1.903331,-2.740155,-1.499031,0.174102,0.198794,-0.802479,0.298931,-0.057918,0.054868,1.112805,-0.937303,0.165316,0.885554,-0.609054,1.210909,-0.923847,-1.741293,-1.167572,0.033068,0.980946,-0.445193,-0.115407,-0.092264,0.574644,-1.068397,-0.190485,-1.003235,0.401732,0.792053,-2.373852,0.154186,-0.263004,0.673056,-0.816349,-0.03814,-1.307455,0.737575,2.26876,0.195208,1.513726,1.522429,-0.321636,0.034456,0.112767,1.012069,-0.741029,0.69861,-0.9201,0.612436,-0.079803,-1.794442,-0.455676,0.442699,-0.21838,0.198025,2.235771,-1.368649,-0.791188,-0.834913,-0.042879,-0.53973,-0.275779,-0.895823,-0.825315,1.896211,2.515611,-0.218257,0.041836,-1.753312,-0.459519,0.714851,0.375813,-0.263641,1.811897
1145,45,-0.560486,1.620465,-1.139254,0.240374,0.385545,0.894471,0.002575,-0.652554,0.114448,-1.500145,-2.53238,-1.564667,1.604784,0.857302,1.885777,0.508981,-1.484007,-1.001528,0.324416,-0.840345,-0.958468,-1.094929,-0.768137,-1.931286,0.435737,-0.72626,1.288603,1.686818,-0.063892,1.067204,1.121892,0.217539,-0.174806,1.304854,0.676323,-0.177944,-0.503044,0.009499,0.955471,0.703502,-0.592925,-0.147341,0.173598,-0.409323,-0.081806,-0.982027,-0.81062,0.297312,0.247441,-0.301054,2.196834,-0.16385,0.714269,0.289496,-0.468915,0.699121,1.116905,0.021975,0.514954,2.872459,-0.880185,-0.194293,0.587684,0.01397,-0.808504,-0.473931,-0.21973,-0.260152,0.067362,1.610796,0.242181,-0.362825,0.710694,0.665046,-1.056637,-0.59511,-1.082148,0.351446,0.880899,-0.204781,1.257617,-0.556391,-0.301979,-0.049704,0.202722,1.682613,-1.094449,0.583321,0.098302,1.20197,-1.317103,-1.139706,1.728721,1.281518,1.101738,-0.101194,1.084495,0.03303,-1.066363,-0.115559,-0.244311,-1.017879,-0.553018,-0.674649,0.542584,0.994293,1.137177,1.117664,-1.047299,0.593689,0.833644,0.433161,-0.922761,-2.892706,0.176775,-0.811042,0.916166,-1.455918,0.56461,-0.415892,-1.310382,-0.433799,-0.134515,0.848675,0.816165,1.255035,0.772545,-0.44121,-0.42283,0.17541,-0.331203,-1.636848,-2.046786,0.774753,0.129063,1.988216,-0.496439,1.054889,0.161128,0.500527,0.082341,1.118764,0.528337,-0.459648,-0.091468,-0.218091,0.093159,0.239137,-0.416413,-0.565616,0.003507,-1.7638,0.417865,0.384778,-3.09567,-1.08411,-0.010616,-2.242011,0.448032,0.996512,0.482537,0.953943,-0.095404,0.864068,0.709415
1253,4,-0.814606,-0.443769,0.272173,-1.713625,1.64567,1.776235,-0.08929,0.706665,0.592921,-1.458356,-0.638171,0.140572,-0.547329,1.573875,0.312671,0.283752,-1.338436,-1.40764,-0.60451,1.237621,-1.353377,-0.240402,0.401248,-0.701595,-0.87695,-0.532882,-1.186529,-2.575502,-1.615412,1.054256,-1.588603,0.882233,-2.133279,-0.392587,-1.380977,-1.082147,0.519233,-0.763847,0.004161,-2.760674,-1.644714,1.141196,0.579681,-0.579507,-0.161307,0.106308,-0.04371,-0.0946,0.026984,0.223176,1.440621,-0.472229,-2.352512,0.490106,1.720625,1.891675,0.159509,0.462354,2.61007,-1.595241,0.412724,0.339739,-0.935186,0.451271,0.048755,-0.978135,-0.18842,2.225188,0.011814,-0.356959,1.323636,0.267466,0.645815,0.613016,-0.17257,0.731848,-0.881048,0.473604,-0.604249,1.893394,1.091505,1.602367,0.741113,1.27548,-0.617446,-1.750783,1.590952,0.256292,0.138634,-2.485488,2.562806,0.137439,0.269706,-0.473132,0.869477,0.199928,-3.215776,-0.925895,0.564739,0.440801,-1.51881,0.403153,-0.288069,-2.855338,0.697487,-0.972234,-1.001546,0.205743,-2.169627,0.579779,1.011786,-0.558051,1.190074,1.260495,-1.68575,-0.870947,-0.031393,0.229394,-1.262574,-0.930583,-0.120007,0.55535,0.130016,1.118498,0.726323,0.507776,-0.237114,-1.157898,2.099193,-0.989183,-0.531987,0.334423,-0.951792,0.420163,-0.583519,0.095368,1.881607,0.114723,0.097222,1.179416,0.448553,0.675184,-1.305029,-0.66374,1.06911,-0.395979,-0.35462,1.98805,-0.306716,1.189094,0.270274,0.007251,0.329123,-0.160096,-1.062721,1.009953,-0.033191,1.494328,0.275899,-0.358473,-2.300492,-0.130172,0.79133,-0.296237,0.173699
1305,26,0.797786,0.488462,-0.133736,-0.479152,0.188307,-1.687579,-0.498157,1.798668,0.790884,-0.993525,0.488815,0.803399,-0.473843,0.488726,-1.318352,-0.464584,-0.577843,1.413226,-0.196412,-0.529813,-0.627034,-0.002477,1.755658,0.65232,-0.095184,-0.001154,1.248469,-1.860489,-3.001833,-0.375833,-0.838931,-0.243828,0.33436,-1.689811,0.929535,-0.107224,-1.413912,0.183931,-0.417811,0.700225,-1.811393,-1.338729,2.266339,-0.76966,0.318293,1.235541,1.717098,1.138633,-0.710359,0.503676,0.620423,1.356592,0.968801,-0.698222,-1.003243,1.523502,-1.227889,0.619336,0.729371,-1.224523,-0.290565,-0.939272,1.500982,-0.954349,0.56939,-0.223292,1.254071,0.57775,0.778929,0.20146,1.549936,-0.544205,1.009055,0.447502,0.217851,0.110889,-1.953201,0.990147,0.591108,1.742696,0.450085,-0.709425,0.892022,-1.065342,-0.749622,0.371391,-1.254333,1.389627,0.468107,-0.349005,-1.090544,1.300668,0.055369,2.312725,-0.629329,-0.137849,-0.580365,-1.043537,0.015491,-0.075855,2.314132,-0.256059,0.624928,0.177239,-1.12846,-0.421486,1.924592,0.848991,0.985457,-0.903251,1.563567,0.026337,-0.890727,-0.634721,-0.037579,0.335158,0.382901,1.403062,0.778548,-1.2854,0.766511,-2.479236,0.385441,-0.006292,-0.779177,1.260493,0.11059,0.22101,-0.779792,0.654733,-0.641319,-1.201192,-0.282008,0.858561,-0.458063,1.953298,-0.222473,1.098704,0.687623,1.355943,-0.417765,0.883367,1.309164,-0.954145,-0.637827,-1.714116,-0.317457,-0.9078,1.162949,-1.636845,-1.061738,-1.786762,-1.44945,0.73775,-0.874808,-0.477323,1.346334,0.856031,0.409146,0.450202,0.123247,2.330358,1.01867,0.662234,1.101253
1199,34,-2.597328,0.521215,1.663409,0.084882,0.611469,0.348261,2.750241,0.935358,1.490195,-0.569349,0.070121,-0.466547,-0.354658,-0.663612,0.116384,-0.916134,0.807421,0.115488,0.665438,-0.694774,0.422252,2.487339,0.935083,0.634335,0.894776,1.301982,1.396811,-0.494643,-0.367846,0.322333,1.5457,0.95251,-0.405168,0.63681,0.586105,-0.35858,-0.578823,-1.793357,-1.427282,-0.951286,1.711072,0.206776,1.075144,0.282553,-0.143602,1.604598,-0.091086,0.848406,0.307564,-0.626427,-0.465636,0.634178,-0.355437,1.287571,-0.329681,0.675566,0.080555,-0.078429,0.491223,-0.286961,-0.630245,-0.606013,0.226646,0.205484,1.197658,0.358833,0.857188,0.936918,-0.130198,1.10318,-0.531989,-1.818495,-2.975625,-0.17913,1.10584,-0.427223,-4.502222,1.386971,1.362382,-0.807987,0.410117,1.375225,-0.697434,-0.69896,0.298494,0.827908,-0.053338,0.412595,0.354407,0.452441,0.422726,-0.901825,-1.90312,-0.483133,-0.793375,-2.078454,1.361943,-0.721614,0.909249,-0.798489,0.270839,0.301926,0.327189,-0.191856,-0.275906,-0.069011,2.751443,1.350224,-0.767888,-0.176948,-1.200998,1.664206,0.811857,-0.20029,-1.13529,-1.006987,-0.422653,-0.472601,-0.355936,-0.224905,-1.211882,0.189509,-0.079696,0.626138,-1.359478,0.732467,1.035972,0.335605,-0.840889,-0.849041,-0.124241,0.297167,0.469734,0.038675,-1.679591,-0.321632,-0.058854,-0.563085,0.371354,1.078572,-1.204222,0.474267,-0.859873,-0.955182,-0.312693,1.841335,0.554996,-0.245926,1.135391,0.060063,0.427581,-1.072912,-1.044903,-1.519561,0.875724,-1.442991,1.364977,-1.424426,-0.060644,0.16324,-1.220556,-2.066607,-0.588761,1.552412,1.374049
1173,27,0.072269,0.547722,-1.166883,-0.006243,1.171765,-0.349747,-0.551287,-0.445364,1.078636,0.440528,0.328811,-0.791853,-1.820003,0.979735,-0.503927,0.773606,0.442957,-0.652494,-1.16289,0.8491,-2.178737,-2.389498,1.479438,-0.896429,0.105541,0.983107,2.000789,-1.081512,-0.256434,0.823132,-0.089599,-0.869424,0.861212,-1.774061,0.897585,-0.127905,-0.085395,-0.77203,-0.331676,0.958087,0.164033,1.030722,0.492974,-0.466485,-0.358555,-0.03864,-0.534987,1.301866,-1.235393,1.617505,-0.78084,-0.970791,-0.116411,-1.370815,1.563681,1.538787,1.335309,1.664852,1.156156,-1.906805,0.578103,-0.799228,0.768002,-0.365076,-0.532714,-1.003086,0.48685,1.003837,-1.166719,0.285138,0.362161,-0.198125,-0.28479,1.090295,1.222414,0.644523,0.615322,0.670145,-0.66171,-0.151824,-0.046595,-1.002183,0.705724,1.788953,1.939378,-0.305806,-0.552141,-0.882135,0.595516,-0.157898,1.069301,-1.168819,0.073858,-0.680257,0.174456,-0.298404,-1.916694,0.735364,-0.029123,0.082663,-0.165436,-1.021781,-0.050535,0.691935,1.572241,0.132353,-0.610599,1.0842,-0.28399,-0.311621,-0.088281,0.529747,-1.276986,0.033423,-0.129527,-0.506268,1.584134,-1.632449,-0.109446,0.1202,0.129274,1.38724,-2.146019,-0.409941,-0.939574,-1.471139,-0.669972,0.324484,-0.35855,1.83395,-1.578284,0.256061,0.225646,0.04918,0.56289,-0.308967,0.437508,-0.299273,-0.533968,-0.959251,-0.467248,0.65853,-0.528364,0.664984,-0.228017,-0.043851,1.234273,-1.182825,-0.115772,0.852131,0.527784,0.34811,1.346067,-0.454838,0.103842,1.71619,-1.146079,0.534754,0.582422,0.318017,0.422705,-0.811731,0.158121,-0.103589,0.378615
1003,28,1.040367,-1.077924,-0.285416,-1.506279,-0.977258,1.385839,0.820579,-0.401668,-0.870172,-1.893807,-0.393657,-0.030903,-0.084054,-0.093792,-1.12181,-0.066274,-0.038673,1.290562,1.866733,-0.136989,-0.766306,-0.064982,-0.607621,-0.742434,-0.05865,-1.043304,0.606107,-0.103916,0.250008,-0.18294,-0.727254,-0.94796,-0.237276,-0.54876,0.233901,-0.004432,-1.362307,0.067121,-1.34286,-0.616478,-0.294354,-2.075273,0.091507,0.150983,-0.158024,-0.424317,-0.373604,-0.976539,-0.2697,-0.552612,0.091685,-1.204136,0.23559,0.143219,-0.141563,-0.439205,0.55234,-1.664602,0.460453,0.243037,0.283376,0.383313,-0.653644,-0.25946,0.637058,0.430639,0.206713,-1.51432,0.537887,1.169471,1.009671,0.233878,-1.557679,0.942545,-0.147255,-2.53252,0.377207,-1.492172,-1.296441,-0.634959,1.272591,-0.370845,0.270992,1.747968,1.59403,-0.103353,-0.241521,-1.260871,-0.694458,0.425358,0.395731,0.110238,0.994802,-0.772368,-0.056077,0.731243,0.584146,1.070946,0.39702,-0.309403,0.362192,-1.002595,-1.639459,0.580672,-0.05514,0.30841,-1.697684,-0.365114,-0.599857,-0.864212,-2.255015,-0.334873,0.897304,0.380998,-0.600947,-0.014876,0.7568,-2.760418,-0.124537,0.5432,0.682129,1.70073,1.135046,0.312563,0.301976,0.786945,-0.539327,-0.040188,0.906239,1.957445,-0.159267,-0.048401,0.19848,1.343204,-0.030313,1.469359,-0.966657,-0.186036,-0.198165,0.786506,1.04526,-1.509444,-0.915118,0.336852,-0.658694,-1.522428,1.03848,0.49397,0.493177,-0.475446,1.028938,-0.23996,1.096435,-0.911665,-0.854135,0.204663,-0.702332,0.675451,0.260088,-0.922971,0.072866,-0.351278,0.915833,-0.632553,-0.439173
1064,24,-0.020081,1.139088,-0.556127,-1.02626,0.992826,0.104015,0.016513,2.190284,-1.207373,0.247685,-1.785808,-0.266702,0.647615,1.201279,-1.266195,0.902744,0.848777,-0.084932,2.57648,0.04286,-0.864962,0.480344,-1.875372,1.648411,1.059406,-0.36941,0.67461,0.594142,2.033962,-0.591924,-1.287177,-2.052522,-0.262222,-1.573271,-0.136942,0.464078,-0.413506,-0.930938,1.26907,-0.164242,0.280916,1.021427,-1.301887,-0.908037,2.613393,-0.121393,-1.031902,-0.221011,-0.549341,-1.224187,-0.379826,0.020336,0.026841,0.595169,-1.743526,-1.499012,0.853563,-0.414955,1.293479,0.354053,-1.410447,0.593472,-1.000424,0.308609,1.306369,2.21584,-0.030226,0.759377,0.350322,0.85511,-2.583673,-0.358753,0.340403,0.524169,-0.733916,0.889855,1.176459,0.113366,-0.192135,-0.325364,0.184258,1.254641,1.58313,-0.441783,-0.914495,-0.773316,1.053664,0.269385,0.348587,0.536656,0.428,-0.084274,-1.027206,-0.592897,0.166613,0.444874,-0.33785,-0.384892,1.445962,-0.437183,0.26965,-0.28469,-0.839585,-1.5146,-0.509211,-0.800031,0.911235,-1.135605,-0.381177,0.712593,-0.073778,0.548771,0.897105,-1.657682,-0.38009,-0.94177,1.422184,-0.078696,0.54986,1.779101,-0.322244,0.117595,0.458994,-0.231606,1.32401,0.876584,1.064786,0.090763,-0.30877,-0.32122,-0.331176,-1.634825,0.410968,0.870168,0.030512,-0.464701,0.078305,0.269859,0.373737,1.871491,-0.831383,0.41086,0.742317,0.119339,-0.199003,-1.002409,-0.564292,0.757375,1.515819,-0.627435,0.518304,0.567312,1.063009,0.287444,0.488377,0.946836,-1.14243,0.086073,-1.751077,-1.960289,-0.796004,-1.522073,0.551663,1.044507,-0.271329
1196,47,-0.851016,0.433004,0.980213,-1.896907,-1.001618,1.083256,1.394537,-0.931703,-1.133094,-1.446408,1.03718,0.147247,-0.134875,-0.84556,0.717051,-0.472027,1.355909,-0.224005,0.812505,0.511073,0.119613,-0.321446,1.707051,1.261728,-0.993655,1.667764,-1.302795,0.55752,0.689403,0.000527,-1.007258,-0.928943,0.881624,-0.770435,0.003456,0.206656,-0.6553,-1.077516,-1.269714,-0.414667,1.022472,-0.125791,-0.286973,1.710311,1.380276,0.849189,0.42769,0.568349,0.992954,0.288535,0.962942,0.239203,1.003442,-1.357145,-1.065611,1.482672,1.309112,-0.829814,-1.062734,1.048578,-0.238879,0.080829,1.354214,0.567297,0.092398,1.302154,-1.665362,-0.619171,3.024862,0.751392,1.589167,-0.832911,1.989798,-1.272089,0.592158,0.336689,-0.90705,0.587693,-3.061601,0.791238,-0.024495,-0.656107,-1.465202,-1.335003,-1.161447,-1.067656,-0.040963,-1.524724,-0.753003,-1.83235,2.010486,0.451795,-2.659936,0.627507,2.646296,0.25457,0.464645,0.508125,1.888411,2.170988,0.273353,-2.013851,-0.112028,-1.701489,-1.468383,0.99433,-0.21691,-0.399924,0.496604,0.808709,-0.86583,1.499747,-0.881415,0.671101,-0.293764,-0.167178,-0.333547,1.023115,0.865406,0.010781,1.179071,-1.377161,0.435967,-1.369002,-2.798556,-1.651743,0.8168,-0.140726,0.09781,-0.903028,-0.753921,-1.217074,-0.153336,0.159579,-0.036309,-0.087832,-0.237815,0.073234,0.661355,-0.866662,0.489874,1.08868,-1.38628,-0.793378,-0.382101,-1.080009,-0.505551,-0.638125,1.609963,0.281226,1.532439,-0.176323,-0.012594,-0.156927,-0.234277,2.671779,1.245664,0.154039,-2.101901,-0.45625,0.954754,0.315471,-0.293145,0.825544,0.285347
1129,29,-0.973653,-0.467131,-1.233276,-1.198775,0.983698,-1.130715,0.275418,0.185936,-0.386605,2.327116,-1.378909,2.549494,-0.985234,-0.297849,0.274434,1.079253,0.671124,-0.377143,-0.375739,1.149272,1.508067,-0.558061,1.200461,0.543595,0.233627,-1.121853,-1.27989,0.412452,-2.794639,-0.516076,0.40816,-1.685198,1.612775,1.645047,-1.077427,-0.126864,-0.14093,-0.558284,-0.50266,0.469922,1.652731,0.073086,0.0954,0.123627,-0.698967,0.616035,-0.503214,-0.992139,0.644402,-1.872207,-0.512552,-0.401235,-0.141175,-1.545814,-0.953969,-0.152079,0.595649,-0.120186,-0.213096,-0.84112,0.014977,-2.787405,0.638959,0.958847,-0.022764,-0.974061,1.325785,-0.680802,1.336795,-0.273698,-0.763023,-0.217278,-0.685356,-0.170269,0.492011,-0.260529,-0.458515,-0.02259,0.386803,0.00024,0.538103,0.576556,0.285672,0.710434,0.013027,1.130626,0.401748,0.831219,-0.191869,-1.406852,-0.442155,0.039728,0.365398,-0.034033,1.456783,-1.284809,-1.748292,-0.178993,-0.672305,0.031156,0.651216,2.678093,-1.296853,-1.057415,-0.055265,-1.454392,-0.748329,1.267089,-0.0579,-0.026399,1.09118,-1.684078,0.120899,-0.047025,0.264796,-0.979121,-0.423054,-0.099563,0.723243,-0.713227,0.604664,-2.086614,0.417834,0.761708,-0.891641,-0.286559,-0.002446,0.284237,1.177243,0.186819,-0.220832,-0.191686,0.266735,0.76354,0.250853,-0.535848,-0.328893,-0.77141,-0.849764,-0.475403,-0.560459,0.74881,-1.162161,0.069843,-1.14321,0.773088,0.2957,1.23021,0.532058,-0.996261,0.037338,-0.610639,-0.506897,-0.993274,-0.29843,0.090046,0.206719,2.411151,-0.15685,0.0852,-0.087256,-0.245229,-0.291164,0.054971,-0.189883
1001,38,-1.761019,0.734927,-0.023444,0.071442,-0.752311,0.454784,-0.539297,-0.142903,-1.108261,-1.216103,1.335532,-0.507105,0.29168,-0.03379,-0.441145,-0.507961,0.630083,-0.301868,-0.151444,0.022222,1.176508,0.680511,0.3826,-0.563571,-1.381969,0.94953,0.966447,-0.140708,0.541884,0.781443,0.831184,0.921383,-0.455618,1.514973,-1.246593,0.861723,0.493932,0.873619,1.879008,1.484445,-1.145177,-1.688672,0.816889,-1.015012,-0.012405,0.839727,-1.643797,-2.10998,0.259299,0.044386,-0.245803,0.038535,-0.860516,-1.513494,-0.166655,-0.971709,-1.643481,0.505681,-0.061399,0.406529,-0.989295,-0.658059,-0.999043,-0.886642,0.195408,-0.782975,0.356066,0.339756,2.025161,-1.392789,0.887902,-0.089488,-0.01403,-1.449864,-0.460194,0.743197,-0.082478,0.081054,-0.290717,1.15457,-0.021473,-2.200416,-0.692073,-1.968797,-3.251438,-0.530115,1.33356,0.04712,-1.172546,-0.9407,1.130613,0.157627,0.047999,-0.053462,0.0384,0.805406,0.552567,0.215705,-1.042868,0.511109,-0.684247,1.093846,-1.271051,-0.137621,-0.007358,-1.324646,1.721972,1.460407,-0.463584,0.771721,0.378676,-2.613559,0.250398,-0.061344,0.083217,-1.076875,-0.269347,-0.178259,1.188094,0.334427,-0.005555,1.52897,-0.555248,-0.38943,-1.816755,1.569106,0.964332,0.916848,0.668898,0.110149,0.215489,-0.252007,-0.2036,0.054304,1.51183,0.555688,-0.05846,-0.579392,-0.634998,1.602705,0.506687,0.067551,-0.346182,-1.109053,-0.066862,0.873658,-0.392537,-0.227243,-0.221034,0.109594,-1.593011,-0.235398,-0.854396,0.884585,-0.770599,0.577047,1.524437,-0.313596,-0.601576,0.191432,-0.002029,-0.993616,0.460919,2.015516,-0.258112
1069,33,-0.913708,0.651704,1.108166,-0.510509,1.795488,-0.554143,0.262968,-1.619717,-1.906966,2.112899,1.436405,1.16027,-1.681853,0.239415,0.432743,0.092799,0.310569,-0.904247,-0.146784,-1.125136,-0.33588,0.384045,-0.768428,-0.264015,-0.417919,0.027315,0.931507,0.248103,0.406545,-1.426448,-0.350604,0.828466,-0.848335,-0.42151,-0.95672,1.343335,-0.440848,-0.717588,0.627291,1.108461,0.503871,0.990613,0.220938,-0.118887,-0.430248,-0.498125,-0.586891,0.376466,-0.103914,0.095852,0.613368,-0.045629,-1.359331,-0.782015,-1.109456,-1.896235,0.112326,-1.189543,-1.273533,-1.068266,0.879374,-0.303304,1.005043,-0.082844,-0.428646,0.571116,0.602437,0.121245,-1.0294,-0.450457,-1.174346,-0.25208,0.098835,1.486727,1.416479,0.681365,0.958236,0.234667,2.773587,1.53043,2.647765,0.385068,0.416335,1.055268,0.192016,0.313909,-0.983413,0.942349,0.138167,0.811446,-0.217956,-1.772709,0.50321,1.166484,-1.277307,-0.96844,-0.299329,-0.245529,-1.69803,1.756602,1.011642,-0.615035,-1.810387,0.363122,1.984116,0.828692,1.154714,-0.940771,0.232875,-1.499378,1.978652,0.569666,-2.104991,-1.847649,0.479521,0.137623,-0.310965,0.615431,2.007118,0.365646,-1.804218,-0.159581,-1.311795,-0.805084,0.324138,-0.172243,-1.067065,-0.030034,-0.819922,0.525067,-0.247551,0.385201,-0.273521,0.741764,-0.142857,-0.019897,-0.572689,0.134102,-1.781613,2.657892,-0.689642,0.089541,-0.483814,-0.49789,0.391924,-0.521389,-0.439026,-1.389271,-0.935175,-1.180961,1.789524,-1.346375,-1.085953,0.179923,1.414783,-1.706937,-1.56226,0.110927,0.323093,-1.429901,-1.815761,-0.976199,0.731658,-0.059053,0.728946
1324,49,-0.094629,0.014329,0.484394,0.044975,-0.170761,-1.036428,-0.688663,-1.601254,-0.169756,-1.35488,-0.281001,0.174202,0.2042,0.578684,-0.159427,0.751534,-1.098362,-1.53332,-0.764789,0.269364,0.343483,1.183457,1.042538,-1.294804,0.209582,0.684248,-0.47279,-0.395322,0.29994,1.11319,1.708525,0.997293,-1.464762,1.375007,3.231254,-0.55511,-0.302111,-0.415549,-0.382248,0.560113,-0.376868,-1.29624,-0.5287,-0.363299,-0.077563,1.990421,1.468427,0.069485,0.652381,-0.566291,-1.136811,-1.218157,-0.493754,-2.78919,-1.320981,1.930881,-1.492934,-0.206871,-0.482649,-1.215149,0.049745,0.171823,0.392063,-0.157279,-0.715518,-0.819851,-0.625948,1.641037,-2.666705,0.378997,-1.080286,1.747622,0.6173,-0.054575,1.924791,0.636047,-1.022375,1.090088,1.174201,0.30146,0.424811,-1.432418,-2.274685,-1.896356,0.659006,0.153574,0.301051,0.392721,1.196188,-1.073719,-0.333704,-0.708126,0.030284,-1.033357,-1.030763,1.153723,0.08404,0.289854,-0.314393,1.029902,-0.129123,-0.519634,-0.925309,0.885366,-0.578794,-2.401307,-0.920252,0.039979,-1.370239,0.992019,0.261336,-0.276435,2.216833,0.001734,-1.052663,0.085047,0.941848,1.016555,-0.056469,-1.226986,1.293428,0.549561,-0.225758,1.057397,1.952063,-0.120983,1.584023,1.180253,-0.168249,0.006544,0.020597,-0.94837,-0.403303,-0.41255,-0.1648,-1.240818,-0.600958,-0.689751,1.045056,-0.101613,-1.550221,0.348946,-1.12591,-0.591092,0.370222,0.496656,-0.809054,1.437264,-0.052977,-0.981117,0.832842,1.006681,-1.059601,-0.889047,-0.966676,0.983577,0.107623,0.95667,-2.830896,-0.919469,-0.334845,-1.169622,-0.094623,-1.360134,0.196851
1057,30,1.626439,0.873302,-2.567531,-0.342814,-1.92721,-0.326247,0.676946,-1.275133,-1.119274,0.199833,-0.230817,1.633056,0.377541,0.586718,1.799342,-0.442541,0.055371,-0.931707,0.314152,1.088305,1.420957,0.021281,-0.650961,-0.705725,-1.332036,0.179221,1.413449,-2.305031,-2.110699,1.456787,-1.54621,0.389643,-1.196053,0.840476,0.841251,0.229432,0.884796,0.111869,0.624717,1.882906,1.158952,-0.593982,-0.738392,-0.174458,-0.164516,0.135921,-0.538457,0.716716,0.103361,0.427072,0.073337,0.680866,-1.127916,1.64632,0.414112,0.517558,0.679581,1.150202,0.805475,0.307298,-0.110556,-1.571764,0.285718,-0.240132,-0.240944,2.475546,-1.785043,0.129338,1.285515,1.034703,1.313807,-1.192189,-0.885215,0.694535,-0.219754,1.787586,0.305443,0.273596,0.518863,-0.192952,0.198333,-0.594797,0.043102,-0.402486,0.337267,-1.33477,-1.409559,0.541791,0.309241,-0.880534,-0.143267,-0.964817,2.123963,-1.478127,1.797494,-0.737991,0.506317,-0.176929,-0.294825,1.021931,0.901933,-0.202687,-0.822032,2.159414,1.491027,0.228718,-0.209291,0.380958,0.170242,1.284326,-0.876832,0.109413,-0.695234,1.395448,1.891847,-0.002359,0.628778,1.495437,-0.209937,-0.843885,1.129825,0.596304,-0.117335,1.550838,0.326516,-1.689754,0.436905,0.031355,1.971309,0.074322,-0.115309,0.527918,0.336182,-1.31669,0.211008,-0.236223,1.496099,2.491695,-1.025776,-0.873788,-0.750318,-0.564758,-0.598252,0.14619,1.18132,-1.208627,-1.446099,-1.749875,1.197765,1.419667,-1.441746,-1.538275,0.223334,1.186013,1.108115,0.286978,0.775585,0.420876,-0.460639,2.00249,0.092704,-1.018229,-0.373939,-1.448007,0.110924
1010,3,0.880624,-0.38715,-0.438071,-0.255171,-0.228079,0.407098,-1.271032,-0.931042,0.290633,0.145583,-0.376655,-0.573912,-0.834425,-0.058355,1.180732,-1.058051,1.523318,0.843981,-0.452964,0.783075,-1.465903,-1.731575,-1.289782,-0.409746,-0.32541,-0.515142,0.099423,-2.135154,0.495349,-1.419301,-0.660851,-0.41285,-1.156211,-1.371,-1.006082,-0.011924,0.589982,0.564235,-0.994491,-0.791577,-0.920603,0.449812,-2.03742,1.238339,-0.484805,-0.783525,0.339454,1.032619,0.342583,1.052744,0.134359,1.229639,1.24516,-0.099479,1.439206,0.164734,0.086893,-0.921474,-0.28878,0.777583,-1.312647,0.649624,0.348616,0.277561,-2.206492,-0.103243,0.64826,-0.762955,0.090307,-2.378073,0.671393,-0.662433,0.871357,-1.842786,0.692267,-0.236939,0.807604,-0.92571,-0.618457,2.242451,-0.829952,-0.706027,-0.276582,-1.022559,1.190457,1.725013,-0.704106,-1.726032,1.171977,1.108391,0.821659,1.156511,-0.867525,-0.168496,-1.38411,-1.418163,0.981101,-0.671913,2.279572,0.07418,-0.640425,0.797885,1.801262,0.486131,-1.217145,0.371003,1.375598,-0.493241,-0.773642,1.016448,0.139968,-1.102542,-0.379747,-0.755662,0.296269,0.109685,1.150447,0.709665,-1.563534,0.406991,0.896932,0.455879,1.03006,-0.549577,-0.950832,0.93007,-1.065465,-2.159538,1.0253,-0.724185,-0.306066,-1.397979,-1.325528,-1.156589,-0.36065,0.369999,-2.297811,0.752173,-1.181998,-1.066312,0.677855,-0.074634,-1.536434,1.844593,-0.860622,0.247316,0.19989,1.411327,-0.455669,1.00809,-0.74189,1.122129,-0.762985,-0.362209,1.895967,0.316971,0.109759,2.242049,0.361357,-0.816137,0.734628,-1.181681,1.128317,1.205978,-0.572959
1285,36,0.559935,1.50291,1.340625,-0.299431,-0.944587,-0.335108,-0.216193,1.208232,-1.014641,-0.918721,0.401789,-0.623477,-0.260728,-0.697099,9.522054,0.211904,-0.804418,5.461882,0.49619,1.029288,-0.17015,5.287314,-0.931042,0.527865,-1.245694,3.490037,1.15713,0.935727,-1.53637,0.10974,0.124474,0.030235,0.600595,8.344911,6.362757,1.36667,-1.066052,1.195476,1.257416,-0.955614,-0.537842,3.460925,-0.081131,0.263037,1.868671,-0.653432,-0.5236,-0.243472,1.077868,-0.095378,0.011397,-0.982121,0.577834,-0.350378,-0.695786,-0.208721,-0.264566,0.106346,0.860639,5.457332,2.386027,0.260175,0.658377,1.353923,-0.685655,0.190314,0.164566,2.035333,0.863677,-1.003562,-2.227393,0.262776,0.196278,-0.941457,-1.209411,-0.220467,-0.632017,7.340902,-0.150163,0.796427,3.545546,1.169379,-1.027093,3.33634,-0.196952,0.959244,-0.358475,8.248,-0.127012,0.301199,1.473604,1.780039,-0.678748,0.119256,0.450173,-0.345235,2.064728,-0.452803,-0.137236,0.389546,0.878873,-0.816401,-1.225555,0.172952,0.993677,-1.042231,-0.285045,-0.836137,-0.976487,-0.107731,-1.142754,0.046629,0.881363,0.031898,0.842589,6.792064,-0.376615,-0.629316,0.142454,-0.281087,-0.547149,-1.36705,1.612583,0.829871,2.557114,0.142008,0.606982,0.644524,-2.394645,-0.378337,1.442069,0.297261,0.956263,0.300782,0.490467,-0.337642,-0.427196,-0.737375,1.540556,1.190902,-0.707028,-0.6091,0.484286,0.855479,5.441741,0.695641,0.455558,0.886217,2.149381,1.064053,-0.949515,-0.571172,1.179421,0.365771,-0.457692,-2.22881,1.942801,0.671682,0.011099,1.155978,-0.080264,0.795317,-0.650352,1.007274,1.122743
1276,49,6.290624,-1.256679,0.262897,2.028348,0.080355,7.900092,-1.038477,-0.571167,-0.233061,-0.935733,0.645943,-0.52193,-1.306705,-1.182423,-0.148866,-2.720192,1.702467,0.955195,7.55113,-0.89227,-0.910175,-0.45114,1.721889,0.536372,0.963652,1.211981,-1.039923,-1.666807,-0.229571,-1.248448,10.009204,-0.052265,0.146769,5.330576,-0.944478,7.088082,-0.882643,0.259247,-1.455887,-0.929047,-0.596017,1.096311,1.729751,0.277246,1.112324,0.284913,1.711662,-1.478824,2.807974,0.576244,1.264337,-0.537026,-0.879991,5.954192,-0.764108,-1.276146,-1.443556,-0.675232,0.750376,0.478691,0.290286,0.48726,-0.490646,1.290342,-1.142088,-0.64731,-0.014166,2.13913,0.072027,1.734095,0.036661,0.863246,-0.676474,-0.11644,-0.886475,2.233166,-2.213076,9.107505,1.16573,0.307548,0.388221,0.242652,0.586095,0.915444,1.268585,-0.196438,-0.030364,1.073851,0.302917,5.012188,0.491126,0.815528,-0.49289,-0.209826,-0.205646,-0.058912,1.226633,0.139895,0.727467,0.607709,0.918127,2.381801,-0.010174,4.3553,-0.705275,-0.027027,1.084873,-0.602177,0.300979,-0.175781,-1.21362,-1.388674,-1.179466,5.408045,0.486799,-0.434678,1.73705,-0.231491,-0.351887,-1.044138,0.075693,5.715446,0.914763,0.202423,0.064005,-0.026021,1.147586,-0.901732,2.834756,-1.155424,-0.605755,1.197852,0.46638,0.881024,0.754474,-0.070911,1.52525,-0.993308,0.050892,-0.275121,-0.858581,-0.332424,0.338233,9.013422,1.36903,-1.075296,-0.434454,8.930872,0.022796,0.873304,-1.569864,0.574876,-0.067087,3.651304,0.795353,2.284869,-1.351306,-0.488412,-1.102925,2.015933,-1.839212,0.442107,-1.297162,0.551183,-0.731561
1063,26,1.467857,-0.026407,0.454538,-1.47804,-2.299883,-0.566958,-0.260164,-1.547294,0.094269,0.321229,0.659497,1.586866,0.830015,-0.373285,0.109254,0.616601,-1.067959,1.359963,0.924429,-0.229182,-0.650179,3.895567,0.862734,0.964586,1.84314,1.007064,0.218513,0.723642,-0.930979,0.736074,-1.571282,0.437955,0.575334,-1.590994,1.9701,-1.171415,1.076607,-0.533966,0.32642,-0.66551,2.55982,1.065535,1.863362,0.813281,0.72505,0.167669,-0.230188,0.637843,0.180164,-0.138589,-1.392636,-0.296284,0.637693,-0.463211,0.375691,-0.125676,-1.036247,-0.905024,-0.737899,-0.27599,-0.246163,1.168322,-1.089954,-2.0724,0.72571,-0.443828,-0.098347,2.637474,1.525145,0.628965,0.99557,0.148437,1.009034,-0.599576,-0.70337,-0.451704,1.647348,1.624316,-0.593361,1.219683,-0.134401,1.131431,-0.295965,1.011062,-0.083349,-0.263164,0.008744,0.194331,-0.564096,-1.37104,1.771406,-0.370269,-1.831286,-2.294749,-2.842969,-0.594643,1.429827,-1.641419,-0.294553,-1.851124,1.168744,0.411465,0.368112,1.424201,1.727835,1.096114,-0.55663,-1.323478,-1.03477,-1.76288,1.894763,-0.15671,0.171741,0.241295,2.115422,-0.538959,1.255948,0.352524,-0.116055,-1.932878,0.986195,-0.72443,-0.431258,0.27345,0.138985,1.197909,-0.648353,0.210879,0.328372,0.06885,0.742035,-0.219362,1.282971,-0.688032,-1.438803,0.000554,1.258083,-0.488205,-0.603486,-0.313472,0.212454,-0.137986,0.362665,-1.726404,1.585559,0.642475,-0.843223,1.455242,0.50613,1.557798,-1.168135,1.750654,0.090056,-2.075221,0.817966,-0.267845,-1.000308,-0.178585,-1.956857,0.644071,-0.179712,-0.235325,1.499144,0.078921,-0.637881
1220,41,-0.4752,-0.14896,0.572111,1.070076,1.446882,0.09601,-1.017408,1.523642,-0.171123,-1.179652,-1.307406,-0.437099,-2.261352,-0.324098,-0.568355,1.430447,0.758956,-0.218193,-2.37711,-1.189858,-0.513162,0.587994,-1.780264,-0.396851,-1.526573,1.332532,-0.508775,-1.050714,0.060125,-0.818948,-0.567945,-0.006766,-0.653073,-0.679472,1.547533,-0.026649,-0.688597,1.497189,0.445364,1.305755,-0.649806,-0.190832,0.437752,0.657215,-0.427822,1.944499,-1.136654,0.546898,-0.269457,-0.280699,-0.164115,2.290369,-0.70458,-1.874588,1.077659,0.293162,0.410259,0.686744,1.865251,-0.776364,-0.351362,0.748765,-0.292648,0.188968,-1.294157,-0.598082,0.765074,-3.294004,0.350418,-2.488763,2.348607,1.163565,1.564285,1.604452,-0.908225,0.033907,-0.93479,0.521563,-0.299736,0.474022,-0.526565,0.117171,-0.880158,-0.577681,-0.797436,-0.283855,0.435826,1.082419,-0.903227,0.771585,-0.880622,1.42537,-0.052657,-0.881063,-0.176004,0.77396,-0.005828,0.473543,-0.055563,2.20169,1.012125,0.264393,0.40508,2.265732,0.356994,0.219514,-0.977095,0.972024,-0.606203,-0.180383,2.256651,-0.855014,1.021827,-0.471164,-1.50784,-0.684059,-0.642441,-0.1615,-0.38602,-0.46318,-0.260122,1.059328,0.750699,-0.826983,0.012107,-0.476938,1.094439,-1.489204,0.523985,0.682003,-0.401706,-0.506116,0.313003,-1.548891,-0.746191,-1.467861,0.405295,-1.054717,-0.391862,-2.131062,-0.644577,0.973275,0.358835,1.28332,-2.845549,-2.803315,1.706558,0.386136,-1.407365,0.812641,0.454183,0.378123,0.486972,0.854323,0.610924,0.26824,0.498728,0.261328,0.087725,0.028787,-0.291175,0.183557,0.696028,-0.127972,-0.122567
1034,10,-1.606053,0.258719,0.14062,1.152907,1.670197,0.367672,-0.553944,-1.174789,-0.791767,0.039977,-2.069357,0.075245,-0.012057,0.644444,-0.334617,0.102048,-0.736132,-0.46403,-1.773234,0.12364,1.548741,0.162635,0.365836,-0.98163,1.431294,-0.767013,0.801774,0.107335,-0.959111,1.027181,0.015379,0.178722,0.45214,-0.021507,-0.378714,0.466173,-0.404757,0.065351,-0.667684,-1.490095,-0.673174,-0.495142,0.014807,1.184401,-1.68947,0.128594,-2.211926,-1.045863,-0.507067,-2.253072,-1.85772,0.154043,0.077759,-0.113789,-0.803724,2.15437,-0.161246,-0.862111,1.678398,0.61431,-0.370941,1.192683,0.156667,0.643137,0.234804,-1.028425,0.971205,0.160458,-1.009393,-0.762922,0.955349,-0.369373,0.04643,0.654528,0.12833,-1.526606,0.637409,0.93838,0.866643,1.616812,0.364279,0.777035,1.589299,-0.290728,1.736375,1.734646,0.78309,1.839688,0.851939,-0.880703,1.137389,0.326398,0.41348,0.154603,1.359604,0.552365,-0.695801,0.485814,0.729268,-0.725584,-0.434267,-0.383059,-0.607334,0.348792,1.017746,1.892369,1.194687,1.022085,1.143199,1.335285,-0.376711,0.693604,0.322236,-0.129347,-0.454951,-0.505278,-0.26799,-1.23477,0.521712,-0.021885,0.106024,0.33869,0.724922,-0.591756,-0.106275,-1.608503,-2.219858,-1.940493,1.536821,-1.826378,0.472196,1.47722,-0.457769,1.629799,1.847276,0.945338,2.372605,0.622733,-0.728476,0.524104,-0.440716,-1.299909,-1.272344,2.316119,-0.536149,-0.018331,-0.656976,0.145179,-0.230319,-0.401148,-1.201753,-1.402587,-0.732995,0.304353,2.08873,1.066154,1.836737,0.499378,-0.072349,-1.30969,0.018131,-2.128221,-0.283495,1.645378,0.34673
1227,37,-0.402605,-1.667997,-0.215706,-0.044764,0.752823,0.559024,0.317948,0.310517,1.183292,-0.937409,1.637274,1.58312,0.256138,-0.692513,1.433128,-0.247396,0.244015,0.038027,0.308022,-0.338935,0.537325,0.262519,-0.25641,0.75843,0.531084,-0.358127,-0.25563,0.685972,-1.347792,0.29864,0.212602,-1.231893,-0.390581,1.478514,0.738924,-0.850412,-0.181782,-0.305032,-0.585039,-0.658758,-0.0534,-0.329396,1.583518,1.827814,0.264942,-0.131796,-1.321786,-0.584502,-0.57753,0.251944,1.775137,-0.346818,1.495006,0.270495,0.394395,0.022461,-2.395451,-0.705072,-0.195941,0.562001,-0.834989,-0.31812,-1.061502,-0.222412,-0.698585,0.796462,-0.796699,-0.915778,-0.072647,1.142159,0.046199,-0.040828,0.64641,0.075093,0.784367,0.787511,0.074552,-1.58133,0.338533,0.664495,1.136888,-0.660209,-0.802504,0.275781,0.00819,0.156297,-0.504914,-0.025179,-0.028991,-2.26243,1.049382,-0.444664,-1.713593,-1.600387,-0.066325,-1.617095,-0.396678,-1.097275,-0.420671,-0.520061,1.726797,0.338381,1.272156,-1.299296,-0.276548,-1.072754,0.519494,1.45516,0.063773,-1.682478,-0.196397,0.983885,1.439123,-0.399308,-0.081687,-1.086468,-1.699671,-0.460951,1.208404,-0.782551,0.439283,0.203971,-0.492156,-0.729707,-1.655821,-0.352693,0.438284,0.672432,0.109014,0.058074,-1.571317,-1.294725,-0.697972,-0.475129,-1.440519,-0.69699,-0.334124,0.073969,-0.037013,-1.352947,-0.93426,0.874003,-0.995723,0.195449,1.372124,1.44837,-1.41491,-0.110237,-0.499345,-0.812768,0.786141,0.100552,1.213785,-1.289581,-2.390635,-0.246921,-0.07898,1.21352,-0.42192,0.429331,1.149252,-2.587474,-0.205225,-0.601816,-1.155749
1085,38,0.771639,1.064379,-0.289053,-0.000954,-1.068485,-0.146477,0.486809,0.868114,0.183515,-0.06682,-0.683636,0.231115,-1.051891,0.144095,0.038503,-0.870176,0.340903,-0.190788,0.607437,-0.45625,0.491735,1.550713,0.193943,0.791889,-0.610578,-0.328319,-1.832609,-0.130605,-1.08996,0.129119,-2.003705,-0.827434,0.097951,0.39978,-1.60624,-0.389712,2.527885,0.789258,0.173422,-2.683249,-0.886315,0.525247,0.2463,0.460992,0.954173,0.111176,0.849121,-1.740348,2.465256,-0.277075,-0.618576,1.484449,0.606483,0.966636,-0.591699,0.289834,0.709919,-1.10043,-0.200201,-0.225582,-0.272135,-0.673234,-1.220711,0.433672,0.250993,1.142642,-0.055231,-0.644779,-1.407196,0.094624,-0.292877,1.981677,2.254841,1.554773,-0.873889,-1.355609,-0.219468,-0.864467,1.400916,0.124177,-0.387498,-0.003742,1.239394,-0.913896,0.486927,-1.285284,-0.193284,-0.636916,0.317637,0.160785,1.182028,0.681082,-0.582698,-1.286528,-0.788573,-0.409913,-0.215808,-0.734607,1.066403,0.921237,-0.257722,-0.47745,-0.22488,-0.035846,-0.014999,-1.576015,-0.414333,-1.828329,0.041369,0.667595,-1.033294,0.167977,-0.593621,-0.674482,1.927775,0.877783,0.479652,-0.419335,0.408155,-0.182095,0.450485,-0.874185,-0.064399,-0.380896,-1.378108,1.660271,0.804415,-0.768261,-1.432189,-0.705896,-0.8156,-0.591403,-1.476103,-0.807165,0.066149,0.408074,-1.93562,0.00205,-0.964002,-1.017728,-0.309398,-0.669239,0.68777,0.69068,-0.296023,-0.628877,1.759938,1.83571,0.382706,-0.147618,0.992641,1.426871,-0.513346,1.777091,-0.152896,1.076278,-0.503513,0.069334,-0.443948,0.028775,1.004457,-0.880206,-0.290824,0.538755,-0.45684
1112,39,0.787971,0.007637,-0.005201,-0.535766,0.411241,0.90658,-0.563774,0.803184,-0.460755,0.581788,-0.145041,0.844038,1.895749,0.22137,-0.485775,-0.421806,0.61207,-0.488614,0.962471,0.291987,0.890406,-0.544203,-0.94253,-0.733697,0.39108,-0.773687,0.683861,-2.025558,-0.65571,-0.161773,-1.799993,-0.601412,-1.473702,-0.068697,-0.237192,0.732141,-0.827329,-1.603221,-0.534603,0.129659,0.094635,0.167802,1.204086,-0.347932,-0.206143,-0.829768,-0.580963,1.031578,0.359367,-2.572546,1.192298,-1.957441,-0.400626,0.961768,0.133138,0.554743,0.860699,0.299168,-1.2331,0.368923,-0.681558,-2.376093,-0.282012,0.546419,0.124091,0.014474,1.718969,0.275327,0.907403,0.330383,1.628413,-0.355528,1.170379,1.802497,-0.359051,1.040919,-1.325741,0.321895,0.735904,-0.807843,-1.756217,0.06041,-0.310863,0.196024,0.302434,0.835213,1.555357,0.441285,-1.492083,0.679764,0.400976,0.161466,1.579519,0.279561,-0.332659,0.478134,-1.555246,0.964514,0.082174,1.687698,0.698506,0.393869,0.209258,-1.139224,-0.052902,0.320531,0.997563,0.453333,0.713132,0.705643,-0.489697,0.329839,-0.181693,-1.201927,-1.455925,0.847204,1.445735,1.433873,-0.802477,1.51198,1.570093,-0.713262,0.515161,1.718254,0.127348,1.203099,-0.573215,-0.295782,0.902804,-0.124089,0.164027,0.130626,-0.968627,1.508287,-0.095114,-0.284148,-0.400567,0.102211,-0.878389,0.891593,-0.29679,0.817842,-0.824874,-0.964877,-0.869075,0.263295,-1.264006,0.865187,-0.288744,0.919267,-0.340446,0.834612,-0.9762,-1.047816,0.61811,-0.508855,1.076579,-0.650307,0.535687,-0.774471,-1.683105,1.442569,-0.174071,0.987342,0.205433
1114,19,-0.192448,-1.081198,-0.921309,-1.011348,-1.259781,-0.801347,-0.77246,0.025964,3.113531,-0.609765,-1.565513,0.566573,-1.216682,-0.881082,-0.342296,0.035583,0.063003,0.232615,-0.122804,1.079773,0.816647,-0.542401,-0.219415,-1.339963,0.638433,-0.213212,1.858883,-0.677024,1.477601,-0.912304,-1.661298,-0.852891,0.323037,0.984755,-0.870692,0.934955,-0.525532,-0.517199,-0.309498,1.603722,0.163421,0.284126,-1.494463,0.147261,0.2574,1.581719,-0.867894,-0.707343,-0.915184,-0.653899,0.639777,-0.797254,1.230984,0.014044,-0.911705,-0.656789,-1.363077,-1.440156,1.105562,0.839569,-0.983154,-0.46405,1.546531,-0.733502,0.192813,0.471944,-0.220947,-0.21014,-0.357233,0.088797,-1.556587,0.018659,0.149219,-1.326406,0.412347,-0.941797,-2.598702,-1.929194,0.062442,0.51693,-0.452182,-1.457023,-0.193433,0.862775,-0.080694,-1.476273,0.420829,-0.233672,-0.207812,0.022047,0.511279,-0.144608,-0.981184,-0.14709,0.091728,1.116264,-1.238487,-0.17536,-0.897863,0.223477,-0.574236,-3.054393,0.892,-0.689583,-1.110851,-1.517199,-1.087659,-1.311293,-0.18438,0.099684,-0.118937,0.308009,-0.857178,0.54782,-0.14502,0.391467,0.558797,-0.402605,1.171036,0.739874,-0.441953,1.679688,1.587806,-1.542802,-2.238736,-0.645721,0.415479,0.875714,0.610298,-0.050832,0.908822,0.660466,-0.464325,0.144562,1.004985,-0.657762,-0.646904,-0.849633,1.394499,0.623819,0.793076,-0.394258,-0.057381,1.15562,-0.301875,1.125786,-0.048507,-0.051005,0.512355,0.80973,1.684962,-0.364314,1.619615,-0.767066,-0.863054,-2.204791,0.795633,1.419046,-1.192477,-0.33927,-0.274125,-1.538344,0.045574,0.269774,-0.510232
1148,31,-1.319715,0.230985,0.639567,-0.812893,0.200529,1.452,0.265502,-0.777062,-1.499578,-1.672577,1.043086,-0.123573,-0.024762,-0.137451,-0.653105,1.803617,0.758445,1.539194,-1.111642,0.666535,0.721368,-1.045239,-0.785881,-0.734945,1.078998,0.295259,-0.627858,0.761449,-0.576418,0.198516,0.001392,-0.768036,1.0098,0.126287,-2.17732,-0.110205,1.550521,-2.131248,0.969159,0.300096,-1.131801,0.054053,-1.04478,-1.433441,0.453466,0.349397,-1.700396,-0.456456,0.100377,-1.479154,1.136662,-0.657122,0.461639,0.70686,-0.855143,0.410292,0.186154,0.468097,-0.358027,1.025589,0.774081,1.58481,1.121764,-1.26142,-0.484811,0.495032,1.054258,-0.614672,0.084181,0.37535,-0.033639,1.059975,-0.902462,0.570951,-0.707391,0.492429,-0.837416,-0.20689,0.98274,-0.869355,0.144277,0.700127,-0.038214,-0.194279,0.079981,-0.799573,0.813515,0.781781,1.774819,0.347823,1.141101,-0.417443,0.543952,-0.827056,0.309969,-0.238575,1.010559,-1.917568,-0.092031,-0.221399,0.721997,-0.627573,-0.342985,1.304214,-0.540724,-0.307178,1.186621,-1.982353,0.467162,0.406353,0.326525,-1.668884,-1.314181,-0.737293,-0.764335,0.724923,-0.360145,1.457989,0.04684,0.670217,-0.575619,-0.509697,0.493739,0.926343,-0.570827,1.325771,-0.161486,1.598187,-1.127214,-0.266504,0.705974,0.003749,-0.488461,0.703972,0.995956,-0.318155,0.820431,-0.345645,-0.697517,1.32613,-0.475909,-0.402929,0.817164,-0.881005,-0.844548,-0.180579,0.16101,0.980356,-0.110567,-0.561557,-1.178285,-0.241653,-0.379533,1.147548,-1.496637,-1.660655,-1.748191,-0.164786,0.49082,1.640322,-1.512637,0.215948,-0.53884,1.641104,0.398638
1067,14,-1.002871,1.71091,-0.585282,0.775727,-2.033798,0.114928,0.56376,-0.035577,-2.706238,0.17694,0.807618,1.314925,0.397472,-1.679312,-0.20714,0.900166,-0.813806,0.563298,-0.475884,0.092667,0.755493,-0.705301,2.853849,0.151861,0.342311,-0.738402,0.062396,-0.266966,-1.454819,-1.527129,0.286496,-0.087358,-2.624852,-2.140801,-0.30792,-0.068527,0.607069,-1.23745,0.591368,-0.307307,-0.506879,-0.141538,0.985027,0.557279,0.88897,-0.687488,-0.283889,-1.162369,-0.553369,-0.39642,-0.465609,0.713017,0.425156,0.759163,0.128215,1.07256,0.113706,0.965553,0.502964,0.735188,-0.06697,-1.238676,-1.44477,1.957382,0.38784,0.443457,-0.166899,-0.458537,2.871774,-1.119907,-0.062736,-0.05134,-1.130989,-1.271735,-0.703165,-0.343793,-0.485619,0.813234,-1.178679,0.404717,1.46861,0.89296,-1.139212,-2.953348,0.84533,0.49673,-0.585658,1.280668,-0.404539,0.10795,-1.038145,0.319089,-0.430265,-0.5035,1.079857,0.214434,-1.495505,0.691522,0.836586,-0.832183,-0.392977,0.053815,-0.249379,0.12389,0.649925,-0.491774,2.080788,-0.711875,-0.538923,1.968847,2.38458,0.037603,-0.187242,-1.072912,1.142806,0.173155,-0.84619,0.405924,1.370489,0.685751,2.208165,1.159617,0.440578,-0.032777,0.550124,1.217341,0.858725,1.05483,0.222881,0.76644,1.215232,-0.165428,-1.296126,1.726211,0.583331,-0.439624,0.234099,-0.247039,-1.705048,-0.183588,-1.423955,0.202776,-0.109265,1.133594,-0.12004,0.374038,-0.298735,-0.379818,-1.397398,0.990444,0.170722,-0.582824,0.20838,-0.414603,-0.724138,0.249372,1.215065,-0.269488,-1.424682,-0.614664,1.797365,-0.811144,1.187958,-0.238974,0.740187
1016,4,0.376125,1.047913,0.505005,0.74536,-1.168931,0.510033,2.187202,-0.518523,-0.128829,0.891944,0.957303,0.624427,-1.6176,0.50173,-1.183675,-0.824702,0.548054,-0.295824,0.809623,3.148139,0.77718,0.722853,-0.895727,-0.642964,-1.063662,-0.532596,-1.091752,-0.65969,-0.208722,-1.000574,-1.419097,-1.361464,0.453921,0.059747,1.02594,1.044439,-0.340639,0.670044,-1.440521,2.283024,1.195404,-0.215033,-1.163199,0.380049,-1.870074,-0.779302,0.748758,0.075449,-0.490965,0.95074,-1.038634,0.284701,-0.497886,-0.84737,0.463396,-0.992879,1.902006,-0.584717,1.98982,-1.093971,0.605951,-1.199576,-1.341117,0.159705,0.677559,-1.274263,1.184147,-0.797599,0.131223,0.379779,0.594682,-1.797812,1.618563,0.561793,-0.425593,-1.024154,-1.694072,-1.361423,0.544938,-0.341073,-1.131516,-0.526935,1.564113,-0.330675,-0.584448,1.350606,0.461892,0.044281,-0.607782,-1.552411,-1.170543,-0.480462,-0.219626,0.356242,0.551765,0.222922,0.220409,-1.007525,-2.154755,-0.520876,-0.954149,-0.652627,-0.274554,-1.243607,-1.11051,-0.100317,0.115771,-0.655998,0.498285,-0.219455,-1.019913,0.040731,1.882414,-0.674926,1.16614,1.377776,1.498162,-0.822628,2.015374,0.116349,-0.253789,-0.230348,0.601574,0.051128,-0.176897,1.283589,-0.722763,-1.043144,0.793105,0.703597,1.093978,-1.0722,1.081391,0.482021,1.762575,-1.248288,0.21824,-0.277567,-1.589766,-0.714888,1.127064,-0.468961,-0.722598,0.86826,0.988877,0.986784,-0.789693,-0.058009,1.030659,-0.656034,-0.749331,0.828232,1.562349,-1.152075,-2.597568,-1.450316,-1.012452,-0.137677,0.615849,-0.146501,-0.70034,0.15337,-0.961872,-0.04692,-0.641568
1282,10,-1.301938,1.440563,6.099514,0.900344,0.317041,0.113945,-0.235064,0.7868,1.025445,-1.148053,1.301717,-0.327127,0.335097,-0.075266,0.428997,0.188634,1.582057,-0.412089,7.502248,1.077511,1.336756,1.094795,1.582058,1.19071,0.875329,-0.511771,-1.783486,0.140668,0.418166,5.118071,-0.206427,-0.216244,-0.035293,1.327877,-1.683263,-0.220186,-0.677416,7.014549,1.554577,1.642497,-0.17256,2.34441,0.351926,2.445033,-1.089807,6.162768,-0.101752,-0.399642,-1.944997,0.13748,-2.186794,3.619995,0.378475,-1.283913,-0.050722,-0.435957,-0.588909,0.659416,-1.019102,1.046991,-1.372733,0.491567,-0.42701,7.079813,-1.005956,-0.43142,-0.341364,-0.06237,-0.130397,1.732579,0.185246,-1.292848,7.159375,0.839064,-1.609889,1.665605,5.433679,0.268769,-0.35646,3.23132,-0.015292,0.37061,1.383776,0.813899,0.540296,-0.029903,-0.989498,4.971123,6.882734,0.450346,-0.64822,0.00867,1.620475,0.672997,0.501523,6.461489,0.192044,3.8899,-0.096383,5.212463,0.720624,-0.177402,-0.215431,0.004111,-0.641269,-0.895395,-1.478525,0.60529,6.642384,-0.192544,0.501199,0.400563,-2.166649,-0.303719,-1.941139,1.671514,-1.073175,1.316441,-0.6846,-0.477148,-0.983527,-1.890346,1.350148,-1.632556,-0.390201,-0.514883,-0.077672,1.212761,-1.77521,0.083529,-0.657689,0.242959,-0.166053,-0.716232,9.646485,5.090376,-0.257802,-0.114587,7.470021,0.49199,0.160484,-0.323125,-0.563901,-1.951843,-1.030375,0.148174,0.147655,-0.716059,1.540833,1.032089,-0.653584,0.843232,-1.168438,0.430485,-0.118733,-1.751592,1.201833,-1.768263,0.351702,-0.133687,0.987113,0.93017,0.246665,-3.043525,-1.116078
1044,34,0.5521,-0.317671,0.24427,1.816223,-0.404539,0.136536,-0.644548,-0.710809,-0.172788,-1.520186,-2.157154,1.235097,-0.200909,0.99883,0.019859,0.046027,0.555816,0.602356,-1.275568,1.081084,-1.048046,0.099303,2.39813,-0.020837,1.529729,-0.438648,0.500944,-0.048937,0.309189,-0.934142,-0.995775,0.229018,-1.625394,-0.923158,0.528225,-0.699573,-0.966401,-1.180603,0.045215,-0.453866,0.047913,-0.282026,1.708969,-0.524452,-2.009662,0.015332,-0.09592,0.0544,-1.664827,1.006562,-0.128662,-0.139871,-1.641897,0.363598,-0.161819,1.219322,-0.503154,-1.302303,0.027292,-0.988029,0.306791,-1.152823,-0.22363,-0.318695,-0.131196,-0.598616,-0.887296,-0.155769,-0.66199,0.050619,-0.362516,-2.28232,-0.158104,1.25222,0.196764,0.483891,0.344593,-0.553488,-1.392524,0.687739,0.92522,0.451646,0.31366,0.28493,-0.124779,0.167795,-0.086082,0.218139,-1.012379,-0.706728,0.452513,-0.425027,-2.435496,0.0234,-2.305508,1.748964,0.597851,0.552185,-0.736746,-1.183402,-0.300175,-0.07619,-0.837365,0.057673,0.567029,0.483005,-1.093739,-2.175018,-0.090098,-0.726594,0.336669,1.484996,1.484113,0.183773,0.973526,1.487276,-0.045771,0.171557,0.728344,-0.122851,-0.566609,-0.806432,-0.080701,-0.681558,0.678164,-0.404412,1.316487,1.074831,-1.269395,0.950831,-0.467611,1.228942,0.409588,-0.12392,0.56279,-0.611313,0.235956,0.290022,-0.217459,0.293117,-1.029412,0.456982,-1.229797,0.520376,0.377104,0.603475,-0.602814,2.822176,-0.285391,0.076143,-0.786003,1.295698,-0.513751,0.881065,-0.962839,0.232415,-0.414837,0.824412,-0.336918,-0.88005,0.370897,-1.191646,-0.966473,0.673044,-1.832913
1255,1,0.25325,0.44548,1.937709,-0.375445,-0.194488,-1.16851,0.936682,1.287773,-0.407849,0.244247,1.32466,-0.015027,1.589693,1.329454,-0.153797,-0.528453,-0.660353,-1.053967,1.860261,-0.384943,-0.800001,-1.223874,-0.648501,0.719601,0.353938,-2.4781,0.239741,0.530694,0.670931,1.274278,0.45914,2.442173,-0.723709,1.160217,-0.801856,-0.535433,1.757453,0.956103,-0.689954,0.510271,-1.753407,-0.779828,-0.786651,-1.692065,0.564038,-1.353007,-0.160304,1.351564,0.575557,-0.7617,-0.468888,0.369129,-1.400154,0.498471,0.480578,1.395907,0.111697,0.12148,-1.776363,0.248028,0.980389,0.123135,-0.155642,-0.498122,-0.684092,0.086905,-1.438016,0.672444,-0.308504,0.477651,-0.281393,-0.064817,-1.245,2.018628,1.058697,0.18005,-1.05432,1.951661,0.492112,-0.200132,-0.688104,-0.115242,1.319055,-0.868305,-0.122891,-0.061348,0.582072,1.115203,0.080926,0.371294,0.353253,-0.758537,-0.059942,-1.233961,0.199518,-0.007232,0.158867,-0.666032,2.375364,1.10168,-0.276623,-0.893279,-0.033203,-0.260554,-0.017223,0.355373,-1.14923,-0.782269,0.044993,-1.964266,2.332874,0.88003,0.291114,0.953655,0.185561,-0.053334,0.434374,0.115619,1.092057,0.003395,1.168697,1.756524,0.679937,0.138717,-1.229264,-0.578666,-1.096019,-0.114278,0.978322,-1.680168,0.374825,-1.757022,-0.464804,0.703158,-0.565183,1.313688,0.174258,-0.233573,-0.011119,-0.122973,0.318871,-1.307797,-0.138216,-0.757442,0.103655,-0.784897,0.078899,1.891125,2.026829,-0.349458,0.098178,0.741228,-0.491431,0.057648,-0.607711,0.755688,-0.939775,2.122324,-0.988071,0.00558,1.507115,0.454677,-2.334067,0.779473,0.07591
1274,45,0.410896,6.146789,-1.43328,0.247334,-0.292943,-0.272741,0.129263,-1.310547,-1.188821,-1.834937,0.516157,0.443832,-1.056814,-1.169542,-0.060216,-0.972751,0.306536,0.63263,-1.316757,6.906695,-0.604235,0.80467,-1.946469,1.07398,-0.272763,0.028196,-0.577384,-2.107428,0.182685,0.949625,0.796152,-0.124008,-1.40404,-1.571571,0.735666,-0.167663,0.204614,-0.499033,4.466867,0.366455,-1.347376,0.862958,0.289793,0.702363,0.510972,1.245472,4.666892,8.102474,0.445317,0.387904,-0.031687,-1.35836,1.000712,1.668545,5.026594,1.0541,-0.334928,-1.438463,1.924992,0.003296,-0.942666,0.462433,-0.967064,0.791141,0.699759,-0.220142,0.523854,-1.323618,4.255616,-0.087618,6.545655,0.204435,7.331929,0.233166,0.811041,0.396554,-0.113991,-0.166171,-0.065238,0.931452,-1.564578,0.568936,0.305421,-1.830495,-0.553894,6.523451,1.387744,0.201266,-0.599653,0.363397,0.489699,0.427939,2.549659,0.275895,-1.327621,1.111946,-0.832973,1.895942,0.601533,-0.146483,0.042891,0.236975,5.807394,0.814058,0.221634,-1.004198,0.212707,6.788427,0.220528,-0.238936,3.641636,1.995103,0.078543,4.892556,0.053982,-0.428889,-0.671726,2.407998,-0.941797,-0.430153,-1.368383,-0.25037,4.285663,5.128469,11.745305,0.991856,-0.547069,-0.903936,1.899761,-0.33548,-0.146974,9.857425,1.064701,0.066789,0.284782,0.093772,0.122375,-0.437199,0.948617,0.228175,0.382281,-0.246344,-1.016704,1.069915,0.336758,-0.58225,0.18707,-1.737276,-0.053249,1.045286,0.464675,-0.300913,-0.121657,-0.327948,-0.181896,-0.116691,4.515352,-0.903001,0.020756,0.089853,9.237625,0.405167,0.163276,-1.177626,0.745796
1048,20,0.152331,0.754637,0.029088,1.109386,0.294156,0.696915,1.381555,0.204654,1.010281,0.250573,0.543177,-0.495439,0.794734,1.241642,-0.053009,0.813888,0.452742,-1.063441,0.378491,1.333506,-0.4492,-1.72823,0.233213,-0.603031,1.904015,-0.00806,0.027913,-0.586874,0.279391,-0.522237,-0.85493,-0.027584,-0.763667,1.331525,-1.113024,-0.037656,-0.642366,-1.322062,1.668687,-2.030406,1.463321,-1.351613,0.123642,2.256948,-2.053709,-1.311747,1.32257,0.205059,-0.500698,0.003842,-0.910981,0.155282,1.500666,-0.339854,0.171763,1.215128,1.98413,-0.541098,0.330108,-0.516292,-0.596388,-0.356856,-0.584581,-1.660964,-1.915037,-0.680697,0.164846,1.225602,-0.48428,-0.128555,0.682795,0.760616,-0.076947,-0.016798,1.8702,-0.292296,-0.44457,-1.557478,0.459581,-0.222897,1.905519,-0.292601,0.830526,0.949097,1.648778,-1.247625,1.567803,0.04834,-0.066841,-0.268426,-0.351248,-0.30151,-2.248224,0.534578,0.096462,-0.895069,-0.027212,2.283372,0.40708,-0.344164,1.707505,-0.743088,-0.115355,-0.505769,-0.196516,0.74943,0.601797,-0.679606,-0.091855,0.117473,-0.364932,-0.001705,-0.67017,-0.683877,0.076752,-0.974038,0.440877,-0.156087,-0.866028,-0.564977,-0.433985,-0.124031,0.142741,-0.171642,-0.814041,1.425407,0.912101,0.138877,0.956784,0.349008,-0.220742,0.11365,2.621475,0.995388,1.043047,-0.35303,0.613423,2.224004,0.444542,1.072221,1.251129,0.654719,1.559375,0.253118,0.512009,-0.579697,2.590268,0.324499,0.136678,1.376543,-0.443486,0.023783,-0.729384,0.050044,-0.347865,0.554219,-0.094526,-0.551656,-0.256938,-0.087264,-0.468091,0.935628,0.678673,0.168486,-1.123799
1076,14,-1.047162,0.470546,0.012128,-0.216149,0.327091,-0.743154,0.879282,0.795276,0.106172,0.7477,-1.032767,-1.804408,-0.572971,-0.228872,2.506506,-0.220195,1.042912,0.855939,2.122971,0.125499,0.663795,-0.185212,-0.857633,-0.99784,-0.77654,1.440174,0.294968,-0.145288,0.026631,-0.556234,-0.024654,-0.031255,0.662003,0.922031,-1.629093,0.24178,1.386746,-1.013287,-0.241292,0.178353,1.111991,0.607016,-0.209795,0.510785,1.048048,0.400768,1.871028,0.433716,-1.041403,-0.77469,-0.124009,-0.196795,0.632616,0.36536,1.728036,0.82362,1.498476,-0.752426,-0.416002,0.697519,0.104524,0.640855,0.263609,-0.608047,1.718615,1.156693,-1.541764,-0.603159,0.037379,0.694803,-0.05712,-1.347841,0.846899,-0.191892,1.219498,0.31909,1.018555,0.852681,0.900564,-0.491113,1.046763,0.222131,-1.228601,-0.375696,-0.318284,0.48814,0.704502,-1.094423,0.744882,-0.044274,-1.034542,0.8539,-0.739077,-1.170157,0.777785,0.920882,-0.636282,1.078508,1.024235,-0.494396,2.018741,-0.034334,0.249281,-2.357635,0.659744,-0.593079,0.465292,-1.681695,1.18042,1.480323,1.912575,-2.921149,0.613975,0.372202,-2.987432,-0.70151,-0.054579,1.450494,-0.800366,0.237661,-0.024345,0.398395,-0.36337,0.925712,1.005485,-1.32294,1.155138,-0.70931,-0.236599,1.16056,0.136858,0.613469,0.827459,0.638463,-0.495658,-0.907837,0.722898,0.800027,0.400643,-0.143949,0.900281,0.019211,-1.319794,0.327318,0.550351,0.820265,-0.841697,-0.69987,0.381019,-0.395092,-0.015277,0.988183,0.445877,1.873995,0.345317,1.761682,1.119175,2.597537,0.078145,-0.021791,1.366359,-0.446637,-0.393796,0.315714,0.446175
1065,46,-0.19892,-0.227258,0.174217,0.392151,-0.430371,-0.758449,-0.489398,0.846467,-0.388172,1.501847,-0.208023,1.417002,-1.169133,-0.6645,0.518151,0.528987,-0.122652,2.09296,0.107797,0.326782,-0.538958,1.704505,0.898284,0.450796,-1.614181,0.400492,-0.435261,0.430014,0.953866,-0.719577,0.252702,0.918117,0.19772,-0.296975,-1.031492,-0.638901,-1.243094,1.026385,0.13811,-1.188344,0.027809,-1.263708,-3.268424,1.246381,1.209235,-1.448621,-0.688588,0.239087,-0.352898,-0.826899,-0.483829,-0.209894,-0.523427,0.242554,-0.20126,-0.732461,0.055013,-1.635894,1.479766,-1.713905,-0.053327,0.370667,0.445262,0.291028,1.296072,-1.098036,-0.040123,0.175924,-0.468061,-0.565925,1.317634,-0.685187,-0.451091,-0.248387,-0.185097,0.189671,-0.179651,0.400745,0.16253,0.50699,1.3966,-0.81806,1.676183,-0.42296,0.690947,0.185994,-0.270743,-1.934944,1.635128,-0.731116,-0.762047,1.085422,0.099648,1.92244,1.703026,0.731128,0.275316,0.78439,-1.28984,0.194615,0.170475,-0.446646,0.276355,-1.432731,0.922069,1.305715,-1.267602,0.167285,1.562023,0.439442,-1.004413,-0.961282,0.871071,1.846787,-1.058661,0.058799,-0.750848,-0.261893,0.328173,-0.020371,-0.660957,2.112769,-0.136776,-0.160085,1.122896,0.032502,-0.180958,0.962884,-1.0071,0.763052,1.043058,0.677638,-0.157269,0.012036,-1.683942,-0.109442,0.306766,0.880061,0.160413,-0.366323,-0.811801,-0.02589,0.15275,1.218496,0.028055,-0.47683,-0.087092,-0.459417,-0.213487,-2.166693,-1.558471,-1.163773,0.479841,-0.058685,0.16403,1.16899,-1.013334,1.14936,0.398715,-0.688306,1.49106,-1.39301,-1.096791,-0.188064,0.418453
1111,16,0.484619,0.810991,-0.224174,-0.133745,1.368093,0.10043,0.494679,-1.075664,-0.599681,-2.118483,-1.355293,0.365713,1.236988,-0.264185,-1.183124,0.092823,1.135659,-0.161421,0.912273,-0.061814,-1.220297,-0.898498,-0.253119,2.263713,0.580857,-0.235285,0.288926,0.211995,-0.437922,-0.103079,-0.251058,0.737179,1.548131,1.318283,-0.314435,0.550524,-0.716804,-1.081867,0.076876,0.605745,-0.060246,0.822971,0.823401,0.753049,-0.150588,-1.347042,1.788329,-0.470004,0.728446,0.484592,-0.341199,1.813784,0.671016,-0.010999,-0.4111,-0.95664,-1.252074,0.568766,-0.434245,-0.446449,0.503266,-0.342094,0.648079,-0.63148,-0.512032,0.911556,-0.672061,0.607343,0.503262,0.010036,-1.635315,-1.29407,-1.080911,-1.271784,0.854938,-0.859525,-1.22552,-0.499867,-0.09505,-1.648678,0.598879,0.715371,-0.588126,0.798912,-1.535612,-0.545125,-0.161497,0.06935,1.133889,-0.325771,-0.997619,0.211722,0.152829,0.441196,-0.329822,0.169653,-0.563551,0.554451,-0.653188,-0.612158,1.148765,-0.750691,0.00237,0.558121,-0.314467,0.889711,-0.573104,1.00388,-1.535158,-1.333199,0.06413,1.405558,1.585219,-0.847553,-0.031116,-0.485806,-2.110051,0.710642,-0.371456,1.345616,0.271808,-0.52478,-0.682257,-0.187327,0.444887,-0.484067,2.756704,0.202552,-1.119913,0.077386,1.12411,0.420356,-0.327799,-0.654314,-0.778869,-1.166967,-0.509272,0.256162,-0.558608,1.598142,0.368994,-0.438279,-0.034335,1.440327,-1.678277,0.231026,2.633011,0.983405,-0.891939,0.12067,-0.233752,2.735894,-0.663175,-0.270396,-0.327373,-1.403772,-3.248069,-0.235944,0.504179,-0.428234,0.484236,0.738448,0.684505,-1.672883,1.482071
1089,36,-1.695209,-0.870957,-0.805555,0.089839,-0.73551,0.369045,-0.855576,-0.515902,0.599582,0.314026,0.148387,-0.040259,0.995136,1.364685,-0.371516,-0.723901,-1.036874,1.722143,-0.892838,-1.317755,0.26364,1.042906,-1.23038,-0.125775,-1.429103,-0.693839,1.615902,0.164632,-0.261067,0.068582,0.278735,-0.104469,-1.182735,-1.176422,1.995334,-0.761758,1.188255,-0.715654,1.290951,0.690281,-0.211316,1.995944,-0.930271,-0.234473,-0.854218,-0.773656,-0.362397,-0.95252,-0.325079,1.568306,-1.729813,-1.249277,-0.948146,-0.46465,1.002871,0.714464,0.473695,0.200985,2.378335,-1.121276,-1.145945,-0.026222,0.202857,-0.23718,-0.836847,-1.301722,-0.276135,-0.704721,-0.479686,-1.075907,1.329788,0.446987,1.839198,-0.513484,0.057196,-0.248216,0.019441,-0.255526,-0.16485,-1.959603,-0.271707,0.685985,-1.936585,-0.347251,0.567544,1.256448,-0.085322,0.451993,1.740683,1.287366,-0.449284,-0.601629,1.010932,0.220177,-0.539522,-0.23034,0.313209,-0.199554,-0.253359,-0.235674,-1.482267,1.722728,1.211138,1.502487,-0.13437,0.12371,0.570802,0.813875,-1.816011,0.350729,-0.992097,-0.072413,-0.658903,1.691125,0.533393,-0.028255,1.383136,-0.071285,-0.72028,-0.184932,-0.36335,0.046667,0.833497,-0.117738,-0.06539,1.004747,0.28562,0.94102,0.133011,-1.293432,-1.113621,-1.646475,1.128938,0.411075,-0.47143,-0.982793,0.357615,-0.131892,0.316969,-0.837082,-1.100093,1.556821,-0.944843,-0.023184,1.325607,-1.818251,0.693752,0.067945,-0.14283,0.267457,-1.176468,-2.204063,1.872101,-0.284037,0.882309,1.097086,0.28527,0.451732,0.705722,1.562204,0.487402,1.249886,-0.288176,-0.418724,0.084198
1292,49,-0.547723,-0.060201,5.515628,-0.547561,-0.994378,-0.40666,1.015537,1.39931,2.029344,-1.575619,-1.208473,0.875097,0.636494,1.375966,0.705848,0.098538,-1.468203,0.517424,0.282952,0.083957,0.344083,-1.626533,0.91611,3.895278,1.373643,0.312164,0.356261,-0.690054,-1.185258,0.391859,-0.906445,0.43091,-0.096706,-2.094191,0.421078,9.657705,-0.804499,-0.965032,0.254744,-0.481935,-0.050346,-1.24158,-0.549154,-0.379233,-0.421622,1.322199,-0.770633,-1.625892,-1.174573,-0.905515,0.442065,1.367225,0.035396,1.075489,-0.796117,0.876557,7.255673,-0.073521,-0.516564,-0.180419,1.023061,-0.397739,0.431248,-0.240964,-0.427713,-0.000119,-2.046502,0.235129,0.321017,-1.27625,-0.208205,0.120778,-1.113605,0.029864,0.753649,0.723809,0.087536,9.059721,0.946642,-0.603415,0.110783,1.601601,0.593985,5.901388,0.882035,0.177145,-0.601361,-0.58717,-0.343398,-1.915967,-0.371565,-0.888468,-0.362755,-0.398804,0.359666,-0.111161,-0.283217,0.075621,0.26342,-0.587699,-0.554492,-0.100459,6.618464,0.379619,-1.643568,-0.716888,-0.43948,-1.643297,-0.101889,0.796036,-0.970542,-0.678064,1.023412,-0.575073,-0.364628,0.034182,2.609383,0.464653,0.292868,-1.281159,0.630183,0.145662,5.611924,0.550219,-0.571907,1.087719,-0.319662,-0.496605,-0.050769,-0.090614,-0.465823,0.027361,-0.722872,-0.756786,7.615037,2.767067,1.078411,8.980428,7.478241,-0.755082,-1.886508,-0.782477,1.097986,-2.678267,0.515091,-0.054152,0.891247,8.297459,1.174842,-0.664849,0.024532,-0.996802,-0.447031,0.195786,0.612091,4.627817,0.660477,9.284382,4.970034,0.569742,5.57594,0.55849,0.165857,-0.153186,0.827757
1026,21,-0.42804,-0.254735,0.687998,-0.523013,-0.205545,1.664413,1.440466,0.581674,0.22109,-1.014224,0.510289,0.010801,0.173127,-0.564659,-0.059178,-0.231109,0.267667,1.377925,0.313593,-1.702129,-1.015746,-1.628159,-0.839279,0.510322,0.352508,-0.645518,0.218238,-0.803188,-1.4655,-1.451216,-0.905245,1.369616,-1.386323,1.192384,1.276545,-0.230472,-0.09795,-0.661019,-0.074089,0.607245,-0.040876,0.944864,1.133733,0.292166,0.275708,-0.112324,0.294506,-1.163308,0.353313,0.153384,-0.912074,2.09598,-1.02169,-0.918983,0.225856,-1.985462,-0.842099,-1.573919,-1.01705,-0.1851,0.265951,1.048694,0.751433,1.129081,0.533938,-0.520968,1.059612,-0.541042,-0.66695,1.472638,0.732624,0.164758,0.696647,0.822949,-1.415269,-0.148432,-1.232303,0.067148,-0.725063,1.301885,0.462868,-0.865986,-0.073669,-1.265366,-0.014814,0.491127,0.207407,-1.98344,-0.390738,0.452387,0.249655,1.102051,-1.34061,0.466893,-0.706899,0.138354,0.348643,0.62965,-0.633437,0.127853,-1.22461,-1.466982,0.497851,-0.111602,-1.675401,-0.907118,-0.038559,1.496817,0.986671,0.740023,-1.842463,-0.155198,0.418874,0.335556,0.357675,-0.2913,1.698931,1.41751,-0.152033,-1.037716,1.994611,-0.610771,1.137953,1.850227,-1.001513,0.23201,-0.405947,0.456265,0.261832,1.886557,0.531519,-0.067219,1.0671,-0.330392,-0.423744,2.179508,-0.879382,-0.547394,-0.014614,-1.115319,-2.167422,0.996846,-0.843269,-0.599788,-0.431019,-1.040141,-1.132697,0.102019,2.338825,0.677575,0.688043,-1.564185,-0.082963,-1.242116,0.713293,-0.286901,-0.020693,-0.147401,-0.642428,-1.580271,0.52069,-1.441902,-1.239616,-0.356582,-0.765047
1228,5,-0.279267,1.997833,-1.030001,-0.46824,0.957104,2.398903,-1.378266,0.525731,-0.745208,1.484977,0.684856,0.305731,1.076368,0.152202,-0.094894,0.407606,-1.597601,-0.075809,1.013325,-2.712073,-1.794319,0.584952,0.552839,-0.002061,0.570589,-0.236743,1.280717,-1.123701,1.512863,-0.153295,-0.808411,0.66726,-0.437637,1.735212,-0.461163,-1.268487,-2.05042,0.172953,2.17664,0.741945,-0.060072,-2.394366,-1.396621,0.405873,-0.567132,-0.05943,-0.055194,0.55389,-0.656868,0.59698,1.082167,-0.165662,0.547452,-0.212465,-0.577859,0.175371,-0.329727,-0.803353,-0.217431,-0.301076,0.870284,1.203254,-1.723024,-1.901977,-0.811845,1.056985,-1.273734,-1.213889,-1.998378,-0.887235,-0.349049,0.936142,1.801235,0.004342,0.392488,0.53092,0.105114,0.409813,-1.712193,0.550853,0.764498,-1.604701,-1.019158,0.21501,0.376622,0.55575,1.493827,0.696326,2.311514,-0.392681,-0.95598,-1.419115,0.752178,1.325914,-0.797308,-0.024354,-1.346783,1.575348,0.195748,0.949462,-0.913907,0.242491,1.211317,0.257281,-1.588646,-0.826702,-0.343816,0.538633,0.328282,0.953042,-0.111433,-1.284433,1.040122,0.401708,-1.599468,-0.1282,-1.224858,2.383084,-0.226646,0.033993,0.992561,-1.286131,0.68953,-0.123805,0.431368,-1.440433,0.502639,-1.496361,0.084514,0.401495,0.570279,0.910194,-1.654155,1.763886,-0.162114,0.116957,1.021684,1.825594,-0.795472,0.038207,0.214436,1.394596,0.396521,2.249283,0.79669,-0.55668,-0.591404,-0.122618,0.007865,-0.636398,0.283871,0.967825,-0.294578,1.069967,0.730153,0.432152,1.512102,1.482564,-1.127497,0.304698,0.602448,-1.073572,-1.503213,-0.093215,-0.932999
1153,41,1.238579,-0.252204,1.000902,0.77779,0.021341,1.059717,0.326643,-0.061547,2.98502,-1.925609,-1.10125,-0.971219,-0.385426,0.196429,-0.191947,2.247618,-0.478613,-1.03561,0.041133,-0.40177,-0.45499,0.927388,0.330755,1.126428,-1.02215,0.619077,0.03585,-0.587942,-1.522803,-0.059589,-1.120255,0.724233,0.466186,0.488101,2.755412,1.262432,-1.966749,0.598989,0.222815,0.224422,-0.47381,0.917729,-2.753997,-1.294646,0.618361,0.199049,0.914053,-0.360734,-0.513971,0.780591,0.174043,-1.691113,0.939471,-1.058907,0.881366,0.197176,0.580401,1.016241,-0.986483,0.654214,-0.047292,-0.240445,0.016082,-0.486363,0.051751,0.250588,-0.618452,1.086154,0.104671,-1.075608,0.46035,0.522585,-1.39986,0.295473,-0.361436,0.262866,-0.159079,0.391172,0.191679,-2.229763,0.087328,0.550118,0.720086,1.229262,0.34386,1.302498,0.855891,-0.454624,-0.674346,1.267327,0.703143,-1.711803,-1.027786,1.155665,0.167554,-1.690035,0.445544,0.98658,0.65411,-0.036768,-0.184198,-0.51369,-0.498176,0.278759,2.496283,2.562814,-0.155173,-1.452261,-0.081762,-0.267888,-0.237694,-1.637573,-0.061535,-0.631771,0.054928,-1.518595,0.04288,-1.189978,-0.814764,-0.634378,-0.534586,-0.531907,-0.548322,-0.600246,-0.686185,-0.561766,-0.338185,1.866125,0.913693,-0.5837,-1.346227,1.12823,-0.006534,0.353828,1.153974,-1.87517,-0.594131,0.191735,1.384929,-0.07494,0.084871,-0.02893,-0.033864,0.156881,-0.558177,-0.696402,-0.368615,0.624469,1.161727,0.136525,-0.261425,1.222612,0.559031,0.735595,-0.114091,-0.40382,0.491964,-0.145929,1.165547,-0.861996,0.33521,0.02768,-0.992395,-0.339806,-1.025271
1271,26,4.046192,-0.648692,5.003944,12.778379,0.437924,1.290213,0.696093,-0.194131,-1.124925,-0.927537,-1.731583,0.502229,0.020271,0.214535,0.569889,2.08789,-0.25073,0.37826,5.307048,0.847798,-0.138364,1.42406,5.290565,0.148445,-1.710512,0.26673,-0.080587,-0.298024,-0.64178,2.752114,0.897514,8.547806,-0.505407,0.716348,5.671093,1.45778,4.406874,6.297938,0.088506,-0.506233,0.133932,-0.629915,5.712828,1.203062,0.182185,0.542744,0.890695,0.917475,0.478066,-1.522359,-1.052998,1.546581,-0.69316,-0.072133,1.137933,-0.818341,2.297973,-0.818785,0.884954,8.481481,0.694842,2.370981,1.315947,-1.867267,-1.797589,-0.124803,-1.817155,0.997536,-2.009657,0.060282,-1.017404,0.621842,2.084153,0.106497,-2.519958,-0.680955,-0.802674,0.063377,1.536007,-0.435656,-0.705352,-1.436522,-1.624503,-1.311295,-0.16869,0.626319,8.852799,-0.555109,10.403398,-0.707423,1.050127,-1.316295,-1.676721,0.113172,6.017754,1.381986,8.080881,0.359224,0.354968,1.262421,1.341681,-1.316689,-1.999238,-0.762918,0.629632,0.873251,-0.595213,1.959763,-0.092734,1.433565,-0.039221,-1.384092,-0.493669,0.950967,9.148591,0.197135,2.212801,0.363789,0.770757,0.684832,5.856162,-1.055335,0.241804,0.016284,-0.302222,0.455893,-0.147411,1.22839,1.047786,-0.314712,1.662722,0.132878,-1.387599,-1.121698,-0.287374,0.756663,-0.416729,7.803734,2.384643,-0.75167,0.327567,-0.684726,1.491179,-1.618364,1.049915,-0.230425,0.305567,0.449101,-0.448807,-0.688757,2.041442,0.765597,0.576905,1.690433,-0.515553,1.101492,0.002955,-1.448304,-0.53776,0.329521,-0.721098,-0.820272,0.85729,0.299398,-0.335176
1232,24,-0.860448,0.241674,-0.997215,-0.197728,1.95989,0.023831,-0.633119,1.233305,-1.772095,0.056314,0.825095,-1.60567,0.639917,2.273912,1.590854,-0.964568,0.606299,-0.521246,-0.441551,1.695113,0.203444,0.014991,0.040097,-1.085026,-1.30066,-0.2807,0.2721,-0.037746,1.609502,0.717307,-0.443205,-0.166711,1.977057,1.693524,0.773148,-1.111832,-0.751383,-0.345913,0.447934,0.335185,0.651308,-1.953984,0.142811,1.052597,0.551501,0.039982,-0.346338,-0.308159,-1.018656,-0.060403,1.227511,0.000428,1.509968,-0.305404,-0.483091,1.180223,-1.10285,-0.405839,-1.365948,0.004372,-0.93479,-0.769768,-0.742308,-0.594352,0.720705,1.251798,3.514382,0.329473,1.184472,-0.881044,0.259748,-0.221174,0.173908,0.366682,-0.293678,-0.430636,-0.688443,-0.47337,0.458603,-1.531796,1.694945,1.036258,-0.819708,1.084719,0.53186,-0.990917,-0.808757,0.401945,-0.752401,0.207646,-0.42153,1.485809,-1.284793,1.463287,-0.645344,0.227821,2.043958,-1.057714,-1.226708,-1.115106,-2.187597,-0.641958,2.462476,-0.666444,-0.293516,0.82994,0.609752,-2.100424,0.498988,1.735556,1.573555,-1.683797,0.295041,1.253722,0.878297,-0.61453,0.353352,0.423022,-0.446531,0.177137,0.171688,-0.649947,-0.305596,-0.621336,1.565968,0.311808,1.002542,0.398422,1.039102,-0.453318,0.285893,-1.162288,0.334356,0.285316,-1.70384,-1.808138,-1.06737,0.522901,-0.780974,-0.447379,-2.08806,3.238559,-0.320579,-1.325867,-1.565974,1.124016,-0.148485,0.248941,0.294893,-0.173197,0.617368,2.261676,-0.510974,0.039818,0.672641,0.396778,1.370414,0.339933,-0.396872,0.814025,-1.521242,0.09393,0.343422,1.916952,-0.634828
1322,40,0.280898,-0.302996,0.778342,2.118212,0.169717,-0.507745,6.62088,-0.823549,-0.780288,0.330347,3.392122,0.425121,0.203292,1.1699,0.470553,-0.62474,1.530027,3.644559,1.017447,1.74005,0.508848,-0.303597,-2.628898,-0.112824,0.510084,5.062629,-0.47254,1.431619,0.952246,0.233264,1.514812,-0.76077,1.307613,-0.09192,1.179271,-0.295581,-0.114435,0.995474,0.819256,-0.253834,-0.350441,-1.268367,-0.893126,10.564396,7.463625,0.6157,-0.456678,-0.543538,1.517905,1.251948,0.9232,-1.914342,0.58948,-0.746642,11.032294,-0.615141,-0.899914,6.114236,-0.908411,0.632194,0.209737,-0.121491,-0.130519,8.837129,0.472307,0.582975,-0.330245,1.155999,0.170714,0.120245,0.960296,0.187678,0.310271,-0.127303,0.141798,0.107513,1.322491,0.752735,-0.440789,-0.16998,0.305487,-2.111799,-0.768727,-0.117272,1.117559,-2.006015,0.004848,0.147881,-0.71392,-1.354031,-0.194581,-0.819341,0.066022,1.392101,0.856394,-0.974829,8.421525,1.020971,-1.233941,6.070435,-0.944434,8.320553,0.515212,5.859953,0.523046,-0.234531,0.018982,-0.146274,4.921524,-0.303882,1.139912,-0.5672,0.139063,0.127471,0.709856,-0.191618,0.577662,0.321953,0.126748,1.356283,0.483568,0.401574,0.579476,-0.26844,0.592177,-0.655592,-1.251949,0.25751,-1.153672,0.763862,6.100397,2.246673,0.094281,-0.264165,0.049244,-1.811339,1.544942,-2.837686,-0.479982,-1.209983,0.229545,4.547372,-1.409701,-0.630738,-0.049804,0.906874,-0.96924,1.100192,-0.055171,1.222037,0.198429,0.005633,1.43828,-0.632356,-0.277809,7.210838,-0.373544,0.060201,-1.391374,7.035663,0.925162,-0.327793,2.110504,11.025448,-1.87846
1084,31,-0.557978,1.072637,0.898595,-1.23904,0.525902,0.470254,-0.698303,0.575421,0.744601,-0.681689,-1.916575,0.406835,-0.702595,-1.650763,-0.35543,-2.293818,-0.311334,1.473567,-2.748834,0.461863,-0.879487,-0.38284,-0.868139,0.635073,0.006734,-0.741915,-1.253859,-0.397833,1.136357,-1.162211,0.421671,0.345909,-1.926282,1.08983,-0.021906,2.187163,1.707881,-0.225505,-0.133064,-0.961674,-1.320263,0.792417,-0.227667,-0.374967,-0.14922,0.680436,0.935767,0.018392,-0.171523,0.11828,2.03778,-2.00855,-1.112415,0.481843,0.162295,1.219676,1.300409,1.952977,-0.76162,0.619251,-0.212101,0.969396,0.202028,0.886382,-0.704715,0.182282,-0.480919,-0.233843,-0.422586,-0.98612,1.114514,0.311702,1.091426,-0.951444,-1.890438,-0.609881,-0.125234,0.79765,1.058785,1.219504,1.531161,0.738444,0.13388,-0.72401,0.697347,-0.466545,-0.763714,0.600013,0.240444,0.864268,-0.677611,1.173767,0.377781,-0.140355,-0.7176,-1.031581,-1.313584,1.399822,-1.366508,0.644946,-0.217068,-0.539469,-0.438907,-0.069329,0.913432,0.578393,0.024171,-1.319937,-1.722226,1.858077,-0.963543,-1.514847,1.127422,-1.446469,0.753635,0.939298,0.268849,0.970871,-1.340888,-1.176255,-0.165611,0.021193,-0.058933,0.480937,-0.700047,-2.068465,0.421512,-0.200271,0.82198,2.06455,0.101692,0.593616,-0.856187,0.914206,0.356511,0.266995,0.920488,-1.088508,0.575434,0.471117,1.582495,-1.751197,-0.066115,2.173781,-0.378658,-0.40761,1.772531,2.482077,0.134931,-0.679601,-0.56122,-0.367493,-0.808129,-0.772838,0.191731,0.058948,0.489292,0.046636,-1.167099,0.745422,0.261948,-0.552085,-0.246206,0.335322,0.096706
1174,1,1.8203,0.997499,2.093529,1.010715,0.451556,0.758653,1.325458,-0.748293,-1.419671,-1.359268,0.777901,-0.297381,-0.247022,0.146894,0.81003,-0.346432,-0.754173,-0.447366,0.773427,-0.148646,0.615482,1.019244,-0.227821,-0.767534,-1.167174,-0.490521,-0.987023,0.210698,-1.252924,0.178021,-0.393808,0.772132,-1.059089,0.096418,0.694122,-1.551577,0.334722,-0.54263,-0.905189,-1.478561,0.043656,-0.600836,-0.384182,0.695393,-2.97316,0.83956,2.184092,-0.097911,-0.417582,-0.138244,0.838612,2.356683,-0.832381,-3.000977,0.256901,-0.113855,-0.195743,-0.254859,-2.166548,0.262626,-0.74521,0.241559,-0.513744,-0.923247,-1.822452,1.312412,-0.121187,0.300716,1.464748,0.449667,0.195283,-2.295976,1.074437,0.81911,-1.136536,-1.535076,0.329575,-0.212906,1.364596,-1.337334,-0.114786,0.579103,0.392354,-1.259129,-1.446238,-0.50349,2.034922,-0.838026,-0.497335,0.797438,0.395801,1.291651,-0.716877,-0.700187,0.753722,-0.274248,-0.062521,-1.047822,-0.805926,-0.816783,-0.664112,-0.743582,-0.363963,-0.390971,0.996336,1.673448,-0.376326,1.472068,0.42572,-2.235494,0.214235,-1.454242,1.015881,-0.560475,1.484191,1.333787,-0.52844,-0.999731,0.99736,-0.901298,-0.129017,0.916228,-0.167375,0.653886,1.84195,0.295589,0.643809,-0.604216,-2.653155,0.117833,-0.017096,0.492303,0.005119,-0.628303,-0.618766,0.039432,-0.905415,-1.373107,0.214728,-0.062717,0.51728,-0.561939,-0.171243,-0.934484,-0.42017,0.781874,1.63361,-0.310108,0.400681,-0.749869,-1.45525,-0.584692,-0.265889,-0.33416,-0.813139,0.138431,1.067315,-0.556961,0.359679,0.525661,0.93718,0.605992,0.933418,0.043344,-1.265204
1141,25,0.124916,0.823261,-0.878952,0.514439,0.026533,0.503924,-1.811425,0.104845,-0.238034,0.215257,-0.656239,-0.105475,-2.133432,-0.009073,1.346932,0.200385,0.077846,0.346327,1.395512,-0.658545,-1.437982,-1.084481,-0.655172,0.09842,0.815312,-0.717947,-0.99379,0.882088,1.059514,-0.755366,0.751463,-0.177766,-0.479284,-0.1254,-0.844527,-1.678722,-1.398259,-0.748087,0.29058,0.384988,0.842515,-0.78557,-0.035093,-1.431955,-0.979371,1.006404,-0.142121,1.852829,0.664485,-0.476245,-0.6985,-2.058687,1.287281,0.972802,3.549173,2.043343,0.3209,-1.042388,-1.759963,-0.389509,-0.037754,-1.467087,0.681888,0.955597,-0.98325,-0.26072,-1.407077,0.996196,-0.898023,-1.138475,-1.966494,-1.030848,-1.736998,1.042694,0.617613,-1.237586,-0.901697,-0.090324,0.094689,-1.072274,1.329944,0.618636,1.999169,-2.7865,-1.595816,0.703854,0.206698,-0.298142,-1.169536,0.489304,-0.530527,1.345214,1.093163,0.905285,-1.860274,0.308738,1.748893,1.832654,1.238457,1.133319,-0.777738,1.463031,1.878037,0.42,0.509652,-0.152312,0.183831,-0.313518,0.47295,-0.179611,-1.533002,-0.627957,0.404661,0.20346,1.457008,0.960933,1.295398,-0.055108,1.070379,-0.716734,-0.681599,0.89214,0.236702,-0.801536,0.952504,1.458529,0.766779,1.314817,0.927563,0.92322,-0.813804,-1.882198,-0.350024,-3.266162,-0.567185,-1.131964,0.10565,-0.72787,-0.011287,-0.911896,-0.269361,1.489715,-1.049999,-1.766891,1.406615,0.763221,-0.04987,-0.421629,0.294103,-0.38381,0.957936,-0.317575,-0.647563,0.540512,-0.823661,0.54172,-1.203259,-0.561349,0.167142,-0.721214,0.97416,-0.106427,0.195254,-1.993345,0.548986
1090,9,0.531877,1.928508,0.832055,0.064746,1.969195,0.327181,0.355929,0.488943,-0.327008,-1.077811,0.132869,-0.304752,-0.85322,0.120486,-0.194694,-0.583694,-1.756195,-0.164506,1.741649,0.880698,1.072019,-0.018905,1.046699,-0.663454,-0.44963,0.515378,-1.408026,0.058748,0.299933,1.671238,-0.688982,0.419157,-0.641737,-0.536637,-2.665535,-0.92589,1.140935,0.515499,0.158946,2.441193,0.538187,-1.220248,-0.196982,-0.05341,1.591992,-0.885791,0.422265,0.970513,-0.796669,0.091248,-1.983597,0.102566,-2.173905,-0.376948,1.705541,0.409433,0.054932,0.154433,2.137121,0.55238,1.034211,-0.426364,-0.423498,-1.027585,-0.168268,-0.684921,0.98036,0.639864,-0.111039,-0.531731,-2.854656,-0.579728,0.306331,0.658259,-3.044255,-2.368622,0.161536,-1.015497,-0.209773,-0.462868,0.585543,-1.831437,-0.558269,0.936631,0.209993,-0.814158,0.453518,0.286886,-0.873215,0.687843,0.672291,-0.125206,0.935719,-1.152596,0.761655,-0.184976,-0.921723,-0.583522,1.159109,-0.543249,-0.337811,-0.641892,-0.777618,0.956088,2.193526,1.328708,0.506618,0.752739,-0.335718,-0.484512,-1.154385,1.428921,-0.328829,-0.701991,-0.623731,0.19449,-0.536427,0.024247,0.171,1.32829,-1.219734,0.299149,-0.680401,-0.417274,1.607347,0.625017,-0.375823,0.492364,-0.012401,1.104716,-0.473352,0.490271,-0.196603,0.018565,-0.142818,-0.604973,0.11325,0.976925,-0.590117,-0.373852,0.372274,-0.735812,0.86772,0.706422,-2.25774,-0.637339,-1.057265,0.825987,0.935338,-1.173623,-0.668238,-0.070295,-0.355351,0.719326,0.975762,0.593222,1.086597,0.933582,-0.060168,-0.418477,-0.718276,0.818301,0.888749,1.012602,-0.312104
1278,45,0.769522,1.953852,1.530348,0.328014,-0.599686,0.462145,0.151855,1.838189,0.94938,-0.538084,-0.880324,1.030732,1.37488,2.422361,-1.108682,-0.408492,0.066907,-0.602105,-1.282332,-1.131202,1.085988,-1.269856,0.552071,-1.230273,-1.793141,-1.106515,0.599659,10.791388,-0.716341,-2.019138,1.946626,7.118825,11.38508,-1.218161,0.769722,-1.018678,1.351283,-0.296351,-0.720733,-1.098951,0.935506,-0.883239,-1.050483,-0.300449,-0.280013,-0.914174,8.313498,6.331576,1.016602,-1.997383,-1.768559,-1.570748,-0.119604,-0.063143,1.039028,-0.178659,2.172651,-0.137649,1.511355,-0.66857,-1.278724,0.185848,6.981254,0.142713,0.565788,0.712147,0.196759,-0.307946,1.21032,-0.461217,-0.099056,-0.17131,-1.629386,0.062925,4.32169,-0.287703,-0.325105,0.267034,1.418715,6.334099,0.285481,1.236957,1.482235,0.839486,1.590718,-0.994183,7.329628,-0.881019,-0.383458,0.084924,0.068851,-0.165704,-1.467682,-0.51075,0.724421,-0.018364,0.284641,-1.942711,-0.761554,1.575798,1.522662,0.011999,-1.364104,-0.207589,1.185259,0.011575,0.807979,-1.331415,0.312058,8.334511,-0.509689,4.377046,1.309863,5.673033,-0.264368,-0.317477,4.53013,-1.237295,-0.440535,1.587213,-0.322256,0.919785,0.329768,-0.037461,0.759613,0.807506,0.79918,-0.500917,0.061803,0.781474,4.340735,2.117457,-1.562126,-1.015367,1.159723,0.53321,-0.429236,0.922251,-0.329502,-0.575392,-0.575233,0.220273,1.470775,-0.280423,0.338537,-0.60962,-0.317608,8.223258,7.759921,-0.785821,-0.597112,1.454747,-1.348206,0.494894,-0.794957,0.666718,1.723297,-0.693559,0.544713,-1.054302,0.481153,0.486744,0.117944,10.183693,0.258505
1102,25,0.263145,-0.980409,-1.083466,0.697633,0.708248,0.194299,-1.480745,-0.218851,0.290008,0.655955,1.200347,0.496489,0.98426,1.653595,-2.182588,1.01138,-0.36044,0.521241,0.259593,-0.921715,-0.808366,0.476241,-0.114839,0.759365,-0.312306,2.116072,-0.187534,2.045999,-0.671804,0.593357,1.135436,-1.200583,-0.871427,0.445217,1.155814,1.364816,0.586461,1.059799,-1.060538,-0.351565,1.438587,-0.475775,-0.176844,-1.611528,-0.128317,-1.471363,0.39782,1.462468,0.3528,0.212755,-0.33132,0.57842,-1.011465,-0.390729,2.119762,-1.199716,-0.491762,-1.287684,1.228056,-0.178142,-1.17084,-1.153754,1.10831,0.69116,0.809335,-0.01661,0.90504,1.302097,0.68104,-1.492682,-1.845148,-1.361922,0.295217,-1.396865,-1.000764,0.068018,-0.808276,-1.19415,0.951626,0.501927,0.784166,0.910745,1.409501,-0.013342,-0.155936,-1.663494,-0.212632,-0.556007,1.021104,0.66165,1.429532,1.061444,1.15218,0.520976,0.146483,-0.354571,-0.00697,-0.904749,0.383997,-0.07176,-1.94214,-2.587252,-0.693924,-0.444413,-0.285999,1.244811,-0.601194,-1.218333,0.366998,0.96098,1.578729,-0.973187,-0.243405,-0.410032,1.446007,0.667382,0.019933,0.69143,-0.346091,-0.198599,-0.037476,-0.484867,-0.246998,0.333017,0.225067,1.413434,0.819033,-0.078275,-2.108393,-1.427318,-0.491588,-0.378318,-1.265823,-0.37251,0.094807,-0.620662,-0.151687,-0.106447,-0.690132,-0.843979,-0.1421,0.235759,-1.015648,-1.97225,-0.935462,0.460053,-1.565581,0.859479,-0.584825,0.09461,-0.764983,0.528135,0.019966,0.324949,-1.884855,0.659538,-1.632894,-0.348062,0.463238,-0.21449,0.444526,0.128666,0.054791,-0.802915,0.92453
1077,11,0.327602,-0.233366,0.049912,0.253026,-0.110988,1.147837,0.566364,-0.10317,0.160227,1.119778,0.868448,1.348164,-0.047273,0.227871,2.092787,0.0557,1.764967,0.934262,-0.330212,-1.292923,0.72881,-0.602145,-0.605269,-1.620068,1.278729,0.202194,0.126132,0.493339,0.343402,0.196739,0.615735,-0.170803,-2.460805,0.836672,0.525953,0.127039,1.681774,-1.281928,-2.770116,1.582138,0.515939,-1.527095,-0.300284,0.71955,-1.100397,0.655623,2.207719,1.48474,0.073896,0.425335,-0.836986,0.235833,-0.225263,-0.882469,-1.228879,2.021267,0.1901,-0.910505,-0.31393,1.580945,1.713273,-0.506132,0.298264,0.988695,-0.239987,-1.063088,-0.864277,0.114373,-0.663003,-1.182842,-0.130874,1.028324,0.780884,-0.124057,1.996851,-0.677368,0.027704,-1.253141,0.874378,-0.022173,-1.567996,-0.720419,1.884384,0.817864,0.210671,0.958348,-1.485818,-0.721362,-1.21681,-0.722286,-0.280935,0.623934,1.097706,1.069575,2.762579,-0.392504,0.078106,0.601466,-0.72558,-0.18906,0.50147,-0.780804,0.562178,1.31092,-1.012622,-2.173213,0.176326,-0.939957,0.264621,-0.353624,0.393704,1.214906,0.902445,-0.264664,-1.070821,-2.376628,-2.069737,-0.703023,0.180927,-0.58856,-0.511826,-1.508594,-1.562915,-1.639594,0.685917,-1.899649,0.734659,-0.837163,0.588241,0.289897,0.797878,1.225583,-0.735541,-0.925047,-0.399775,-0.734998,0.685429,-0.086496,0.028762,0.434987,-0.450081,1.108674,-1.811049,0.246535,0.50948,-0.750972,-0.677962,0.907871,-0.308461,-1.902467,-1.334812,1.007309,-0.870699,1.307187,1.365546,-0.196728,0.54296,-0.820115,-0.399349,-0.693889,0.586341,-1.276073,-0.131291,0.048387,0.51263
1272,16,0.344596,-0.416065,-0.38599,0.385313,0.206397,4.119113,0.930125,-0.278237,-0.181918,0.43633,-0.602949,-1.360669,-0.012031,-0.686386,-0.323621,1.265494,-0.603445,0.995528,-0.763986,0.063443,-1.557802,0.186541,0.677605,-3.058519,-0.837393,0.451226,0.247015,-0.585019,-0.143569,8.301006,0.378317,-1.589871,3.306136,-0.709758,4.729639,0.184976,3.948194,1.258199,0.738407,0.512695,1.792021,-0.377757,-0.054968,1.000333,8.2e-05,-0.836621,0.55359,0.734633,-1.238213,0.675122,-0.557231,0.056487,6.59645,1.475002,0.375108,1.168456,-0.17387,0.392578,-0.527273,1.398543,0.117625,-0.478616,1.09743,0.877326,0.5728,0.442539,0.422665,0.418181,0.08036,-0.272713,0.474504,-0.297719,1.549471,0.157316,0.041975,-1.654624,4.835228,-0.02462,-1.685124,-0.555783,-0.688251,-0.035636,0.856067,-1.692241,0.512381,1.152903,1.126833,-0.016974,-1.479053,0.675077,0.189851,0.71416,5.094327,4.252518,-1.321126,-0.64023,3.941864,0.387632,-0.322224,-1.996958,-2.002641,11.070359,-1.401921,-1.745815,7.125432,3.246819,-0.726372,-0.037328,1.370392,-0.090186,1.299302,3.490609,-0.099109,0.817062,-1.073977,3.705587,-0.671905,1.074313,-0.711481,-0.312618,-0.913671,0.039043,-0.579291,0.621276,-0.792124,-0.05462,0.848356,4.624197,-1.128995,-1.077702,-1.804677,0.959635,0.061646,0.84044,-0.49465,0.038746,6.184054,0.326136,1.335757,-0.17642,-2.00483,-1.239324,-0.97663,-0.222295,-0.868689,-1.164528,-0.592249,-1.46296,-0.028111,-0.152671,0.521579,1.363564,4.905507,1.670468,-0.549741,-0.60536,-0.555606,-0.971217,9.27886,-2.04093,0.332314,0.328069,0.151923,-0.152615,0.602969
1097,28,1.847296,0.092385,-0.384737,-0.247114,0.512154,0.697462,-0.957545,0.093884,0.555413,-2.106222,1.273556,-0.311236,0.773919,-0.143117,-0.342506,-0.171921,0.191418,0.773084,-0.359671,-1.215785,-0.794018,-1.071307,0.665527,-1.052541,1.42639,0.037006,-0.181282,1.213174,-0.459145,-0.387026,0.688203,0.648843,-1.087727,2.36792,0.478626,-1.343732,-0.262943,0.837801,0.132168,0.769651,2.279482,0.845275,1.922985,0.596705,-0.748015,1.429416,-0.780872,0.877276,0.575083,-0.923567,-0.779913,-0.250325,0.328458,1.261811,0.006778,1.83467,0.809887,-0.702533,-0.678392,0.027035,-0.576488,-0.144425,0.723006,0.20986,0.925434,-0.737273,-0.909884,-1.445157,-1.826649,-0.49126,0.025786,-0.240964,-0.033898,2.004924,-1.128965,-0.30665,-0.524991,-0.94408,1.317358,-0.066305,1.218991,-1.16049,1.844117,2.234055,-0.901797,-0.04015,-0.158607,0.530333,-1.328295,0.440107,0.699864,-0.626488,-2.290503,-0.706,-0.420433,0.739295,-0.643588,-1.174296,0.593347,0.347578,0.710746,0.023853,1.034529,0.490665,-1.806738,0.177659,0.752247,0.016422,1.440925,-0.475205,0.678496,-1.248393,-0.019018,-0.568148,-1.019453,-1.325013,0.205265,0.409898,-0.652773,-1.255256,-0.894637,0.742422,-1.220136,1.120513,-1.686547,0.262145,0.649669,1.204586,-0.445378,-0.780901,-1.438634,0.893732,-0.144324,-0.474453,-0.434244,0.238708,0.017914,1.165239,-2.165607,0.830712,-0.546007,-0.091536,-0.327351,-0.097802,0.742933,0.209455,-1.454007,-0.078547,-0.108792,0.360541,0.030483,-0.090404,1.015792,-1.09797,2.170552,-0.572513,-1.043979,0.775449,1.066853,1.243529,1.451897,0.470966,0.058255,0.371292,-0.008601
1133,13,0.375739,-0.411759,-0.92666,0.464732,1.042383,1.770629,0.73012,1.076016,-0.175358,-1.435622,-0.609678,0.37596,-0.567364,1.821262,1.157174,-0.190057,1.649806,0.616957,1.564668,-0.170704,0.748495,-0.218631,0.014035,1.096783,1.825821,0.122482,0.287058,-0.837363,-0.198009,0.477205,-1.189253,-0.408987,-1.061073,0.19433,0.855796,0.329022,-0.261852,-0.958267,-1.535922,0.022577,1.456222,-0.249626,-0.05803,-0.418599,-1.070536,1.023141,0.682836,-1.403093,-1.178684,1.289014,-0.834164,-0.037538,-0.976746,0.313462,-0.743539,-0.569739,-1.055926,1.820594,2.489896,0.219798,0.647263,0.552706,0.013579,-0.077001,-0.336615,0.760207,-1.164599,-0.791153,0.683239,-1.33524,1.556988,-0.25344,0.188071,1.280573,-0.036191,0.13476,-0.554384,0.502222,0.673082,-0.834488,0.638595,0.941054,0.460575,-0.710222,0.903649,1.320067,-0.459334,-1.743137,-0.666643,0.027208,1.256888,1.156463,0.667776,-0.606526,0.740376,0.002347,-0.972869,-1.707987,0.970201,-1.552953,1.210313,2.174809,0.042802,-0.799955,-0.603826,-0.642159,0.376602,0.971648,-0.716865,-0.31005,-0.614664,1.110901,0.949807,-0.806846,-0.285724,0.168551,-1.711994,-0.508455,0.142262,-1.337213,0.212826,0.053638,-0.525546,1.003584,-0.892348,0.415699,-0.236314,1.061885,-0.744495,0.584836,0.600747,1.100001,1.556977,-1.452114,-0.063261,-1.030831,0.945898,1.319492,-0.28011,0.240327,1.268249,0.203816,-0.118208,-1.573606,-0.67557,0.968211,-1.397687,0.285099,0.217448,-0.00448,0.773797,-0.713222,1.342325,-0.413634,0.985204,-0.553172,0.259248,-0.311964,1.626186,-0.994932,-0.602222,1.414724,0.787069,-0.02865,-0.241775
1040,3,-1.3272,0.634385,-0.112529,0.249062,0.622167,-0.533531,0.806259,1.21816,0.380258,1.303822,-0.632442,0.894456,0.254289,-0.988658,-0.089555,-0.536572,-0.558601,0.074062,1.039371,-0.326015,0.111871,-1.464851,0.09417,1.130711,0.790494,0.458532,-0.53274,-0.976503,-0.104252,-1.336243,-1.23309,0.921776,-0.919649,1.766966,-1.426268,0.414565,-1.171544,0.161487,-1.041428,0.029016,-0.166092,-0.458504,0.495528,1.483045,-0.596978,0.86454,0.072334,-0.041247,2.16044,-2.161348,-0.685768,-1.804761,-0.322022,-0.238495,3.763177,0.331566,1.76684,1.27458,-0.447863,0.463066,1.641783,0.160028,0.195302,0.486448,-1.501922,-0.816371,0.321721,0.52872,-0.922077,-0.332326,-0.133797,-0.162249,0.674676,0.092914,0.151757,-1.414871,-1.056937,0.305611,-1.593576,0.253597,-0.669037,-0.819201,0.62774,-0.685586,-0.865837,-0.68493,0.041488,2.7093,-2.118364,-0.036131,-0.256784,0.927012,-0.385442,-2.47036,1.296878,-1.101508,-0.079376,-1.378396,-1.107826,-0.513915,0.830024,0.815237,-0.615936,0.476025,-0.392793,0.088066,0.129992,0.59192,-0.63551,-0.155922,0.191345,0.064282,-0.817683,1.684549,-0.484283,0.725873,0.175692,1.186532,-2.197148,2.010228,-0.239503,-1.251571,0.100137,2.214373,0.474029,-1.252197,-0.488714,1.297883,-1.424015,-0.20845,-0.321974,2.123625,-0.319698,1.275436,-0.703103,-0.8283,0.967691,0.58845,-1.747282,0.605282,0.608276,-0.640371,0.188073,0.236592,-0.513885,-0.612082,-0.697854,-0.301181,-1.351888,-0.07402,-1.516585,0.042277,-0.116285,-1.060909,0.814139,1.890499,1.283125,-1.389394,1.231545,0.184062,-0.085508,-0.624442,-0.040068,1.345191,0.506852
1000,2,0.00123,0.298746,-0.274138,-0.890592,-0.454671,-0.991647,0.060144,1.340215,-0.492207,-0.620475,0.489842,0.356887,0.105414,-0.930468,-0.029252,0.695303,-1.344215,-0.457616,-1.901223,-1.289538,-1.841735,-0.235091,-1.267446,0.271264,0.156751,-0.186931,-2.51676,-0.538693,-0.048501,0.113309,-1.530136,-0.477753,-0.978519,-0.808837,1.060899,-0.807535,-0.032522,0.88439,-0.5836,-0.111702,0.110464,0.063782,-1.225056,0.07614,1.358823,-1.547145,0.859383,0.119354,-0.64147,2.000417,0.76226,-1.199289,0.074516,0.57669,-0.188782,0.68291,-0.066517,0.667248,1.438523,-0.675662,0.203139,-0.463308,0.127268,-1.187195,-0.579302,-0.196196,0.898764,1.145222,-1.323528,-0.794642,0.646903,-1.99242,-0.46317,-0.097287,1.257015,0.689404,-0.327213,-0.368576,-0.250195,1.523529,-0.428025,-0.30368,0.352589,-0.12077,-0.197284,-1.114067,-0.011521,-0.443581,1.166128,0.653089,-0.024144,0.668381,-0.33987,1.052126,-0.0054,0.583382,-1.290893,0.34668,-1.688204,-2.035329,-0.304477,-0.899928,0.164053,2.244757,-0.831723,-0.623944,0.205404,0.493013,-0.176406,-0.20593,0.702463,0.519908,-1.033676,-0.079181,0.035287,-1.054485,0.259839,-0.857956,0.972067,0.192746,0.089306,-0.591028,-0.11861,-1.997746,-1.131407,0.36284,-2.128567,0.846609,-1.746096,0.756739,-0.845497,0.778991,0.130951,-1.536835,1.249149,1.441707,-0.065805,-0.273916,-0.159867,-0.975152,1.098587,-0.542892,-0.05119,-0.793296,-0.626073,-1.277725,1.257069,-0.154088,0.965922,0.013325,-0.694404,-0.326685,-0.560231,0.007959,-0.375267,-0.299922,-1.378575,-0.806846,1.654058,-0.671233,-1.054094,0.337326,1.407272,-1.454024,-0.208522
1214,32,-0.061818,-1.349256,-0.63719,-0.003418,0.407969,-0.306071,-1.491324,-1.145293,-0.524496,0.534979,-0.357333,-1.142451,-0.169285,-0.213508,1.32558,-0.064001,-0.608016,-0.08651,0.42874,-1.91989,-0.454005,-1.102487,-0.677363,-0.441582,1.315145,0.672108,0.23236,-1.104702,0.237747,0.497373,-1.620405,-1.744909,1.227639,0.990054,0.014644,0.963904,0.878083,2.323667,-2.787733,0.299438,1.12283,0.283353,-0.718181,-1.368784,1.283674,1.996308,-2.005778,-1.139461,0.588258,0.790536,-0.614603,-1.479726,1.045667,1.295087,-1.921096,-0.011906,0.432313,-0.12209,1.296119,0.265572,0.477233,0.213103,-1.455343,2.193583,-0.610005,-0.045707,1.26392,0.665153,-0.213679,-2.205405,-0.015633,1.094795,-0.199155,-1.486863,1.19886,2.174081,0.981237,1.062067,-1.760166,-0.587708,-2.378394,0.986992,0.548993,-2.569988,0.617139,1.010616,-0.867771,-0.280392,1.479304,-1.44282,0.409134,0.992223,0.24432,-0.380478,0.190238,0.46986,0.781916,1.621966,-1.499908,-0.069366,-0.143658,1.587269,-1.196527,1.728737,-0.850321,-0.820249,-1.400061,-0.202267,-0.488554,0.087025,-0.197404,0.668482,0.408118,-2.468537,1.14691,-0.012144,-0.073617,-0.543909,0.883535,-0.383113,1.084306,-1.18434,1.608112,1.269507,-1.254056,0.771396,-0.565745,-1.24111,-0.53371,0.098082,-0.692734,0.474198,1.177727,-1.464564,-2.009707,-0.1106,0.149983,0.051566,0.703818,0.545403,-1.984422,-0.0583,-0.907225,-0.232536,-1.461623,0.451767,-0.187753,-0.681782,-1.490073,1.560933,0.854445,0.558277,-0.769243,-0.973673,1.448185,-0.551058,0.794182,1.95279,-1.717035,-1.382367,0.37747,-1.682083,-0.389118,-0.570619,0.849782
1288,24,0.770581,0.835331,-0.148263,1.236495,4.622917,-1.284643,-1.387314,-0.359953,-0.046364,0.055218,0.707019,-0.054575,4.026282,0.268333,-1.259782,7.428666,0.249385,0.150012,0.542136,-2.222407,-1.947635,-1.92404,1.329552,-0.976625,-0.097732,1.695768,-1.914446,-1.227967,2.150606,0.466885,6.586925,-1.081184,4.307624,-1.237653,-0.294744,-0.477173,-0.535851,0.928429,0.489205,-1.637882,0.424802,1.038625,-0.562804,-0.295903,1.000294,-0.736989,1.375819,-0.864602,-0.256071,-0.622366,0.076745,6.959908,-1.447574,5.969674,0.079677,-0.587285,-0.908529,0.193682,6.850687,-1.765795,0.417579,1.738006,0.076295,0.299635,-1.540322,7.915586,0.278672,0.146262,-0.527816,11.48866,0.685699,0.738259,-0.872462,1.242065,0.641709,1.960251,-1.138005,0.024925,-0.16998,0.613964,0.508115,-0.455772,-0.043683,-1.832124,1.144457,-0.024573,5.636006,-0.230082,-0.25228,0.303963,-0.433777,-0.204371,-1.436363,0.36786,0.816784,-0.076846,-0.728947,-0.015523,1.267634,-0.381614,-0.527031,4.584822,0.935448,0.475722,-0.091085,-0.987023,0.89723,0.422553,3.075074,1.681545,1.148315,0.770961,0.677809,-0.626458,1.044333,1.123827,1.499089,-0.326486,-0.513854,2.105443,0.223043,-1.727899,-0.770208,0.201761,1.027232,-1.109122,-0.238385,6.371145,-0.114387,-0.911105,0.84627,-0.796515,-0.210893,0.526664,-0.464574,0.101994,-0.386284,1.602029,-0.736714,0.355565,-0.387304,-0.473376,-1.363686,0.025029,-0.246376,0.243227,-0.022356,4.828853,-0.563899,-1.444348,0.460678,0.809777,-0.285324,-0.593661,2.10228,-0.304024,0.982784,0.69474,-0.239922,-1.018111,6.370534,-0.415448,3.839034,0.297997,1.893734
1130,48,0.415365,-0.850984,0.004062,0.299568,-0.262885,-0.220585,-0.089317,0.591947,0.172845,-0.518276,-0.043622,1.192818,-0.917465,0.634044,-0.234818,3.575848,0.608194,0.054211,-0.101366,-1.457962,-0.489268,1.932127,0.349095,-0.27292,-0.004989,0.046707,-0.90813,0.106256,0.49246,-1.412261,-0.225094,-2.616102,-1.61071,0.803345,1.18053,1.78407,-1.232351,-0.076703,-0.316628,1.024018,0.313828,0.083523,0.58083,-0.428924,0.935545,-0.31814,1.057987,0.1828,0.227455,-1.079127,-1.46449,-1.491078,0.474166,-2.043254,1.308656,-0.303748,-1.275575,0.335856,-1.176835,0.04285,-0.249085,1.147157,0.862169,0.898769,-0.434617,1.194078,-0.062332,0.116211,0.426068,0.264996,-1.266968,0.61908,-1.505642,0.451105,-0.062074,0.076,-1.035705,0.952729,-0.137809,0.81046,-0.691601,-0.677653,0.069382,0.981164,-1.250598,-0.546868,-0.474887,-0.25349,-0.430923,1.026688,0.67745,0.025805,0.8059,0.98325,-0.582484,-0.68737,0.662742,2.023307,-2.249983,-0.587256,0.748306,-0.761619,0.830469,0.218716,-1.18775,-0.436622,0.358993,-0.84762,0.563849,0.30055,-0.285409,0.376329,-0.338466,0.212908,-0.944551,1.349988,-0.247785,1.109421,2.044596,1.507854,-0.01204,0.154025,-0.036449,0.301141,-0.782141,-1.720511,0.311063,0.049939,1.467611,1.729862,-1.298792,-0.880466,0.743586,1.128922,0.125824,0.062165,-1.754893,2.188297,-0.661097,0.543783,0.332776,-0.849608,0.822289,1.399449,-0.039887,0.144111,0.635073,0.943251,0.831755,-0.842514,-0.885561,-0.521307,-2.568233,-1.256888,-0.180007,-0.631059,-0.798188,0.84939,0.32618,0.790586,-0.155623,-0.392546,-0.821057,0.239663,-1.721563
1167,49,-0.04927,-1.013349,1.01619,1.276043,-0.884264,-0.05825,0.484198,-0.125839,0.404245,-0.378891,-0.646819,1.247116,-1.726451,0.656553,-0.798009,0.038056,-0.678933,0.160306,-0.627269,0.280175,-1.447194,-1.088978,-0.139356,0.638714,-0.854865,1.980554,-0.389602,0.795178,-1.853081,-1.015964,-1.025843,-1.193424,-1.612909,-0.448137,-0.873256,1.645019,-0.077991,0.278821,-2.134827,1.516817,1.565911,-1.134211,-1.094865,-0.789234,1.438409,-1.364445,-1.052962,-1.628525,0.275511,0.852587,-0.998337,1.156201,0.150473,-0.862842,0.561235,1.291338,1.297228,0.531177,1.346136,0.003796,0.323029,1.825954,-0.112908,-0.821587,-1.238521,-0.527205,-1.90575,-0.951176,-1.168347,-0.183011,-1.39589,-0.116398,-0.004815,0.8125,1.061532,1.605535,-0.25117,-1.403356,0.796935,0.423238,-0.43618,0.848674,2.017149,0.396297,-0.410679,0.228304,-0.915511,2.041888,-1.217174,-1.02384,1.058536,-0.177403,-1.233028,0.976062,1.197906,-1.639948,0.682379,1.03416,1.909667,0.510502,0.792623,0.134995,0.751723,1.784787,0.758309,-0.598153,-0.045934,2.029488,-1.244617,-0.583885,-0.648056,1.367902,-0.867755,-0.400251,-0.03309,0.596726,0.655809,-1.137657,-1.137818,-1.432083,1.193488,-0.22995,0.208365,0.025273,-1.486749,-1.651261,-1.122638,2.005128,-0.373449,0.531544,-1.009377,2.666869,0.114587,-1.578413,-0.476142,0.350978,1.040011,-0.339579,0.691235,0.312939,0.237241,-0.40222,0.408292,1.142396,0.01073,-0.324457,2.843736,0.718142,0.684496,-1.460602,1.12505,-1.606568,1.227763,0.355391,-0.473054,-0.68145,0.188922,-0.383731,-1.725178,1.09582,-1.529797,-0.160811,-0.472934,1.585582,-1.539281
1056,10,0.850363,-1.517858,0.846325,0.050814,0.309968,-2.279681,1.683838,-1.649474,-0.803083,0.67121,-0.550428,-0.356192,-2.141609,-0.384396,0.250024,0.706622,-0.237886,0.257305,0.471773,-0.616224,-0.691005,1.962332,-0.788948,1.250352,0.113444,1.485862,-0.581124,0.551039,0.368668,-0.177724,0.348737,-0.707695,-0.03389,-0.346252,0.79047,-0.044107,-1.319312,-0.319245,-0.051151,-0.839828,1.349018,0.441561,0.870993,-0.703784,-0.345588,1.033411,-1.358934,0.405447,0.132935,-0.445181,0.133846,-1.009922,0.26543,-1.148245,-1.206996,1.417295,-0.643056,-2.029222,1.001359,-0.712797,-3.412312,-0.011164,0.955915,0.390845,1.734372,-0.077508,0.633654,-0.944011,0.206259,1.550174,0.541233,0.205821,-1.896553,-0.324322,-1.220537,0.810158,-0.680125,0.401806,-0.938563,1.901403,-1.106887,0.181895,2.632762,0.258134,-0.811992,0.651523,1.022838,0.903816,-1.89175,0.260032,-2.047234,1.916287,0.117653,-0.406769,0.710309,0.528107,-1.120457,1.649154,-0.191612,-1.686084,1.42883,1.560803,1.286642,0.589779,-0.832041,0.974093,1.884914,0.853571,1.630622,-0.716997,1.056816,0.975781,-1.423476,-1.558282,-0.661702,0.130969,0.498839,-0.172358,-0.013488,-0.060578,0.138349,0.629871,0.54279,-0.002484,0.308573,-0.394965,0.841491,-0.447626,1.679086,0.028803,0.324436,-0.701115,-0.289287,0.2162,0.071739,-0.563478,-1.098834,0.092912,0.205839,0.598089,1.290574,-0.256684,-1.926577,-0.088501,-1.778833,-1.223125,1.076624,0.616559,-0.586072,-0.576968,-0.034345,-1.689638,0.531528,-0.292351,1.883329,-0.998552,1.052116,-0.622571,1.06943,-0.918353,0.785195,-0.382407,-0.765108,-0.094027,0.529328
1181,43,0.792263,-0.582586,-1.225811,-0.705878,-1.978705,-0.940494,-0.008073,0.60601,1.607679,0.29414,-0.647583,0.334981,-0.251686,1.181901,1.198353,-1.553994,-0.1565,2.209039,1.341995,-0.088362,-2.996775,0.810554,0.503901,-0.041959,0.928283,0.392902,0.691581,-0.145517,-0.068267,0.491817,-0.230749,-1.105602,-1.168598,0.368924,-0.758078,-0.800208,-0.608721,0.764865,-2.060642,-2.43437,0.255632,-0.155508,1.557274,-0.255235,-1.432022,0.324046,0.361261,0.392749,0.401462,2.225517,-0.316013,0.435469,-0.010724,-1.702063,-1.18694,-0.89289,-0.298993,-1.204123,1.438996,-0.084071,-0.968483,-0.72883,0.057825,-0.629018,-1.079081,-1.24176,-0.028586,1.746666,-2.792262,-0.399587,0.019846,-0.843853,2.210992,0.149846,-1.735499,0.235905,-1.219911,0.769905,-0.01646,1.162874,-0.993773,0.352504,1.609279,-0.285783,-1.059009,-0.391873,0.18911,-0.406544,0.415702,1.111752,-0.875894,-1.596615,-0.945341,-1.655239,-0.821241,-0.310006,-1.767624,-0.021298,-0.128463,-1.681009,-0.521193,-1.746537,0.487459,-0.407786,0.342446,1.264437,0.527631,-0.148467,0.155958,-0.617456,-0.187243,1.58974,-0.73337,-0.265938,0.071978,0.197458,0.573896,-1.311262,-0.668161,-0.256802,0.116704,0.455324,0.240409,-0.100135,-1.077238,-1.306128,-1.343397,0.647504,1.376974,-1.010062,-1.54982,-0.540832,0.038144,-0.719034,-0.413446,0.474161,0.172885,-0.6347,-1.462817,-0.333647,0.874488,-1.852116,1.324957,-0.012814,1.304806,-0.833152,-0.96773,-1.507793,0.045538,-0.055931,-0.388458,-0.095587,0.259132,-0.963439,0.734371,-1.741039,-0.646542,0.157761,-0.439679,-0.02025,-1.733057,-0.49143,-0.237874,-1.584825,0.370935
1143,22,2.231039,0.283414,1.563554,-0.092268,-2.876508,-1.120953,-2.716699,-0.191152,1.226538,-1.670576,0.771752,-0.234136,0.957689,0.422818,-0.955904,0.628008,0.010253,0.950311,2.000069,-0.148958,1.696654,-0.047215,0.663588,0.241169,-0.623009,0.182709,-0.396682,0.622021,-1.009357,-0.915383,0.928718,0.594101,0.625059,0.624943,1.10418,0.534405,0.981543,-0.722259,0.575407,-0.683987,-1.185396,-0.168291,0.709882,0.079698,1.85142,0.741844,0.489281,0.175491,-1.287997,0.114782,0.086784,1.817158,-0.730574,-0.062985,-0.663269,0.213215,-1.673491,0.360957,0.076693,0.245495,2.705216,-0.020364,0.549721,0.043521,1.155511,2.31422,1.768035,0.39872,-1.215068,0.498731,-1.601215,-0.822036,-0.53256,-1.05579,0.061923,-0.305436,-0.685228,0.436496,-0.679435,1.353345,0.697809,-0.37897,0.501261,-0.62921,-0.576693,1.08814,-1.554636,0.521002,1.991607,-2.186925,2.474977,-1.892907,-2.215312,-2.082444,-1.128311,-0.553304,-1.881882,-0.158932,0.865637,-0.744688,0.162348,0.66593,1.796685,-0.049297,0.768832,0.560507,0.093029,-0.306872,0.407053,0.742528,-1.30088,-0.340585,0.382909,0.341406,0.375111,1.701086,1.106003,-1.240024,1.648367,-0.679884,-0.808288,1.135916,-0.299242,-1.686208,0.666651,0.491706,0.582395,-1.40135,0.852216,-0.599045,0.950891,-1.238041,-0.950409,-1.977361,-0.764642,1.115428,0.269002,-0.55138,1.426801,0.240001,0.813782,0.372421,-0.07702,0.166824,0.472301,1.182704,0.642179,0.929193,-1.110786,-1.89604,0.347602,0.181995,0.472314,-1.004455,0.167369,-1.063995,0.108044,-0.055399,-0.158742,0.336757,-0.49047,-0.002987,0.732642,1.562585,0.434959
1160,10,-0.068936,-0.550497,-0.621318,-1.302165,-0.222585,-0.865142,-0.106033,0.382757,0.468107,-0.452003,1.912149,-1.156684,0.713411,0.027221,0.28649,-0.682448,-0.784451,0.640927,-1.736126,0.133055,-1.474392,-1.847984,0.068813,-0.575479,1.944132,-1.773505,0.143798,0.100187,0.164681,-0.47819,-1.631495,0.731802,0.745005,0.38462,0.270693,1.201897,0.98114,0.694221,-0.635142,1.015282,-0.87782,0.388125,-1.007041,-0.164757,0.791985,-0.313619,0.952622,-0.479328,1.673666,-0.158904,2.61475,0.720011,-0.039511,-1.127653,-0.422147,1.979368,-1.254651,-1.573549,0.299522,1.262814,-0.37949,-0.864972,-0.224246,-0.217317,1.128027,1.888076,-0.149121,-0.82984,-1.205147,-1.743266,-0.075453,-1.569675,0.711611,-0.23915,-0.712369,1.440583,-1.750806,0.903695,0.101747,0.253946,-0.019215,-1.149711,0.60138,1.193448,-2.042046,0.093165,-0.128783,-0.307382,0.400716,-0.210465,-0.418089,1.188294,-0.986844,-0.423465,-0.44092,-0.824316,-0.545155,1.392425,-0.859152,2.499845,-1.611598,-2.46517,-0.728542,-1.304494,1.228468,0.433949,-1.108158,-0.232188,-0.345509,2.61838,0.114962,0.240821,0.508206,0.200955,-0.031146,-0.898829,0.06103,0.178679,-1.382385,0.048596,-1.297779,-1.722922,-0.107641,0.489604,0.910426,-0.598883,-1.5128,-0.939345,-0.298042,-0.151379,0.436678,-0.222315,1.027897,-0.681347,0.43586,0.611208,0.356752,0.503642,-1.13491,0.854636,-0.550124,-0.21738,-1.056463,0.338936,-0.478845,-0.722421,0.658086,-0.80137,0.334889,0.156026,0.508517,0.022041,-1.250873,0.121456,0.346983,1.864264,1.85518,0.864506,0.96859,-2.610465,-0.55702,-1.119442,0.590723,0.52578,0.534702
1211,14,-1.393392,0.031918,-1.591541,0.967013,0.687691,-2.353755,-0.875079,0.22221,2.545793,-0.401922,1.378952,2.107814,0.077568,-1.228254,-1.285427,-1.822404,0.144459,0.145319,-0.782195,1.467315,-0.642617,0.110738,0.928394,0.854225,0.564489,0.541214,0.296952,1.191006,1.024196,-0.959291,0.475327,0.016708,-0.302318,1.466569,0.147172,0.307157,1.148797,-0.988084,-0.567158,-0.303228,-1.038067,0.242259,-0.967122,0.268871,0.036942,0.036539,0.497893,-0.335921,0.71449,-0.360803,0.009223,-0.079922,0.78798,0.212455,-0.88628,1.922606,1.233691,0.112087,0.67843,-0.854086,0.833953,-0.560943,0.705012,0.128706,-1.061895,0.450523,-0.053418,-0.448856,-0.096164,0.858034,0.230121,-0.450333,-0.451591,-0.171832,-1.580675,-0.793804,-0.478279,-1.970851,1.87501,-0.117088,1.383482,-0.233904,-0.021635,-0.084581,-1.695474,-1.13106,0.483905,-0.404904,0.31101,0.239026,-1.353219,-1.166463,-0.983621,-1.758306,-1.219647,-0.04529,1.053851,1.281557,0.587107,-0.662412,-1.013542,1.55557,0.222086,-0.836946,-1.069502,2.203211,0.645248,0.229702,0.123839,-0.233493,0.901117,0.671663,1.438458,-1.756179,0.676922,0.220917,0.869725,0.557722,-1.989194,-0.029854,1.490239,0.720604,-0.925971,-1.827799,1.191054,0.089937,0.467811,-0.846519,1.047906,-0.242203,-0.227651,-1.223528,0.111652,0.318606,-0.990128,-0.565263,0.458411,-1.272586,0.334147,0.88049,-0.022414,-1.414941,-0.107208,1.103263,0.024181,-1.338509,0.787255,0.342753,1.369279,1.433614,0.720963,-0.261681,-2.060204,-2.04658,-0.190297,-0.677778,-0.054319,-1.040633,-1.029663,0.976903,0.225416,0.020694,1.58476,-0.756096,0.406453
1075,34,-1.373626,0.129201,0.786802,-0.665418,0.633828,0.94625,1.087868,-0.112498,-0.052121,-1.67293,0.023291,0.284435,1.431492,-1.287987,-0.857418,-1.014331,0.909791,-2.561418,-1.096008,2.087068,0.664634,-1.345199,-0.060662,0.85653,0.557202,-0.223978,-0.80166,0.84192,-0.006419,0.81898,0.401911,-0.471935,1.457684,-0.504229,0.43567,-0.639451,-0.232788,-0.252372,-0.668175,0.240337,1.323788,1.878391,1.450267,-0.174002,1.471619,0.423185,1.814662,-1.27132,1.496539,-0.604077,1.168079,-0.470217,0.921021,-0.283948,-1.896215,-0.976317,-0.242945,0.024422,-2.258065,-1.208111,-0.737197,-0.21328,0.222653,-0.827413,-1.529319,0.305004,-0.334494,0.895141,-0.529808,0.650192,-0.897279,0.270269,0.090935,0.453223,-0.94064,-0.122487,-0.854443,-0.161619,0.626821,3.006339,0.035559,0.72036,0.114305,1.142644,0.466009,1.052797,0.358735,2.416957,1.387684,-1.712065,0.303217,0.080376,-2.217222,-0.864234,-0.46101,-0.736507,0.132856,-1.801934,0.753625,0.781985,0.358007,-0.328143,0.008447,-0.463726,1.155107,0.512296,2.007651,-0.364988,1.462496,-0.574391,-0.166538,-1.043668,0.531194,-0.054538,0.629257,1.50257,-0.05061,0.387467,0.908847,-0.053307,-0.543724,0.364883,0.511511,0.789397,0.841796,-0.664635,0.452905,1.242077,-0.459102,0.370865,-0.614481,0.17444,1.748935,0.180581,-0.962013,0.353603,0.223249,1.126279,-1.369313,-0.911707,-0.070998,-1.550726,1.146778,-2.023416,-0.825495,-1.473799,-0.650138,0.810733,0.611464,0.936257,0.612491,-2.030433,0.309888,-1.843237,-0.496979,-0.385981,-0.53767,0.500576,-0.803673,1.743759,0.607391,1.191567,0.768166,0.90309,-0.034579
1162,12,-0.668252,0.47487,-1.57832,-1.5083,0.247503,-1.969491,-0.324547,2.070864,0.346904,1.747502,1.55382,-0.757292,-0.199781,0.373453,1.099271,1.430603,0.775581,0.336171,-1.049469,1.049745,-0.574635,0.987627,1.336901,-1.438703,2.016116,-0.186898,1.083235,0.949268,1.863498,1.191266,1.641976,0.848838,-0.775754,-0.174411,0.700743,0.963404,0.160515,-0.703287,-1.240761,0.100215,3.019031,-0.107563,-0.475775,0.620087,0.745927,0.144534,-1.988122,-0.665736,-0.614367,0.640282,-0.612517,-0.217432,-1.091999,-0.537968,2.224238,0.846601,0.444372,-0.825332,-1.203912,1.042848,0.007748,0.614627,0.31806,0.145226,-2.460313,0.925243,1.781263,0.097516,-0.149825,0.240954,-0.230662,-1.806798,-0.335403,0.014128,1.085994,-0.95708,-0.289113,0.045272,0.493362,1.968403,0.667373,0.685377,-1.168762,1.630066,-1.690987,1.382304,0.903698,0.134666,-1.021841,0.570994,-0.437939,1.387885,-2.896314,0.118811,-2.587961,0.108004,-0.27829,0.874968,-1.113229,-0.95743,-2.133006,-0.422634,0.19699,-0.22438,-0.950482,-0.198841,0.584969,0.327844,-1.948473,-0.480872,-0.872646,-2.764123,0.620456,0.341871,-1.024954,0.545436,0.261216,-0.465941,0.325724,-0.198532,-0.674264,1.051156,-1.554501,1.926589,0.269509,-0.404293,0.444918,-0.923345,-0.39068,2.016225,0.490882,-0.143065,-0.137331,0.94244,0.942786,-0.309667,1.209122,0.000424,-0.024815,0.782639,-0.717195,-1.542495,-0.129981,0.904474,-0.277895,0.905567,1.23995,-0.323829,0.031666,-0.113432,0.681889,0.519493,0.217374,1.404217,0.426879,0.316416,-0.705509,0.107631,1.376446,0.743684,0.152153,-0.056229,-0.890529,-0.689066,1.067969
1210,4,0.567486,3.709069,-0.054779,-0.418569,0.502865,-0.107156,-1.158354,-0.347675,-1.183448,1.665921,-1.199093,1.761036,-0.692276,-1.419931,-0.322863,1.61447,0.122564,1.588951,0.830385,0.316694,-0.650838,0.840897,0.119732,-0.53023,-0.109854,0.679233,0.305238,1.244195,2.242133,0.648303,0.809095,0.728373,0.548945,-0.121459,-0.62314,-0.463458,-0.927906,0.710024,-1.313239,-0.110749,-0.860887,-0.812564,0.69349,0.173702,0.941963,-0.895879,-0.543573,0.110185,0.677636,0.549275,1.332738,-1.265407,-0.175949,-0.671755,1.674273,-1.536059,-0.919011,1.024991,-0.940573,-1.811585,1.405601,0.774271,-0.604185,-0.992934,-0.231251,-0.793519,-0.702921,0.723286,-0.831334,-0.266739,-0.738918,0.730254,-0.172942,1.091884,-1.283038,-0.670437,-0.298712,0.054884,-0.481614,2.027729,-0.610076,-0.403853,-1.381038,-0.445862,2.153319,0.253073,-0.934309,0.952091,-0.379048,0.522565,-1.216081,-0.636116,1.43105,0.032095,0.182901,0.419005,0.909082,-0.632038,-1.096173,-0.180366,0.898542,-0.407028,1.028911,-1.66753,-0.711223,-1.081406,-2.032628,2.084585,-0.132642,2.04534,0.490466,-1.1235,1.305092,0.604306,2.010831,0.771787,-0.224191,0.45451,-0.240991,-1.101164,-0.408181,1.035071,-1.037514,0.982492,1.269136,0.130458,-0.386297,0.783298,-0.549515,0.784894,0.583161,-0.10191,-0.522831,-0.974102,-0.170723,-1.160618,-0.157845,0.157532,-0.375219,0.449773,0.971473,-1.363017,-0.077153,-0.913068,-0.726127,-0.290577,1.013525,1.146272,-0.654789,-0.089888,-0.262912,-0.277715,1.612417,0.892371,-1.886487,0.37238,0.648585,-1.201241,1.470518,0.827819,1.627379,-1.340076,-0.345133,-0.798698,-0.754823
1308,4,-1.255805,2.502531,1.031537,-0.126091,-0.66449,1.077988,-0.33047,-2.050334,-1.175915,-0.175002,-0.374693,-0.565444,-1.405256,-0.543983,0.703809,0.172452,0.817648,-1.103145,3.091363,5.366986,0.215536,1.244183,2.465818,0.058909,-1.65543,0.522708,-0.089604,0.484096,0.202906,0.781897,0.615097,-1.11682,0.068803,0.267044,1.228486,4.523947,5.376534,0.141724,-0.186296,-0.963057,-1.179818,0.973982,-0.464954,-1.277742,-0.541576,-1.61422,-0.742609,-0.470615,-0.501082,-1.054208,-0.039622,-0.573502,-0.287058,4.776729,1.40195,0.310978,0.389495,7.79298,-1.201416,0.691608,1.319973,1.370112,8.636694,1.14298,1.300611,-2.486364,-0.689074,0.847387,1.180617,-1.545781,-0.740733,7.11742,-0.501618,0.119293,-0.021071,0.914168,0.613779,0.618236,0.295282,-0.216456,1.603593,-0.683251,-1.533012,2.623639,1.250233,-1.343014,0.818587,-1.542278,0.200065,0.041887,-0.647345,0.039171,1.82464,0.92992,1.714817,0.923791,1.251746,0.941209,-0.405964,0.561582,1.516778,0.180782,0.317548,0.479523,1.466194,-1.182978,9.396671,-0.764888,-0.225435,0.788995,-0.783185,1.069876,7.485254,6.188098,-0.500412,-0.824954,0.148056,-0.692484,0.134852,2.294301,0.76841,0.01033,7.426894,1.224761,-1.051072,-2.542298,-0.426573,0.079448,0.222231,-0.103363,-1.204905,0.030722,2.134768,-0.314752,0.562484,-1.097534,-0.44168,-0.168697,0.756877,0.202588,-0.200979,9.579204,-0.602923,1.726607,0.18388,6.735815,-0.582173,0.517598,0.203208,-0.694462,-0.334255,-2.984598,-0.216289,-0.127823,-1.798079,6.836175,1.277656,-0.629919,6.627099,-1.908295,0.2549,-0.986623,-1.074893,0.405887,0.51337
1093,3,-0.118057,0.212443,0.086175,-0.32587,-1.035906,-2.590136,-0.111086,-0.242194,1.214307,0.449819,1.141755,1.737168,-0.106592,-0.84037,0.818122,-0.594948,-0.253417,1.440226,0.553749,1.098433,-1.347512,0.036943,1.120804,-1.27958,0.20013,0.40609,-2.303523,1.598777,-0.710974,-0.135882,1.681376,-1.787197,0.466864,-0.444455,0.046276,-0.816592,1.36702,-1.117612,0.364802,0.54454,-0.089072,-0.270524,-0.262165,1.026234,0.455356,-0.078727,-1.08798,0.162329,0.536574,-0.028797,1.440713,-1.906896,2.497373,-0.179946,-1.136557,-1.741312,0.871378,0.576504,-0.213266,-0.04515,0.173152,-0.419692,1.157865,0.630148,-0.115952,-1.635162,1.375315,-0.47312,-1.030693,1.294624,0.503674,-2.010147,-1.658028,-0.392438,-1.252269,-0.14899,2.622086,2.987326,-0.035573,0.807638,0.89767,-0.112441,-1.470251,1.082585,-0.169827,0.46197,0.716253,-0.800775,1.696313,0.083767,0.233487,-0.42462,0.719493,1.021951,-0.549064,0.594271,-0.426081,-1.223209,-0.320801,0.619426,0.562746,1.090769,-0.665357,-0.2935,0.082821,0.63171,-0.106736,-0.941333,-1.541808,1.191757,1.081884,-0.655161,1.494135,-0.051967,0.467504,1.277324,-0.468761,-0.76456,-1.728157,0.319013,0.465044,0.879191,0.61992,0.119489,1.166361,-1.014393,0.40574,0.529931,-0.106252,1.747476,0.455339,1.367564,0.915608,-0.164195,1.956601,1.129685,0.034545,-0.103489,-1.023329,-0.135415,-0.221293,0.226468,-0.408235,0.589647,-0.066403,-1.570435,-0.492066,-0.885873,-1.262827,-0.23774,0.934424,-1.105845,-1.994811,-0.14523,3.017721,-0.575225,0.290638,-0.395463,0.880532,1.465614,-0.140965,1.206611,-1.069403,0.228674,-1.25549
1200,17,-0.010397,-0.276516,1.096785,0.323451,-0.937476,2.230114,0.760002,-0.84871,1.170206,0.813896,1.219425,-1.189565,0.153598,-0.704738,-0.191071,-0.230775,0.391753,-1.03167,1.01261,-0.455534,0.387117,-0.123487,0.279063,0.74102,-0.383726,0.867376,-0.447381,0.379527,-0.130306,-0.711388,-2.288224,-0.851251,-0.69823,-0.521595,1.252209,-1.022141,0.577336,2.622795,-0.944314,0.412378,0.721594,0.02144,0.155131,0.666735,2.435331,-0.709984,0.504727,0.183682,2.119643,1.544578,1.962798,0.573717,0.402651,0.052768,-0.358611,-0.775307,0.368223,0.780206,0.326489,-1.550793,0.535471,2.769205,-0.06713,-1.057722,1.311438,-0.997656,0.136762,0.29799,-0.53101,-0.922248,0.293912,-1.143659,0.387918,0.491421,-1.121416,0.730015,-1.261203,0.237192,-0.730881,-1.209959,-0.505786,0.156987,0.717098,0.613186,-0.862998,-0.107753,-2.635256,0.812144,-0.008917,-0.158935,-0.284164,-1.91053,0.302723,0.140038,-0.089106,1.022773,-0.151719,-0.533444,1.129051,-0.239751,-0.863738,-2.198867,-0.463645,-0.429499,-1.104765,0.443922,-1.660478,-0.112333,0.032853,0.984754,-0.026235,-0.29295,1.005552,1.376614,0.237736,-0.868834,0.482289,-1.161596,1.278284,0.246709,-0.91916,1.848337,-1.424417,1.030718,-0.351199,-0.513659,-1.539336,-1.93521,0.220713,-0.997047,1.030118,-0.052309,0.331356,1.898649,-1.684603,0.112652,-0.443244,0.664819,-0.179912,-0.545369,-0.820098,-0.235187,-1.453498,0.620488,-2.808794,0.499147,0.483635,0.050604,-0.343772,0.913901,0.73648,0.78191,-0.436541,0.422127,-0.119521,-0.514379,1.055419,-1.365298,-0.285958,-1.309,-1.869749,1.216381,0.658976,0.269814,-1.197908
1052,18,1.31964,0.286197,-0.503827,-0.418436,1.095818,2.556566,-0.651687,-2.067913,0.7758,-0.105825,0.108475,1.20041,0.037855,-1.348786,-1.982265,-0.076589,-1.181632,0.259292,-1.297604,-0.380028,-1.493552,-0.390344,-0.473508,0.563753,1.309262,-0.2117,-0.887725,1.920767,0.333468,0.581239,0.578666,1.422202,0.978739,0.648301,0.737403,-0.88327,-0.633766,-0.132993,0.066423,-0.007897,0.281755,0.00026,-0.452609,-1.645478,0.807973,0.560312,-0.902412,0.47063,0.368014,0.046802,-1.860465,-1.228867,-0.625168,1.585177,-0.882369,-0.371679,-1.134043,-0.516978,0.316088,-2.095443,-2.857168,0.635115,0.009066,-0.629664,0.941422,0.943287,-2.118727,-0.193402,1.080527,-0.693802,-0.33914,0.926317,-0.293664,-1.221384,-0.711623,-1.350161,0.527247,-1.748299,0.974568,-1.669788,0.018852,-1.491432,-0.341953,0.995094,1.095106,1.277401,-0.115187,0.080914,0.205899,0.589096,-0.425303,1.073172,0.299053,1.117009,0.451103,0.651282,-0.756145,-0.442313,-1.317548,-0.322,-0.202406,0.809242,-1.28504,3.207368,-0.148318,1.231532,1.013032,-2.546326,-0.288725,1.446782,-2.45091,0.742232,-0.942267,-0.493103,0.19731,-1.892696,0.168719,-0.673176,-0.776432,0.674339,3.480293,0.315737,0.525933,-0.078289,-0.750879,0.230766,1.490348,0.16122,0.862446,-0.255305,2.491666,-1.677454,0.556138,0.512455,0.236649,-1.146433,-1.168362,-0.265961,0.068238,-1.24435,-1.097814,0.528188,0.999801,-0.593988,-0.731619,-0.760539,2.444721,0.455712,-0.100112,0.971815,2.261248,1.136208,-1.463413,-0.121164,-0.440382,-0.379352,-1.254417,-0.428852,-1.122403,0.302186,0.007311,-1.453974,-1.747844,-0.5188,0.613575
1188,21,0.621815,-0.154859,0.142495,1.399474,-0.673107,-0.058379,1.196386,-1.248698,0.55639,-2.685255,-1.693428,-1.68022,-0.274138,-0.090947,-2.390356,1.786249,2.048299,1.207956,-0.257116,0.427529,-0.754157,-0.613257,-0.813774,0.258313,-0.568149,-0.506558,1.745956,-0.375387,0.573993,0.361619,-0.485388,-0.453368,1.113713,-0.554309,0.646861,-0.454435,-0.399926,1.463754,-1.766309,-0.736333,-0.632249,0.390852,-0.718589,0.07849,0.641816,1.93599,0.934754,-1.432629,1.698318,-0.03458,-1.011835,0.192496,-1.025405,-0.431688,-0.948067,-0.532059,-2.536104,1.230513,0.009867,0.788143,0.341822,-0.144214,1.300844,1.259844,-0.413593,0.763008,-0.405498,-0.54444,0.38914,0.025288,-0.171867,-2.09166,-0.909566,0.042291,0.640757,0.598641,-0.613862,0.415154,-1.309607,0.384921,1.806348,-0.289578,-1.084803,0.995281,-0.183287,-0.052941,0.486829,-0.388764,0.658955,-0.77218,-0.818711,0.230589,0.381253,0.164387,0.608794,-0.111945,-0.707272,0.412989,-1.631063,-0.05863,0.903668,0.504885,1.086712,-0.297314,-0.294666,-0.530747,-0.548655,0.158293,0.932413,-0.084987,1.521421,0.426206,-2.08029,0.61706,-0.511045,0.055835,-0.765266,-0.570167,2.025367,1.009737,-0.384763,-0.781134,-0.40451,-0.650029,0.59573,1.119284,-1.569842,0.430722,-0.087158,-0.285538,0.771861,-0.770135,-0.86067,-0.108377,-0.739127,-0.533857,0.801783,-1.302088,1.241431,1.357968,-0.327429,0.658779,-1.049012,-0.259209,-0.433456,-0.808242,0.97913,0.393187,0.989545,-1.520289,-0.082241,-0.39448,-1.491548,1.117487,0.131191,0.416517,1.560427,-0.482025,1.640234,-1.774997,1.452784,0.865652,-1.110941,-1.212218,2.629636
1050,40,-1.048078,-0.303031,-0.720247,-1.10791,-1.236476,0.153555,-0.335837,-0.621019,-2.471127,1.687497,-0.882634,-0.112384,-1.068261,0.379248,-1.423399,0.10643,-0.163182,0.892822,-1.030461,-0.603865,-0.209316,2.014433,-1.392224,0.292166,-0.61137,0.310898,0.637195,0.147579,0.263427,0.279164,-0.548664,-0.194515,-1.570244,-0.327661,-0.722877,-0.232514,0.713283,0.374837,0.459063,1.062843,-2.266543,0.419661,-0.014386,-0.085222,-1.239019,0.532526,1.103514,0.988472,-0.074851,0.616385,0.886824,1.746542,1.177303,0.141678,0.096255,0.165214,0.222493,-0.468362,0.742038,-0.655196,-0.75977,0.343555,-0.542697,-0.228567,-1.977097,0.76256,-0.001769,-0.117577,0.445665,0.204383,-0.663927,1.916931,-0.4266,0.933005,1.749898,-0.588871,0.092645,-0.777744,1.005076,-0.316472,-1.046844,1.259229,0.878572,-0.845172,1.131782,0.189041,2.593414,1.639222,-0.527197,-0.254841,-0.834815,0.129174,0.047013,0.704175,0.084192,-1.402239,-0.772829,1.350901,1.10343,-0.153118,-0.128701,-0.159879,0.022376,-1.601019,0.854837,-0.627333,0.140791,-2.411873,0.223926,1.277673,-2.13322,1.450459,0.451289,-0.699509,-1.513355,1.110319,0.249323,0.56641,-0.259067,-0.760852,0.831297,-0.91154,0.860735,-1.595658,-0.883647,-1.386782,1.251235,-1.672517,-1.088382,0.630975,0.218887,2.094877,1.759531,0.589998,0.659441,-1.744571,-0.842776,-0.313932,-0.169887,-1.315019,-0.890429,-0.810044,1.015814,0.406893,-0.317615,-0.263813,0.278384,-0.667446,-0.252199,-1.646822,0.64032,0.919012,0.346178,0.456441,0.349008,1.952203,0.194359,-1.265844,-1.003527,0.680284,1.019831,0.736706,0.802934,0.177664,-1.425766
1042,41,-0.083194,-0.470811,0.617199,-0.11169,-0.031201,1.414473,0.279134,0.122006,-0.04836,0.031795,0.532314,-0.815302,1.092407,1.510358,1.100911,-0.511132,-1.589913,-0.457417,0.121302,0.781959,-0.208018,-0.326534,1.460751,-0.685481,1.014746,0.857405,-1.331998,0.243468,-0.575026,-0.958323,-1.84179,-1.564116,0.376934,-0.409593,0.238407,-1.070416,-0.343193,-0.295224,-1.542521,-1.657663,0.402216,0.115275,-0.943098,-0.128442,0.619927,1.764858,-0.898765,0.575077,2.046105,0.035658,1.40835,-2.562646,1.390443,-0.039243,-1.867894,0.734767,0.999226,1.155141,1.146293,-0.058421,-0.762278,-0.481046,-0.063266,0.368724,-0.500925,0.018474,0.830436,0.289714,2.220043,2.086247,-1.154933,-0.585896,-1.313216,-1.171458,0.506422,-1.002751,-1.056532,-0.294082,0.756477,-0.377848,-0.379843,0.872271,0.433994,0.418607,0.901511,-1.023005,0.182296,-0.651708,0.979051,0.772032,-1.055037,1.284961,-1.177103,1.120307,0.17225,-0.885779,-1.128542,-0.3285,-0.052964,-0.727788,0.524168,-1.406446,-0.036564,-0.028685,-1.870049,0.274876,-1.272157,-2.486624,-0.633542,-0.254712,0.860169,-0.508322,1.420376,1.386277,1.046097,1.273144,0.31511,-0.57836,0.608461,0.923241,0.205286,-0.271406,-1.574831,0.636033,0.316539,-1.312844,0.067973,0.682013,-0.137757,0.742327,0.713628,-1.486118,-0.327217,0.447673,0.873724,1.360545,-1.922128,-0.095615,0.67583,1.177518,1.634754,-0.952697,-0.39807,-1.070365,0.777142,-1.337168,1.13831,0.894162,0.450804,-2.174155,-0.69936,0.709226,-1.429759,-0.26724,-0.133582,0.848398,0.248555,0.240522,-0.465516,-0.025395,-0.163373,0.688419,-0.20803,0.990084,-1.708399
1081,49,-1.334124,-0.576576,-0.04941,-1.310319,0.331566,1.244507,1.034588,1.913002,1.074073,-0.047682,1.697306,0.662519,1.789022,-0.201677,-2.039965,-1.139009,0.157859,0.514381,-0.211709,0.950311,-1.119961,-0.689668,0.939584,0.039051,0.082136,1.345588,1.04548,-0.774382,0.184859,-1.647522,-0.019426,0.369215,-1.676383,1.496693,1.918604,0.471941,0.885298,1.44111,-0.170681,0.999545,0.367137,-1.476167,-0.871069,-0.547119,1.029756,0.094412,0.949816,-0.4546,-1.230099,1.988123,2.624122,0.369871,-0.189967,1.145062,-1.065044,-0.199418,-1.379818,0.466463,0.239913,-0.385505,-0.624929,-1.460545,-0.794133,1.186574,-0.33765,1.214939,-0.832696,-0.076226,-0.440612,-0.248853,0.743484,-1.975068,0.715287,0.670916,0.004547,0.075706,-0.210451,0.668677,0.058051,-0.813518,0.148462,0.920547,0.358696,0.030749,0.199428,-0.474255,-0.440677,-1.809375,-0.174056,0.949291,-0.372004,-0.868167,0.864302,0.1601,0.13867,0.455226,0.673355,-0.038581,-0.796048,1.672529,0.05685,-0.738258,0.180125,1.145706,-1.354631,1.258184,-0.127199,1.914514,0.641707,-0.098023,1.204018,1.221689,-0.33217,0.22669,-0.489954,0.881725,-1.341438,-0.165124,-2.033257,0.567553,-2.125558,-1.007108,0.256555,-0.332876,-0.420305,-0.919229,-0.442668,-1.670012,0.311726,0.772687,0.731806,-0.031274,1.170572,0.44576,0.91771,0.379004,0.036079,-0.720167,-2.505787,0.618493,-0.1053,1.898391,-1.885415,0.806458,-0.899959,0.001073,-0.839102,0.337062,-0.024287,0.840069,0.144249,0.460308,1.220353,0.498472,-0.122394,1.185359,-0.102296,0.394008,-0.300278,-0.625524,-2.852185,0.667475,-1.091915,0.705407,1.72343
1122,18,2.052878,1.097314,0.119249,0.760906,0.280612,0.199152,-0.969481,-0.401176,-0.33411,1.019316,0.44116,0.374139,-0.121501,1.189344,-2.342468,-0.877513,0.894032,-0.404114,0.601505,1.499114,0.752758,-1.410945,-0.225165,-1.1048,0.441091,0.977752,-0.236574,0.478665,-0.199032,1.820185,0.11827,0.212274,0.531107,0.998353,0.655084,-0.031976,0.047935,0.479884,0.557509,-0.359984,-0.552125,-0.22675,0.437686,-0.426885,-1.028856,-0.319345,-0.468029,0.574931,-0.489742,-0.388792,1.779582,0.424278,-0.878582,1.141706,-0.346754,-0.770002,0.615848,-1.339478,-0.061098,0.534807,0.710187,-0.498522,-0.472355,-0.078237,1.152258,-1.700393,0.780505,0.28694,1.300708,-1.060169,1.096917,-0.819217,0.288408,-0.368406,-2.32595,-0.050934,0.376956,0.823249,-0.592725,-1.101952,0.676805,-0.333113,0.998462,1.358324,-0.214204,-0.154991,-0.678068,-1.917083,0.001591,0.698294,1.015399,-0.011209,1.765205,-0.488176,-0.01268,-0.506292,-0.408912,-0.252655,-0.643321,-0.388095,0.279356,0.116557,-0.980708,0.493849,-0.763906,0.44578,0.081596,-1.811246,-0.971161,0.915879,-0.597674,-0.609997,-0.399035,0.121495,0.56135,-0.265524,1.619798,-0.527177,-0.427091,-0.159602,0.174587,1.406048,2.249988,-0.307661,-0.144434,0.619454,-0.098328,0.836432,-0.994774,0.829244,-2.062923,0.517535,0.654239,2.386967,-0.85258,0.678763,0.635067,-0.884322,0.260889,-0.792333,-1.098245,-1.428598,-0.196219,-0.993651,-1.972455,0.285221,-1.629536,0.673812,0.241727,-0.782251,-1.511515,-0.864925,-1.288224,-0.358526,-0.347456,2.378879,-2.007162,-0.564432,0.540063,0.993108,1.294626,-0.94222,0.777812,-2.77442,-0.213936
1299,46,-0.114621,-0.910263,0.016012,-0.161326,-0.505167,-0.885557,-0.053268,-0.333865,-0.075347,-0.69852,1.501079,-0.493007,1.271323,0.114473,0.825424,-2.078869,1.904467,-1.788188,-0.449183,-0.715035,1.032881,0.83658,-1.012738,0.677073,0.90325,-0.569589,-0.279138,-0.184529,-0.027505,0.605615,0.72521,-0.588202,0.057258,0.286956,0.022739,-1.544849,-1.183388,-0.739079,-0.442135,0.688817,-0.938071,2.368662,-1.214758,0.002291,-0.036814,-1.144198,0.923011,0.326778,-0.551844,-0.357107,-1.194667,1.007391,0.079568,-0.778274,0.852549,-1.941886,0.399872,0.548067,-0.027287,0.418793,0.98098,1.026879,-0.709909,0.918162,-0.45273,-0.527724,0.431498,-0.522276,0.720622,0.619936,0.705604,-0.899686,0.256014,0.887237,1.033568,1.918211,1.136909,-1.295389,-0.09543,0.15893,-1.293697,-0.518048,-1.235835,-0.444574,1.513735,0.033337,-1.041431,-1.542899,-0.590118,2.228822,-0.488769,-0.32706,2.843714,0.494906,-0.478087,-0.084842,-1.134829,0.973166,-0.031412,-1.320397,-1.311669,-0.753967,-1.114248,0.252601,-2.113812,1.314397,1.005682,-2.181922,-1.198134,0.085885,0.643627,0.986246,-0.021668,0.131007,-1.093793,0.497088,-0.839996,-0.323286,-0.70671,0.184893,1.579732,0.568617,-1.048339,1.174765,1.069693,-1.264117,-0.601013,1.005654,-0.580283,-0.313767,1.18134,0.910305,1.342474,-0.834912,1.853941,-2.303383,0.377489,0.31138,-0.760322,-1.458766,-0.082804,0.693357,-0.852683,0.396653,0.34642,-0.385941,-0.716524,1.363684,-0.943457,1.004155,-0.817589,-0.188202,0.052722,1.336338,-0.451429,0.844948,-0.577982,1.442693,-0.870944,1.127573,1.17369,-1.148972,1.222138,-0.817913,-0.707514
1091,31,0.272584,1.246466,0.363336,0.233153,-0.802198,0.448962,0.542289,-0.92413,1.743598,-0.893632,0.928283,-0.18822,0.171401,-0.762587,-0.543059,0.703608,-0.178601,-0.323577,0.888392,0.715449,0.176403,0.242116,1.709682,-0.151588,0.397296,0.433696,-1.364944,-1.889919,0.139554,0.868692,0.213025,-0.510936,-0.630878,0.814699,-0.278733,-1.570525,0.684976,0.249321,0.389642,1.039212,1.318212,0.565779,-0.157274,-2.069097,0.30542,-0.132667,1.312702,1.271029,0.482554,1.362481,-0.059459,-0.029175,-0.819022,-0.292177,0.221981,1.055424,-0.709322,0.802179,2.317254,-1.310309,-0.240793,0.03403,1.002729,1.970269,1.227909,-0.022713,-0.823395,-0.0421,-0.024917,0.252943,-0.866998,1.514741,-0.698625,0.683653,0.223469,-1.066208,0.077648,0.031836,-0.173007,0.807274,-0.455316,2.52033,1.124533,-0.890548,-2.443215,1.249118,0.258885,0.091496,-0.951688,-1.410095,-1.827894,2.542612,1.593034,-0.534531,1.862155,-1.819832,0.69939,0.705813,-0.840548,-0.441207,-1.021931,0.049482,1.307275,0.991257,0.419636,1.112555,-1.759132,2.007051,-0.043721,-1.296705,-0.372738,-0.637503,0.098973,0.315547,-2.307961,1.25477,1.718529,-1.021935,1.468425,1.252966,1.010079,1.623925,-1.37463,0.7244,-1.000459,2.356716,-0.960961,-1.213328,1.119561,0.62161,0.031627,0.139754,0.613841,1.721987,-0.705583,-0.554282,-0.571551,-0.070022,0.01503,-1.278601,0.304366,-1.256774,-0.307018,-0.245811,-0.239741,1.480192,1.635022,1.077334,1.581457,-0.283276,1.406812,-0.050423,0.229256,0.273978,-1.331855,-0.607066,-0.15726,0.366117,-0.124821,-0.849268,-1.154523,0.010826,-1.179412,-1.17501,-0.102111
1231,9,0.48092,-0.246671,-0.529317,0.260817,-0.184763,0.3793,0.83735,-0.641615,0.585385,0.098485,-1.479109,0.872611,-0.077052,-0.662322,0.624783,0.96029,-1.009726,-0.204114,-1.340475,-0.313642,0.194813,0.151253,-0.043065,1.461339,0.806734,0.305339,0.279479,-0.003084,-0.581545,-0.859534,-0.166918,0.586042,-0.606714,-1.976311,0.638884,-0.25617,0.722535,0.238572,-1.083705,-1.049102,-0.48737,-2.202473,2.008786,-0.522786,-0.398087,-1.335795,0.100055,0.758987,1.580504,-0.480778,1.529973,0.364584,-1.383702,1.197967,-0.543809,0.604535,0.477884,-0.238939,-0.356627,0.747655,-0.660044,-0.91291,1.226473,-0.119055,1.614928,-1.400187,-0.043694,0.071147,-0.893501,1.402827,-0.029216,-1.784965,0.581743,-1.44377,0.144169,0.481255,2.374822,-0.462665,0.102237,-0.521857,-0.610859,0.713123,1.149727,0.819065,-2.54534,0.837444,-0.135435,-1.158149,-0.839529,-2.160985,0.527644,-0.14264,0.15517,-0.783248,-0.926162,0.60633,0.79157,-0.059321,-0.126626,0.672711,1.861321,0.317469,-0.043013,-0.273381,0.535517,-0.206038,0.262047,0.593992,-0.598725,1.249059,2.139243,-0.656435,0.892184,-1.654824,0.831355,-1.755112,1.401762,1.006553,-1.679369,-0.523163,-1.904812,1.959334,1.607924,0.263537,-1.073958,0.238508,0.231933,1.192727,2.164448,1.123135,1.136146,0.073562,-0.141979,1.000446,0.069841,-0.36142,-1.062287,-1.122356,-0.638316,-1.096654,-1.225005,-0.161595,-1.084569,0.141305,0.114824,0.262131,-1.297622,0.682262,-1.16799,-0.541557,0.345847,-0.842457,2.291715,0.385561,0.21474,1.268642,-2.000928,1.188513,-0.943062,-0.819192,-2.067249,1.02881,-0.05651,-1.562903,-0.114937
1297,23,1.192689,-0.070663,1.128869,0.52322,0.845577,0.838829,-0.829809,-1.143065,-0.792777,-0.933682,-0.277229,-0.803159,-0.394514,1.769698,-0.459464,0.601636,-1.242421,-1.193285,2.387972,1.187704,0.317325,-0.523869,-1.046186,-0.548168,2.078589,-0.815863,-1.028532,-0.471264,-0.166601,-0.11393,-0.380094,-0.80607,-0.462965,2.537786,0.725143,-1.631853,1.49844,1.338275,0.700061,0.356051,2.02693,-1.517603,-0.119827,-0.850308,1.382943,-0.963798,0.795862,-1.435847,1.388645,-0.366493,-1.025347,-1.037069,-0.650574,-0.297427,0.065583,-1.21911,1.524859,0.436648,-0.76209,0.793061,1.198746,0.403866,-1.473353,-0.032904,-0.381353,-1.494034,0.049631,-0.982346,-0.731574,0.425096,-1.980695,0.599669,-1.106942,1.273657,-0.542279,-1.374514,2.509085,2.614499,-2.271473,0.561042,-2.584695,0.318136,-0.528066,-0.047172,-0.183627,-0.571752,-1.303803,0.155968,0.625172,-0.439233,1.337806,-0.812277,0.760087,1.187578,-1.295403,0.509368,-0.716811,-0.554092,2.627803,0.628593,-0.001606,-1.246493,0.323744,-0.430967,-0.157215,-0.197604,2.380605,0.710128,0.265464,0.529107,-1.047122,0.700348,0.051391,-0.990014,0.860394,-2.404694,-0.228429,-0.621832,-1.234462,-0.587942,-0.203232,0.722287,0.971961,0.591419,1.36482,-2.224461,-1.587085,0.215372,-1.154982,-0.102582,0.592148,1.594925,0.701694,0.543131,0.375015,-0.815577,-0.479975,-1.292488,-0.042997,0.20654,-1.0634,0.66146,-0.830299,1.600524,0.010609,-0.782608,0.763458,1.455555,0.2074,-0.036075,-1.036707,-1.031016,-1.454128,-0.283832,1.824136,-0.27768,-1.57005,0.26599,-0.015583,1.036303,0.55496,-1.73248,0.170897,0.116902,-0.912459
1045,49,-0.434478,-0.922065,0.179223,0.54779,-0.605131,-0.217054,0.709593,0.665434,-0.095929,-0.776291,-0.941989,-0.609428,0.598947,0.503119,0.245146,1.27522,-0.324568,-0.399271,-0.403428,1.768535,-1.982384,0.237895,0.385681,0.023484,2.17173,1.072951,0.695698,-0.879739,0.439326,-0.380987,0.012636,0.16107,-0.482114,0.569881,1.511308,0.951757,0.179764,-1.844601,1.001545,0.993632,-0.202976,-0.469941,0.600733,-0.780846,0.731862,-1.033811,-0.883272,-0.000767,-1.385884,-0.012972,0.486272,-1.251187,0.857662,-0.54067,0.503553,0.188974,-0.440205,-0.50279,-1.614203,-0.664458,-0.734058,1.53354,0.94683,-1.295361,0.743449,0.20033,-0.364919,0.425982,0.735046,-0.541377,-0.264549,0.148897,-0.929833,0.167082,-0.081617,-0.642926,-0.793975,0.281225,0.815817,0.305335,-0.805717,0.697364,0.155383,0.550849,1.086064,-0.849117,-0.134344,-0.562742,-0.821583,1.872788,0.875752,-1.656041,0.396168,-0.522732,1.071528,0.075916,-0.165334,0.131245,0.356923,0.026217,-0.207173,-0.130796,0.476295,-1.056718,-0.003286,-0.113549,-0.455574,0.687035,-1.207102,-0.342632,-0.797459,0.508298,-0.438258,0.044659,0.358652,-1.493043,0.421553,-0.699585,-0.238576,-0.105819,0.754686,0.688876,1.648734,0.164756,-0.445612,-0.469934,0.610116,1.496576,0.318118,-0.538597,0.256127,0.238739,0.030347,-0.693865,-2.370643,-0.501348,0.983198,0.198422,-2.062544,0.004646,-1.725085,1.858137,0.177852,-1.123775,0.745104,-0.730627,0.524387,0.020214,-1.101878,0.621012,-1.250758,1.251818,0.056507,-0.960835,-1.693,1.509263,1.355331,-1.173913,1.537507,0.156078,-0.206627,-0.081205,-0.250763,1.336403,0.140224
1002,42,-1.044932,0.319088,-1.246976,-1.106931,1.279667,-0.905453,1.081358,1.524358,0.259326,0.553391,1.952251,-0.196728,-0.593006,-1.353231,0.041707,1.479144,0.959595,-0.942091,-0.855375,-0.504171,0.292268,-0.205311,0.214454,0.296739,-0.298774,-0.040174,0.206592,-0.08397,0.503521,1.870876,0.591972,0.055811,-1.686119,0.387957,-1.946678,-1.409034,0.854639,0.706235,-0.149939,-1.710011,-0.371349,-0.678738,0.636841,2.257731,0.21693,-0.779311,-1.170552,-0.056094,-0.176793,-1.151519,0.116355,-1.150914,1.112107,1.062651,1.084751,-0.47405,0.514521,-0.13207,-0.388812,-0.339146,-1.299715,-1.443864,0.794315,-0.191235,0.216425,1.00171,-1.733132,-0.78413,0.175335,0.392095,-0.377074,1.029179,0.210395,-1.213382,-0.930764,0.805471,0.463831,-1.899061,1.347712,0.598027,1.343343,-0.383701,-0.295706,-1.126457,2.53693,-0.175454,1.587533,-0.647292,0.163841,-1.671352,-0.382867,0.983755,-1.251744,1.072228,0.337238,-1.043951,-0.501597,-0.459066,-0.049519,-0.536144,-0.827288,-0.304588,-1.02689,-1.289527,-0.048176,0.882874,-1.529372,0.003508,-0.649956,-0.977145,0.853438,-0.51817,1.498302,-0.779839,0.386502,-0.227283,-0.754022,0.587675,-0.154983,0.603211,-0.047292,-1.085816,-0.102069,0.051955,0.958463,-0.906269,-0.03933,-1.721879,0.651493,-1.081483,-1.80636,-0.059217,1.105685,-1.524447,-1.088036,-0.743275,-1.129497,0.379428,-0.807367,-0.721515,0.583305,-0.755515,0.43278,-0.971385,-1.212139,-1.835449,1.861203,-0.320259,0.243933,-0.03105,0.159962,0.049686,1.908217,-1.038927,-1.557462,-1.01196,-1.334709,0.746962,0.820378,-0.961316,-1.390436,-0.354797,1.391124,-2.819569,0.526627
1015,2,0.945528,0.37586,0.876719,0.118358,1.25249,-0.026607,-2.075139,1.337883,0.107851,-1.171078,-0.198224,-0.883834,2.100209,0.497685,-1.568711,0.546165,-0.39874,1.916783,-1.052697,-2.24703,0.065869,-0.348027,-0.416586,-2.141239,0.426809,1.673345,-1.909049,1.171224,-0.568717,2.349005,0.436008,-0.187844,1.105382,0.526028,-0.592456,0.710217,-0.510696,-1.788488,2.031592,-0.349583,-0.609014,0.338722,-1.559632,-1.353579,-0.499647,-0.519722,0.071889,1.122558,-0.474027,0.492798,0.601545,-1.084075,0.228456,-0.942667,1.063899,0.45509,0.016504,-1.3397,0.11599,-0.767028,0.705963,-0.119327,-0.812345,0.925518,0.721535,-0.593297,1.162028,-0.298395,-0.309152,0.123801,-0.752634,-0.44164,-0.160479,1.530283,1.49965,-0.25887,1.610438,-0.043287,0.380581,0.883578,0.292048,2.415182,0.243346,-1.197589,1.305471,-0.412063,-0.304288,-2.991673,1.000986,0.818449,0.799019,0.978406,1.691,-0.046002,0.937616,-0.74384,-0.353801,1.05676,0.391124,-1.333415,0.361329,-0.182911,-0.818666,0.434287,-0.404506,-1.57049,-1.111155,1.76917,-1.514929,0.222802,0.610056,0.639189,-1.225472,-0.321538,0.140847,0.800209,-0.644961,-1.163475,1.002574,1.105154,0.370073,-0.608787,0.406762,0.109311,0.837629,-1.249113,0.116261,-0.159064,-1.109684,0.215648,0.034918,-0.410359,0.396029,-1.418797,-0.053642,0.431414,0.284018,1.076428,-1.201113,-1.50788,0.239068,0.455153,2.119824,0.616612,-0.873948,0.80603,-0.84563,-1.485836,2.609101,0.325825,0.714951,0.56355,1.812077,0.284107,1.217698,-1.027284,-1.392161,1.426557,1.47486,0.510726,0.226067,0.166177,-0.688161,1.538638,0.658881
1206,28,0.144917,1.314602,-0.400802,-0.897568,-0.672478,-0.108707,1.161363,0.176391,-0.377776,0.191542,-1.189231,-0.407243,-0.666216,-1.027565,0.597812,-0.838282,-0.637846,-1.123805,0.299306,-1.079194,2.068927,-1.013556,0.86289,0.53994,0.880746,0.172108,-0.996908,2.173962,0.221461,-1.072585,1.295914,-0.039173,-0.678967,0.662785,0.093813,0.629237,-0.009732,1.047628,0.453366,-0.340458,0.040898,1.0847,0.011367,-0.670354,0.168205,0.58507,0.49992,-1.292009,-1.084374,-0.25722,0.839574,0.228544,1.548662,1.57949,0.814752,0.205512,-0.127919,-0.827881,0.223026,-1.080981,0.893244,-1.635794,1.199211,-0.169618,-0.699661,0.154997,0.153356,0.075601,-1.250053,-2.760792,0.967411,0.045975,0.732827,-2.359849,-0.358292,-0.949864,0.137016,0.989396,-1.140641,0.490646,0.521117,-2.0486,-0.089051,0.006235,-0.282044,0.498432,1.23493,0.740581,1.182008,0.904653,-0.093645,-0.600354,-1.182023,-1.882665,-0.589222,0.31176,-0.136419,-0.061487,0.831647,0.917899,-0.226185,-0.107888,-1.470743,1.09212,-0.173421,-2.606263,0.007691,-0.193944,0.724951,0.007988,0.477222,-0.547776,0.842077,-1.110605,-0.143955,0.201112,-0.318915,0.870202,0.386797,0.248337,0.196356,0.476337,0.586889,-0.927292,-0.021706,-0.260108,-0.317854,0.080515,0.015652,-1.275515,-0.242873,0.989575,0.641759,-1.844624,-0.581178,0.366713,-1.305849,0.157046,1.509329,0.438524,-0.913292,0.344753,-1.748731,-0.108978,-1.979065,-0.543419,-1.895911,-0.724976,-0.429979,0.995655,0.365973,1.782706,1.267997,0.069035,0.646648,-0.970396,0.014767,-0.484288,-0.987422,0.976627,-0.647458,0.341407,-0.315244,0.915676,0.43617
1291,9,0.330321,-1.823162,-0.886636,-1.113161,2.181344,-0.115508,1.228428,0.351889,-0.164031,-0.637098,1.470709,6.120529,7.615806,0.07845,-0.78396,0.672379,-0.895345,0.152744,-1.0016,-1.942328,1.061779,0.876416,0.109915,-1.686157,-1.212024,0.31093,-1.468034,2.947549,-1.052447,-0.509071,1.257531,0.927051,0.60977,0.802345,8.5181,0.169815,-0.391966,-0.125615,0.29762,0.42601,1.115731,0.617792,1.002383,-0.346838,-0.628074,-0.638495,-0.165522,-1.385049,-0.665733,0.440368,-0.500544,-1.132066,7.658069,-0.946145,1.063159,7.846304,1.450243,1.792992,-0.340055,-0.975502,-0.697007,-1.300163,0.070938,-0.778937,8.467365,3.468372,0.165513,-2.830017,5.161794,8.030624,0.027935,-0.540083,-0.001036,0.045338,0.072511,1.404789,-0.322914,0.865024,1.402658,1.042309,0.570713,0.53959,1.305344,1.374447,-0.507083,-0.055866,5.364239,0.480158,-1.129906,0.206311,0.828624,0.573393,0.133894,-0.102103,3.07949,-1.08816,0.553842,0.411409,-0.669483,-0.7098,-0.655585,-0.28406,1.819634,0.183006,0.586027,0.107627,0.187114,-0.06288,-1.650278,1.145188,0.704736,0.632517,0.586135,1.124556,-0.358002,0.803988,2.647765,9.399474,0.40433,-1.454105,-2.431272,-0.401915,0.675989,-0.312851,0.482083,0.662831,1.047207,1.447748,0.508603,-0.251521,-0.136513,-0.687157,2.98974,1.087011,0.911264,2.001168,-1.108069,7.746605,0.777897,0.803414,8.555359,0.729909,-0.074862,6.425964,0.93249,1.363098,10.895025,0.818102,2.312081,-0.338396,0.518222,-0.609463,4.085304,1.932135,-1.075759,0.024914,-0.050023,0.320631,0.762104,-0.679701,2.852159,-0.553329,-0.956287,-0.024947,-0.514192
1159,44,-0.76748,-2.575788,1.146689,-0.640387,0.07527,0.265258,-1.271108,0.917345,-0.65079,-1.438889,0.348043,0.179712,-0.526881,-0.041483,1.700522,0.708712,0.02343,-0.346912,1.84953,-0.42033,-1.934653,1.23409,-0.482844,-2.156081,-1.385034,-1.344533,-2.182838,-0.744434,-0.585215,1.64409,-0.075889,-0.571849,-0.157916,0.203907,0.999958,1.319604,-1.945057,-1.463972,-0.009088,1.928345,-0.48435,1.095606,-0.549044,-0.550476,-0.248272,1.399029,-0.467992,0.086311,0.344069,0.931413,0.07495,0.907964,1.711468,0.813103,-0.355032,-0.117223,0.299742,-0.24396,-1.097987,-0.912644,-0.535286,-1.942623,2.933342,0.879949,-0.542468,-0.722527,1.250195,-1.386669,-1.002131,1.061254,-0.054589,0.80124,0.132337,0.023604,-0.620259,0.506773,0.264749,0.25701,-0.402527,1.22781,0.096019,0.629183,-1.143672,-1.630131,0.760967,-0.627789,-0.816322,0.391506,1.361045,-0.250341,-0.268493,0.469724,0.576834,0.092909,-1.783962,0.796127,-0.749597,2.116299,-0.665017,0.248333,-0.026956,0.228413,2.536194,-0.225059,1.054675,0.0373,-0.320999,0.795483,0.370928,-0.150239,-0.941706,0.457132,3.444925,-0.100524,0.667849,-0.548879,3.511767,-1.394753,-0.550007,-1.848734,0.728864,0.191493,0.465682,0.02415,1.601756,1.415702,1.211986,-2.660209,-0.875738,0.145898,0.926398,-2.717056,1.632612,0.377138,1.642175,-1.135326,-0.732948,-1.01237,-0.591587,-0.745401,-1.718373,1.337995,0.577723,-0.794109,-2.035057,1.19639,-2.264347,-1.084841,-1.249529,-0.715941,0.485535,0.887006,0.337052,-1.151046,1.329338,1.218624,0.807619,2.405868,-1.054839,-0.75228,-0.768932,-0.607235,0.666405,0.224594,-0.391258
1106,21,-1.581701,1.732576,-0.694118,0.275655,0.802945,0.611701,0.41001,-0.392602,0.218956,-0.22264,-2.275591,0.99811,-0.629883,-0.523974,-0.414854,-1.392014,-1.214904,-1.806486,0.465735,1.178488,0.071674,-1.148818,1.303568,-0.322827,-1.597889,-1.886153,0.177852,1.440232,-0.388398,-0.639274,-0.278306,-0.85399,-0.551358,0.247596,-0.728493,0.927288,-0.982903,0.703292,0.340292,-0.391929,-0.30316,-0.330941,1.673009,-0.81572,1.182198,1.003271,-0.34444,1.611556,-2.385005,0.239109,0.122665,0.013667,0.830946,-0.406558,-0.192742,1.14365,-0.122438,-1.04048,0.563384,-0.0894,-0.57087,0.545651,-0.777975,-0.987801,-0.268089,-0.197241,0.045899,-1.211274,1.712965,0.66876,0.135756,0.222947,-2.508988,0.917666,-1.029877,0.496512,-1.201779,0.978313,-0.542176,-0.219425,1.521789,0.982894,-1.382592,-0.705313,0.187142,-0.240654,0.801019,-0.691476,-1.883443,-0.919177,-0.192018,0.54098,0.736884,1.239238,0.228408,-0.209863,0.723956,-0.106798,-0.475909,-0.474896,0.921603,1.478664,1.309172,-1.605911,1.086084,-1.127649,-0.34848,0.579381,-1.340748,-1.233907,-0.757236,1.681549,1.069945,-0.90523,0.131568,0.128957,0.306185,-0.716975,1.434651,-0.385752,0.813118,-1.690407,0.385574,0.138633,1.351638,-2.603301,0.549064,0.807355,-0.271325,1.309716,2.097217,0.875047,0.804002,1.343815,0.434092,1.223044,0.594522,-0.689788,-1.056083,1.170771,0.594208,-0.674768,0.022193,1.460924,-1.719115,-0.906798,0.694358,0.82014,-1.176147,-1.000246,0.161592,1.402103,0.007954,-2.32773,1.026039,-0.025536,-0.462985,-1.165662,1.191586,0.263717,0.400698,0.346722,0.432527,0.833657,1.711453
1319,15,-0.719224,0.437178,-0.14771,-1.467653,0.062852,1.080163,0.082037,-0.577082,2.220929,-0.737948,-1.315912,0.05408,-0.577372,0.236201,-0.721508,1.475607,-0.112002,0.491073,-0.947654,-0.15857,-0.687271,-0.498867,0.901981,0.986358,-1.467482,-0.818204,1.05538,-0.863132,0.16334,-0.209306,0.258753,-0.942781,0.427189,0.292362,-0.346185,-0.085861,0.923555,0.554628,1.231937,2.531567,-0.513151,-0.574203,-0.832981,0.197931,0.190534,-1.768435,1.037642,0.024566,-0.821448,0.068892,-2.036018,-0.618265,0.003444,0.594071,0.120276,-0.840268,-0.795683,0.249523,1.422807,-0.249346,-1.039897,-1.14453,-0.031851,-2.214078,-1.092338,-0.699405,0.740226,-0.06171,0.717006,0.987956,-1.113573,0.39149,-1.001769,2.306505,0.894762,-0.154894,0.15886,0.96986,-0.730796,-0.733406,-0.936449,0.225055,0.555887,-0.190863,0.929633,-1.287902,1.091403,1.043949,1.342004,-1.697297,-0.472721,1.280513,-0.088196,-1.781541,0.0516,-0.217046,-1.027468,-0.03541,-1.009142,1.336547,-1.595203,0.676819,1.227185,-1.248874,0.409754,-2.082269,1.270253,0.398574,1.410734,-0.388489,0.962129,1.248748,0.415317,0.595095,1.033155,-1.67061,1.663242,-0.260751,-0.571353,0.747706,0.976345,-0.421926,-0.725906,-1.505396,0.82814,0.931938,-0.720915,0.046686,-0.391264,0.337614,0.075957,-0.553231,-0.221612,-1.088023,0.052398,-0.419045,0.307723,-0.889316,-0.762778,-0.761705,-0.637294,2.475163,-0.010884,-0.48022,-2.018392,0.766287,-1.126166,0.639396,0.770629,-0.810176,0.427508,1.689879,-1.150597,-1.645381,-0.216038,-0.662891,0.134221,-0.470731,-0.379855,0.661042,-1.67659,0.114927,-0.607073,-0.472836,-0.730991
1072,8,0.855713,-0.375236,-0.177048,0.038392,1.582176,1.522856,0.608178,2.001399,-0.423127,0.507494,-0.484447,1.300672,0.01833,0.978822,1.739438,-2.131031,2.196638,0.308512,-0.341855,-1.971305,-0.324581,-2.362982,0.074933,-0.188553,1.847795,-0.348373,1.081628,1.17784,2.095404,-0.266291,0.765217,-1.566167,-1.14626,-0.291416,-0.035373,-1.254418,-0.43294,0.706634,-0.47752,-0.168423,-0.92109,1.405565,1.813239,0.201149,-0.125758,1.69766,0.482547,-0.693895,-1.389558,-0.61121,2.242577,-0.614947,2.955121,-0.008574,-0.227861,1.350462,-0.257345,0.382812,-1.071774,-1.28161,-0.761883,0.223386,-0.686404,-2.018627,0.483903,-0.173356,-0.290945,-0.633002,-2.31422,1.626602,-0.496392,0.5373,1.425567,1.155373,0.20468,0.006601,0.311599,0.928155,0.591735,-0.461046,0.459627,0.385482,0.710953,0.208376,1.404016,0.204813,0.910154,0.043106,-0.591083,-0.972525,-0.164746,0.548423,1.299428,-0.093415,-0.534805,-0.522857,1.322999,0.10756,-0.514774,0.758274,-1.356424,0.118512,-0.045049,-0.138781,-1.184909,1.006124,1.724984,-1.359151,0.122273,0.660905,2.31499,-0.42778,-0.973427,-0.005203,2.064605,0.070736,0.270967,1.819826,-2.190446,-2.222264,0.930073,0.79404,-1.421962,0.530527,0.041923,0.222487,-0.825076,-0.464947,-0.899484,0.052103,-0.237245,1.725076,0.643786,-1.613975,0.426142,1.468391,0.28855,1.113581,-0.035168,0.722403,-0.958921,0.806319,-1.413734,1.324951,-1.551917,-2.169139,0.543826,-0.177053,0.116762,0.438422,-0.028015,-0.907563,0.216459,0.356238,0.505164,2.036981,-0.753783,0.068783,0.574027,-0.458487,-1.229151,-0.581993,1.091541,-0.276378,0.627525
1119,44,0.220566,-0.754469,0.422793,-1.360524,0.319776,1.154297,-2.574277,-0.027376,0.246199,0.436004,0.097649,-0.063361,0.274692,0.10667,0.088139,1.525881,0.992955,0.894876,-0.611732,-0.469885,1.023559,-1.014425,0.986797,-1.302874,2.05734,1.200717,-0.530122,-0.446137,-1.974791,-0.04768,1.151493,0.59016,-0.25124,1.980946,0.535443,0.39918,-0.286884,0.563785,2.533628,0.435796,-1.611548,0.211406,1.850439,1.151852,-0.498131,0.338042,-1.425561,0.618792,-0.848316,-0.513611,-0.548703,-0.691846,1.639599,1.428749,-0.27766,0.093116,1.629396,-0.277527,-0.430925,-0.819871,1.508345,0.158687,0.008755,-0.408522,-0.881188,0.921558,-0.749196,-0.505467,-1.62738,-1.066011,-0.501023,-0.476831,-1.468641,-0.598841,-0.138537,-2.541651,0.556421,-0.274204,-1.307889,-0.273445,0.418222,-0.015206,0.030287,0.000551,0.617953,-1.326439,-0.581148,0.358592,0.013741,-1.040336,-0.28663,-0.688764,0.006256,-1.617977,-1.584032,-1.410717,-0.145664,2.374509,0.933472,1.166859,-0.006794,1.522849,0.326756,0.04757,1.032137,-1.193282,-2.137138,-1.170693,1.342334,0.850154,0.162998,-0.24892,-0.185353,0.356752,-0.85483,0.727362,-0.961389,1.282064,-0.346708,-0.914998,-0.299018,-0.919697,-0.150923,-1.77107,-0.499023,0.050724,0.349975,-0.400255,1.150804,-1.663391,-0.235442,-0.494692,-0.032132,-0.27948,1.317264,-0.028528,-0.924539,2.391904,0.012564,-0.181581,0.834356,-0.604975,-0.244625,0.812496,-1.176624,-0.466263,0.888297,1.72071,-0.103939,-0.12835,1.031756,-1.461712,-0.701913,-0.798306,-2.025965,-2.846567,-0.422652,0.857431,0.621326,1.203548,-2.684079,-0.16964,1.271412,-0.871915,-1.294412
1134,7,-0.254797,0.350474,1.16821,0.907886,1.406514,0.378091,-0.677489,-0.327538,1.485539,0.112426,1.369799,-1.520604,-0.46363,-0.762833,0.259414,-0.751429,-1.272231,-0.066199,-2.203303,-0.563257,0.418941,-1.102202,-0.043288,-0.844587,-0.326104,0.240115,0.459833,0.42775,-0.721289,1.485514,0.325483,-0.618995,1.307354,-0.374916,1.910326,0.832896,-0.090653,-0.452914,-0.795299,-0.746236,-0.254055,1.328553,0.192722,-0.060911,0.431647,-0.286002,-1.202228,-1.425338,1.406763,-0.250372,1.585763,1.875242,0.298161,0.776838,-0.325608,-0.100065,0.107412,0.020993,1.498613,-0.065854,0.908168,0.147695,0.641679,1.828118,-1.489118,1.173633,-0.581869,0.225197,-0.306075,-0.436621,-1.303465,-2.592891,2.132766,0.8842,-0.204939,-1.80041,0.692937,1.585801,0.45949,-1.658725,-0.483988,0.291744,-0.041232,1.127397,-0.927072,-0.604491,-2.431935,1.148274,0.659263,-0.404586,-1.755622,0.885638,-1.381616,-1.24449,-1.895419,-1.396093,-0.922725,-1.068613,1.108054,0.724003,0.088361,-0.556819,-0.034603,-1.311115,0.406002,-0.926531,-0.502535,0.344698,-0.869561,-1.384807,1.027147,-1.723176,-1.278247,-1.16907,-0.723532,-0.138511,-3.223861,-0.50118,1.409567,1.196133,0.88557,-0.082611,0.218891,-0.557519,-1.679538,0.359881,1.08277,0.300347,-0.028273,0.871855,0.319886,1.129502,-0.426608,-1.808507,0.492044,0.893869,-0.784158,0.237659,0.728306,-2.752565,2.473393,0.785098,-0.20152,-1.170887,-1.596052,3.374476,-0.330994,0.705892,-0.668762,-0.329478,0.663266,-0.95446,-0.080702,-0.20676,0.484862,0.868512,-0.182964,1.416596,-0.485022,-0.394424,0.084758,-0.262076,0.788717,-2.895588,-1.798375
1277,43,5.340744,-0.118141,-0.555748,6.09773,3.782677,1.893986,0.207328,-0.246604,0.252484,1.412327,-0.419111,-1.119909,0.400751,0.314611,-0.290396,0.621239,1.015155,0.173887,2.500232,-0.403326,-0.178101,1.971926,1.655131,1.002688,0.886374,5.149743,10.474182,2.417459,0.017575,-1.732028,0.537841,-0.969176,-0.23287,1.354775,7.092203,0.78977,0.52602,0.817305,0.782723,0.124009,-0.164637,-0.074328,-1.685095,0.936718,-0.70694,-0.515362,-1.322677,-0.144918,-0.84225,6.855164,-0.671021,0.533598,-0.170893,0.269547,-1.203169,0.187263,-1.34753,0.049734,-1.775476,5.38145,0.000462,0.755095,0.148448,0.656766,0.621852,-0.841139,-0.434058,-2.556475,0.757809,1.502997,-1.358397,-0.107191,-0.037236,-0.861988,-0.688503,0.953484,-0.409667,0.342543,-0.649276,4.904014,1.238029,-1.064108,0.039392,0.291708,-0.064115,2.60698,-0.736051,0.16551,-1.076445,0.147045,2.166408,3.100845,-1.256255,0.577329,-0.549516,1.140558,-2.929495,0.04279,5.155213,-0.359671,6.016186,0.196405,0.361348,4.9316,-0.651406,0.379288,-0.984758,-0.178096,0.420648,0.299525,-0.829077,7.712155,-0.546474,-0.79624,0.578629,0.012085,0.704393,1.835663,0.003484,1.462405,0.136291,-0.337664,0.819054,0.06414,-0.342276,0.898879,-0.42288,0.20874,0.769567,-0.67718,-0.177572,-0.476893,-1.508813,7.660347,-1.204043,-1.67048,-0.039421,-0.588721,-0.116743,-0.157183,0.834754,5.515659,0.707789,0.175048,0.53917,-1.661437,0.519664,0.371695,0.233684,-0.609799,0.566138,1.171889,5.401782,4.027416,-1.087117,-1.915552,-0.14949,0.196539,0.084662,-0.154578,0.332044,0.710396,-1.174994,-1.385164,-0.055871
1028,39,0.968646,-0.431118,0.723476,0.577051,-0.325075,0.281525,-1.11689,-0.120986,1.039175,4.061606,0.658177,0.041486,-1.062076,1.015518,-1.707593,-0.851453,0.312695,-1.255257,1.498314,1.049808,-0.616212,-0.603217,-1.368985,-1.451016,0.397729,0.579288,0.306285,0.220428,-0.608182,0.31528,-1.522784,-0.037877,1.432603,1.28118,-0.51097,-0.381351,1.336496,1.747688,-1.547628,-0.473962,0.189083,1.176977,-0.886881,0.598859,-0.347233,2.338754,0.385991,-0.180791,-0.381838,1.014319,0.636402,-1.132433,0.172599,-1.389426,-0.804148,-1.344974,-1.376291,-0.734668,-1.029121,0.484971,0.754992,-0.284882,-1.168705,0.762588,-2.077316,-1.984188,0.68554,0.61398,0.933689,-0.261493,-1.311438,-0.556279,0.524511,-0.814561,-0.749915,-1.44532,-1.213463,0.801924,0.411625,-1.211195,-1.129579,-0.609295,0.505644,-1.218195,-0.214076,-2.198802,-1.307268,0.377831,0.857034,-1.205968,-0.821478,0.756666,-0.436454,-0.588256,0.47667,0.152377,1.072217,0.75322,-0.62248,-0.163465,-0.104217,-1.405645,-1.021276,0.932151,-1.637261,0.955305,0.24321,-0.182685,0.497276,0.435169,1.170751,-0.44469,-0.271994,-0.289426,1.846888,0.906764,-0.969712,-0.376683,-0.750077,-0.027989,0.173273,2.259827,-1.872766,0.991081,0.397336,-0.744955,-0.190397,-0.537378,0.010498,0.970533,-1.562534,1.278313,-0.413644,1.468667,0.374958,1.199061,0.529952,1.051246,0.019451,-0.870713,0.637745,0.676675,2.068783,-2.045077,-0.233364,1.02933,-1.291502,-0.262842,2.088518,1.386073,-0.915604,1.396261,1.153753,0.746259,0.349402,0.206552,-0.903637,-0.549292,0.702985,0.109998,1.822298,-0.364925,-2.435409,-0.364901,0.248152
1070,12,-0.049834,0.596686,-0.13598,0.218149,-0.929615,-0.61824,0.450002,-0.258656,-0.766432,0.638362,0.527131,-0.026765,-0.778643,0.876868,2.476713,-0.842277,-1.561789,-0.800384,-0.95416,-1.28556,-1.204066,0.825891,0.837443,1.458125,0.723979,-0.500181,1.061613,-0.634663,-0.370726,-1.196548,1.202682,0.986222,-0.487981,-0.33525,0.010384,0.175716,0.819073,0.040628,0.374539,-1.526107,-0.327854,-1.819457,1.755604,1.367738,0.688142,1.083233,1.975866,0.911107,-1.620201,-0.235002,-2.382502,-0.84344,-1.273236,-0.038326,0.359164,-0.958473,-0.314011,0.247988,-0.188609,-0.210667,-2.436168,-0.473783,0.759007,0.224648,-1.516174,-0.306638,0.231755,-1.008444,0.63951,-0.836308,-0.366166,-0.144427,2.190653,-0.356482,-0.606989,0.679685,-0.507258,0.156978,-2.289798,0.261503,-0.055963,-1.326778,1.319978,-0.275268,-0.232741,-1.350793,-1.662321,-0.605346,-1.559872,0.453001,0.831518,-0.672341,-1.646697,-0.431867,-1.098346,0.128558,0.141381,-0.4648,0.034551,1.001631,1.664446,-0.561091,0.682748,-0.277326,-1.097075,1.24173,0.352442,0.100265,0.314132,-0.203123,-1.093509,1.734593,0.858618,0.22225,0.924287,1.244449,-0.240908,0.545827,-0.365563,0.60318,-0.295582,2.392632,-0.398513,0.474308,0.421686,-0.37621,0.894741,-0.125016,-0.453417,-0.040048,-0.792328,1.15495,0.583517,0.940383,-1.392437,0.229166,-0.810386,0.044756,1.232309,0.215313,-0.217195,1.078387,0.969193,1.806676,-1.902132,0.28583,-0.457942,-0.915918,0.073715,-1.203925,-2.274882,-0.943859,-0.302647,1.825008,-0.762783,-1.209993,-2.018809,-0.392975,-0.281444,0.106889,-1.487335,-0.803464,-2.308672,0.126765,-1.610584
1197,7,0.193041,0.74876,0.760756,-0.170763,-0.582997,-0.07461,0.600694,0.299322,1.146292,-0.356928,-0.049055,-0.185983,0.398649,-1.098458,1.291959,-0.275057,1.416808,1.46561,-1.369322,0.256374,0.5797,-0.031043,0.591706,-0.858466,0.981406,0.27078,-0.214995,-2.506893,0.809033,-1.433616,1.436804,1.064546,-1.329796,-1.494031,0.429704,1.297687,0.243143,0.290808,0.167541,1.704433,0.544017,-1.22995,1.399056,1.043943,-0.005733,-0.153175,1.48766,0.639143,-0.202569,1.259679,-0.32418,-0.180804,-1.738304,-0.354333,2.730801,-1.612372,-1.320794,0.999499,-0.765815,0.945696,1.719938,-0.327906,-0.564206,1.112463,0.600756,1.547016,-0.170061,0.494884,-0.620097,-1.113986,-1.018626,-0.967051,1.639654,0.93637,0.129385,-0.100882,-0.139785,1.274853,-0.000101,-1.701574,-0.131572,-1.848849,-0.488455,-0.834432,-1.80298,-1.75189,-0.022172,0.503194,0.46,-0.910085,-0.953768,0.126874,0.954507,0.963075,0.059067,-0.981873,0.658303,0.303611,-0.570739,-1.093585,-0.551751,1.151442,1.304185,-0.344095,0.186111,1.586708,-1.403328,-0.518969,-0.242881,0.340197,-1.693139,0.415062,-1.516265,0.882799,-0.106877,-0.518995,0.842816,0.010879,-0.97158,0.893221,-0.302783,0.273598,1.300285,-1.468783,0.692162,0.868465,2.200616,-1.892325,0.790558,2.209328,0.361176,0.025829,-0.371377,-1.734716,1.319525,-1.297054,-1.887272,0.768471,1.016876,0.848118,0.82053,-0.993148,-0.101113,-0.389348,-0.908419,0.33729,-1.096133,-0.203745,1.430163,-0.135231,-0.1973,0.765042,-1.289469,0.299039,1.144361,0.567136,-0.799403,0.825837,-0.464077,0.768437,-1.040925,-1.158461,1.528963,-0.236905,-0.229962
1201,9,0.690659,-1.97914,0.665415,0.378525,1.785871,-0.955308,1.821909,0.065746,0.353545,0.840563,2.284628,0.994639,1.847237,0.059838,0.70061,0.880592,-1.331616,0.23452,0.211456,0.580967,1.621137,0.679116,0.294869,0.111658,0.077306,-1.361189,-0.21151,-0.882005,-1.355288,1.009053,-0.933482,-1.030883,-1.655579,1.144503,1.407691,0.387741,-0.321573,0.511173,0.5155,0.086816,0.260707,-1.675526,0.138514,-0.434174,-0.214362,-0.115569,-1.393501,0.247349,0.618323,-2.173938,-1.537416,1.427083,-1.505936,0.705066,0.858326,1.843237,-0.320004,-0.771558,-0.729678,-0.757995,-1.673848,-1.137287,-0.560149,-0.48603,0.711777,0.701712,0.020986,-1.826848,0.540916,-0.31891,-1.904722,-0.572603,-0.824944,-0.04179,0.300756,1.579842,-0.714619,0.108725,-1.090026,-0.610705,-1.370965,-0.1134,0.498622,-0.370444,1.349395,-0.106969,0.822498,-0.334248,-0.07099,1.663176,-0.967766,0.637084,-1.670258,-0.274959,0.866157,2.148169,0.81192,0.177402,-0.295856,-0.364181,0.04529,0.0582,1.236267,-0.869609,-0.911746,1.056488,0.625065,-0.444648,-0.217442,0.522278,-0.286282,-0.720202,0.116142,0.694597,-0.950694,-0.454674,0.544838,-1.782151,-0.299082,0.869601,-0.894627,0.594865,2.335303,0.649616,-0.96332,2.256978,0.771102,1.028325,0.354575,-0.776789,-0.125746,-0.2242,1.781295,1.221261,-0.302295,0.251032,0.573355,1.26922,0.893915,-1.138047,1.180692,-1.179566,-0.470462,-1.513851,-0.379609,0.722748,0.041569,1.052615,0.994299,-0.216932,-0.542673,1.296191,0.693109,1.014806,1.227944,-0.293824,-0.680709,0.197586,-0.508616,-0.663998,-0.8932,-0.130962,-0.325106,0.423535,0.578007
1037,42,0.347064,-2.423757,-0.411238,0.513077,-0.500409,-1.055113,1.816422,1.446974,-0.196622,1.383893,1.359407,-1.069411,2.740336,-0.877418,-0.203962,-1.036849,0.135794,-1.257181,0.050027,1.139109,0.269676,-0.208641,1.600864,-0.841597,1.022491,-0.248247,0.269238,0.084373,0.180428,-0.001323,-0.730658,-0.517704,0.491591,-0.058471,-1.114092,-0.657137,-0.64528,-0.00835,0.224216,0.136042,-0.609421,0.061251,-1.325716,-2.841435,-0.013636,-1.613086,-0.907051,-1.167052,0.666292,-1.173149,0.31108,-0.45472,-1.203266,-1.542847,0.49208,0.415389,0.802039,1.858308,0.297855,0.306208,-0.099484,0.128596,-0.328227,-0.873201,2.013722,-1.842694,0.271997,0.459892,0.166615,-0.946223,-0.177165,-0.447903,-1.062246,-0.035322,-0.397674,-0.543358,0.690636,-1.052675,0.445517,-0.60623,0.430335,0.071818,0.242349,-0.978235,-0.774587,-0.856328,0.171962,0.743839,1.074897,-0.503818,0.080538,-1.620253,-2.219961,-0.871066,-0.671749,-1.55805,-1.783565,0.523304,-0.811808,-1.68818,2.304895,0.158947,-0.330871,0.661379,-0.773435,1.567213,-1.552546,-1.321791,-0.156272,-0.783321,1.385337,-1.620472,-0.75197,0.213304,0.535867,0.973335,0.315522,2.169342,-0.501151,0.145572,0.823548,-0.34607,-0.323981,-0.495404,-0.675313,-1.159532,-0.588025,-1.579783,0.341825,-1.624432,2.019227,1.654924,1.061381,-0.25113,-0.626273,1.177958,0.137835,0.514427,-0.760962,1.018142,-0.841506,0.061234,-1.769765,-0.699011,0.452446,-0.495925,-0.492731,0.737783,-0.121389,1.188176,-2.456699,0.516441,0.455024,-1.588361,-1.343659,0.823855,-1.11398,-0.685219,0.544313,-0.382399,0.42311,-0.916567,0.243597,1.025524,0.271285
1125,38,-1.578885,-1.228486,0.393761,0.828107,-1.1066,1.380466,-1.841333,1.107139,-0.814156,-0.399846,1.872887,0.009322,-0.574569,0.309735,1.957069,0.135119,-0.704826,0.273409,-1.174694,-0.623622,-0.505474,0.708142,-0.426872,0.541002,1.210151,1.636253,-1.630372,0.003703,-1.09413,0.696834,0.306086,0.045448,-0.475177,-0.90998,-1.635912,1.019054,-0.145733,0.085137,0.373062,0.843236,1.935908,-0.125474,0.705406,-1.579671,-0.339996,-0.655314,-0.574206,1.20715,0.159876,0.117383,0.129963,-0.171295,-0.167676,-0.592443,-0.482742,-0.375609,-0.13012,-1.814767,0.117799,0.013793,0.46485,-1.060488,-0.879329,0.845791,-0.667147,0.525184,-0.621892,-1.144221,-1.400296,-0.55807,-0.420834,-1.169448,1.45732,0.068733,-0.833545,1.530173,0.866794,-0.704225,-0.96949,-0.135923,0.769908,-1.342393,1.190235,-0.331772,0.877515,-0.088394,0.533087,0.686813,1.331516,-0.652823,1.928657,-1.207918,0.363978,0.725512,0.080834,0.933786,-1.543143,0.01269,1.044751,0.069971,-1.033985,0.216011,0.246905,-0.918134,1.368921,-0.469591,-0.954482,0.167621,-0.582752,-0.127264,0.294286,-0.34814,0.646832,0.354234,1.262491,-0.921424,0.129308,0.318242,0.347304,-2.008385,-0.985782,0.387661,0.631037,0.09812,0.247379,1.274398,-0.280287,-0.68536,1.542868,0.672043,-0.093729,-0.635592,1.652409,-0.202186,-0.730807,1.32128,-1.380622,-0.078085,0.688371,-0.210215,-0.438769,0.500635,-1.126941,-0.141623,0.779792,-1.009137,1.435773,-0.136394,-0.004291,-0.3981,0.638488,-0.397484,0.293689,1.309218,1.303139,-1.425459,1.39708,-0.414314,0.36783,0.171783,0.345233,-0.522111,0.645195,1.066842,-0.499258
1177,8,-0.185437,0.485712,-1.438007,-0.869412,-0.086811,1.271011,-0.729609,-0.79743,0.649011,0.015769,-0.06718,1.719607,-0.786716,0.676808,1.806839,-0.498711,2.18442,0.665924,0.281033,1.39427,0.183729,-2.490192,0.229238,-0.190793,-1.458075,0.673718,-0.562765,-0.887951,2.131981,1.113493,1.4944,1.735234,-1.280851,1.821322,-1.022168,-1.028379,0.332776,-0.346397,1.679414,-0.356246,0.635261,-0.018377,-0.73766,-0.266205,-0.42365,0.161099,-0.142433,0.836405,-0.274188,0.281395,1.610395,0.482703,2.738698,0.125475,0.321972,0.608699,1.1551,0.775691,-0.015007,-0.176306,-0.372959,0.01844,-1.479971,-1.187419,-1.117253,1.409935,0.266634,1.021124,-0.216396,0.335102,-0.79909,-1.897892,-0.241446,-0.487374,-0.60353,-1.35952,0.579418,0.768855,0.533491,1.061611,-0.806319,0.582951,-0.060554,-0.471655,0.01928,-0.930077,-0.322378,-0.018577,-1.732717,1.47139,0.954287,0.780759,1.685243,0.658124,0.590152,1.613223,-0.46482,-1.303011,0.924827,-0.229716,1.012851,0.6481,-0.675875,-0.055656,-1.070523,0.050207,-0.15823,0.797687,1.851953,0.274797,-0.261265,0.125991,-0.074323,-0.434136,0.246661,-1.085826,-0.807214,0.251549,0.935991,0.517584,-0.257988,1.106526,0.326206,1.704374,0.509136,0.005384,-1.163039,1.257993,0.978941,1.356876,-0.520728,-1.041711,1.354206,0.011864,-2.376095,0.648676,-1.230907,1.389015,1.079585,-1.920227,0.341685,-0.002864,0.611766,-1.175844,-1.386802,0.891198,-1.924093,-0.09084,0.434386,0.73165,0.346623,2.256279,1.187835,-0.144427,-0.128256,-0.709266,0.201094,2.087349,0.704294,-0.082699,-1.16205,-2.437832,-0.068275,-0.74482,0.374112
1204,49,-1.057206,0.312251,0.963707,0.370108,-0.694359,-0.63115,-1.338025,-1.145198,-2.086695,0.322031,-0.000931,-0.05718,2.474205,0.033789,0.741839,-1.319089,-0.377189,-0.660505,0.133143,-1.109411,-0.715313,-0.720747,0.219635,-1.299396,0.13529,0.461127,0.082734,1.145448,0.054487,0.172215,0.206667,0.87608,0.438608,0.022797,0.67718,-0.795958,0.796138,-1.203407,1.304111,-0.617974,-0.248531,-0.260169,0.492798,-1.915822,-0.474586,0.625557,0.334749,-1.18125,1.217879,1.849598,-0.880366,-0.442509,-1.233997,-0.647897,-0.230471,2.079832,-1.337257,1.830474,-0.050348,-0.390776,-0.503018,0.586349,-0.397839,-0.232399,-0.199617,0.019985,0.244359,-0.312197,-0.813787,0.613352,0.109389,0.011096,-1.968603,-0.102522,-0.792364,-1.068941,-0.510206,-0.963268,-1.985508,-1.256795,0.851612,-0.245415,-0.899707,-0.08616,-2.026983,1.385683,1.040941,-0.179273,0.291897,-0.706747,-0.525285,-0.315009,-0.582611,0.471401,-1.196442,0.484175,-1.009663,0.086831,1.195061,1.690773,-1.49531,0.590969,1.400716,-0.016478,1.32868,-0.838485,-0.021244,2.213048,0.715063,0.903124,-0.186466,-0.22707,0.873495,0.054309,1.631443,-0.779915,-0.903169,0.41647,-1.475969,0.586151,1.393378,1.786384,-1.221762,-0.397197,0.801051,-0.449617,0.435732,-1.652679,-0.117782,0.587396,-0.664313,0.450401,0.073876,-0.315671,-0.966028,-0.210352,0.318237,-0.253033,0.638799,0.466061,-1.152348,0.030988,1.026879,0.587461,-0.30775,-1.338826,0.111648,0.199468,1.127113,-0.089395,0.013637,0.33757,1.344235,0.95255,1.900082,-0.495661,1.022904,0.233998,1.497224,-0.468241,0.733546,0.677336,-0.866213,0.013091,-0.204896
1256,10,-1.742773,2.39424,-1.624966,1.3436,-1.192027,-1.209154,0.891452,-0.657976,2.133949,1.5153,0.503108,-0.478972,-0.407914,0.472225,0.391644,-0.432082,0.080679,0.244502,1.064518,-0.685235,-0.025193,0.917315,0.593629,-2.72447,0.723682,-0.501638,1.115305,-0.381628,-1.054062,3.072458,-0.981326,-1.427871,0.08649,0.878089,0.544057,0.202326,-1.076242,2.1459,-1.716776,0.30536,-1.540361,0.268559,0.018939,0.503115,-1.046149,-0.864736,-2.18538,-0.855144,-1.139589,-0.401582,-1.072526,0.288312,0.031644,0.815657,0.965614,-0.454738,0.967434,0.662932,-1.57917,1.440958,-0.954116,-0.077081,1.430154,-0.478897,1.039621,-0.618865,-0.550363,1.198919,-0.277491,1.11401,1.558796,0.712286,0.628605,-0.603585,-0.625794,0.18927,0.547875,-1.411219,-0.441612,0.058158,0.930832,-0.10658,-1.010408,0.122147,-0.83053,-0.643178,0.412664,2.433561,2.198147,-1.328897,2.470926,-1.560795,-0.444698,-0.623515,1.358976,-0.458531,1.014374,-0.456651,-0.163567,-0.645122,-0.178981,-0.647643,2.24816,1.633386,1.159664,2.54668,-0.13028,-0.765539,-0.820031,-1.55434,-0.297163,0.297751,-1.045313,0.242014,0.15301,-0.662645,-1.211286,0.185169,-0.135842,-0.863753,-1.621844,1.687846,0.881112,-0.431326,-0.765353,0.742819,-0.556335,0.291879,-2.310396,0.251797,0.898191,1.179365,0.517946,0.847455,0.360005,0.112335,-0.285878,-1.900503,-1.030236,0.350885,-2.019139,1.219703,0.8772,-1.273677,0.887133,-0.3384,1.635715,-0.665645,1.205345,-1.339081,-1.169947,-2.264049,0.196629,-1.235754,1.466228,-1.611945,0.71868,0.676131,-0.760781,-0.074985,2.294713,-0.469491,1.055601,0.910051,0.348432
1055,46,-0.463115,-2.191451,-0.135688,-0.064401,-0.915789,-0.094686,0.954609,-0.737594,0.227077,-1.163975,0.350876,0.605382,2.424617,0.86827,0.401562,1.365708,-1.007771,1.032883,-0.563463,-0.636592,1.05638,0.206261,1.283831,-1.453764,0.244913,-0.542106,-0.289847,-1.903427,0.90138,0.184885,-0.993587,-1.348484,-0.878034,1.35593,-0.1192,-0.348689,0.466078,-0.007415,0.209768,0.713735,0.308438,0.847257,-1.189761,0.045966,-0.364109,0.090119,-0.053487,-0.638075,-0.355961,0.918214,-0.554548,-1.233608,0.572872,0.944355,-0.274555,0.116246,-0.830765,-0.206897,1.078466,0.779682,0.138926,-0.275606,-1.603077,0.30407,0.444518,1.029373,1.971268,0.365752,0.934728,-1.096345,1.178301,0.84821,1.333482,0.66,0.442519,1.446937,-0.64943,0.631045,1.06096,-0.765955,-1.123966,0.427018,0.12508,0.599022,0.634485,-0.742808,0.336305,1.107873,-0.338891,-0.269734,-1.091336,0.80615,1.913547,-1.325317,0.753844,0.891551,-0.534613,-0.351225,-1.006943,-0.751068,0.174676,0.649455,0.127806,0.848077,0.214294,-1.124413,1.430476,1.170627,-0.675974,1.744472,0.474795,0.146766,1.887452,-2.416341,-1.545858,0.712393,-0.219378,-0.90206,1.490949,0.496612,-1.222043,-0.621134,0.847125,1.764091,-1.928815,0.268193,-0.347084,-1.67786,-0.136294,-1.536677,-0.496946,1.604707,0.52853,0.789719,0.612856,0.374453,0.977626,-1.107018,-0.320631,0.862736,-0.678984,-0.395369,1.209667,1.52932,-0.557467,-0.761829,0.60423,0.299394,-0.621129,0.6181,0.576954,0.115988,2.905111,1.36408,0.833255,1.037406,2.929116,1.110453,-0.662468,0.35298,0.111486,-0.514214,0.294112,0.285798,-0.013937
1317,12,-0.128955,-1.410081,-0.270671,-1.813995,-0.772577,0.130582,0.237605,0.463945,-0.289708,-0.314248,0.460959,0.999669,0.265559,1.805659,-0.517958,1.240584,0.456667,0.891246,1.843929,0.189485,-0.275131,0.073038,-0.445752,-1.870793,-1.424721,0.142094,-1.027351,0.678689,-0.02415,0.087635,2.04817,-0.332821,1.125477,0.74353,0.789967,-1.043345,-0.698817,-0.450767,-1.07447,-1.128002,0.051747,0.614461,0.635224,1.878486,-0.590647,-0.074374,-1.170643,0.565659,0.296091,0.361126,1.064693,-0.820656,-1.73916,2.351091,-1.037021,-0.560631,-1.295934,-0.616802,-1.680738,0.042407,-0.267394,-1.030704,-0.856686,0.806454,-0.09087,1.327028,1.444457,0.774484,1.448508,-0.891065,-0.999152,0.005861,0.15,-1.921317,-0.910052,-0.39833,-0.422035,2.031414,1.386112,-0.715437,-0.550257,-0.12255,-0.015655,-2.072168,-0.827146,-0.739645,-2.073184,1.457345,0.310171,0.194582,1.927978,2.287701,-0.962507,0.989339,-0.145722,-0.191208,-1.520998,-1.488924,1.844454,-0.571146,-0.42433,0.640859,0.429394,0.508928,0.096272,1.108658,0.0427,0.920391,-0.61514,1.402605,0.41481,-0.578438,-0.488984,0.135888,1.536807,-1.187611,0.524575,-0.78002,0.094142,0.970418,-2.149139,-1.489756,0.550808,-0.892914,-0.168684,0.219935,2.997619,-0.432739,-0.445934,-0.703443,1.008917,-0.580211,-0.371118,-0.121357,-0.246678,0.172051,0.866932,1.107453,-1.045162,0.008523,-0.082752,-0.602836,-1.669796,-1.285385,2.168244,0.556293,-0.198246,-0.328839,-2.166801,-0.011539,-0.090709,-0.307404,-1.033444,0.598141,-1.591221,-1.25961,0.41782,-0.591759,1.357111,0.338432,-0.225005,1.865348,0.929808,1.384184,-0.126275
1223,32,0.21853,1.392803,-0.472078,1.469517,-0.108592,-0.272859,-1.526889,-1.264567,-0.756208,-0.15453,1.735379,1.732405,1.06985,0.077212,0.45179,1.272155,-1.449559,-0.158427,0.8002,-1.063039,1.6014,0.462299,0.33509,0.249907,-0.455451,0.440007,-0.436828,-0.566906,-0.122172,1.303997,-1.065749,0.764323,1.020042,-0.178937,-0.426699,0.521593,-0.65653,-1.699137,1.433699,-1.431785,-0.646796,-0.785935,-0.204327,0.839357,-0.517935,-0.35479,0.263507,-0.666349,0.460166,1.223397,0.447938,1.847704,0.620087,0.597285,-2.715054,-0.590822,0.944838,-1.278378,-0.255905,0.798498,1.091146,0.150305,-0.03683,0.36578,-2.078257,0.18141,-0.906175,-0.340496,-1.467196,-1.997284,-0.284184,0.421005,0.339297,-1.483256,-0.865639,-1.103693,0.323822,0.873898,0.464151,0.478296,1.608075,-0.138794,-0.166975,0.926605,-1.429055,-1.267425,0.01242,1.840962,-0.980024,0.045243,-0.775233,0.667071,0.38125,0.047384,-0.645285,-0.412799,-1.751498,-1.134832,0.487511,-2.680263,1.453545,-1.019216,0.408606,1.518336,-2.816986,-1.536458,-0.910262,-0.043181,1.077613,1.860328,-0.464451,1.359786,-0.244392,-0.383831,0.93347,-0.913863,-1.348797,1.142723,0.268011,0.009175,0.22151,-2.070752,0.566689,1.85394,-0.026773,0.587159,0.213091,1.230094,0.634142,-2.227146,0.809903,0.99403,-1.986678,-0.243009,0.909957,1.432313,-0.627068,2.583797,0.5154,0.125973,0.500581,0.586192,0.89513,-0.971267,0.669313,0.528004,3.038385,0.47708,-0.156014,-0.615804,0.224993,-0.199592,-1.383825,-1.241038,-0.229819,-0.36356,1.553579,0.975372,0.094507,1.018352,-0.25515,-1.068968,-1.71773,0.092317,0.521452
1025,39,0.049076,-1.42036,0.3054,0.856268,-0.555405,1.120363,-2.07331,-1.851335,-1.388242,-0.484795,0.018619,-0.078865,-0.067092,0.723576,-0.47212,-1.263576,-1.243787,2.112665,-2.352116,-0.176329,1.457907,0.483366,-0.829556,0.002186,0.863919,1.208149,-0.899341,0.760458,0.252501,1.104405,1.390415,-0.343305,-1.449593,0.395837,1.776621,0.685582,0.230163,2.401046,-1.040026,0.90299,-0.570438,0.049634,0.089644,1.514637,-0.936014,-0.535088,-1.592952,0.487199,-0.458232,0.421967,-1.073266,-0.359384,1.038929,-0.174319,0.625639,0.528327,-0.353173,-1.559746,0.9854,0.170707,0.98328,-2.012688,-1.654609,-2.142727,-0.876838,1.04195,0.565992,-0.034154,0.13124,0.760788,-0.30215,0.396069,0.139955,-2.187043,-0.384829,1.358756,-0.395861,-0.143089,-0.606866,-0.484632,1.124012,-0.268086,-1.021949,-3.111363,-0.572703,-1.966817,-1.823749,0.795178,0.708676,-1.917213,0.851479,0.459358,-0.783569,0.734381,-1.626643,-1.20443,-1.439689,-1.111504,0.878689,-1.333629,-1.151298,-0.951698,0.195464,-0.339694,0.862339,-0.71136,-1.289428,-0.504143,0.034855,-0.934108,0.273991,1.811349,-0.588226,0.03629,1.343304,-0.657804,-0.858059,-1.105572,0.385284,0.50081,-0.163183,0.026584,1.257098,0.849649,-1.420232,-0.029497,0.08417,0.697953,-0.24646,-0.669401,-0.483019,-1.803848,-0.052154,-0.624027,0.438334,-1.055251,-0.465813,-1.009239,-1.097521,0.667313,-0.498211,0.410155,-1.154024,0.061512,-1.725332,-0.515336,-0.540497,0.543947,0.140571,-0.215022,0.796811,0.149984,0.495917,0.724032,-0.108895,-0.3363,0.283593,-0.460214,0.343383,1.062748,0.809118,-0.42579,-1.328449,-0.100946,-0.17089
1198,14,-0.561961,1.437429,0.467349,-0.071415,-1.944842,0.77961,0.384783,1.126168,-0.486511,0.497764,-0.649535,-1.527124,-1.991731,0.674577,-0.416918,-0.155214,-1.704894,1.631544,-0.653494,-1.885084,-1.431309,-0.691091,0.902027,0.374016,0.422288,-0.778885,0.768827,-0.111275,0.983618,-0.88567,-0.721321,-0.960953,-0.730023,-0.935942,0.436258,-0.534463,-1.658821,-0.550143,-0.78675,-1.805655,0.069869,0.054845,-0.118891,1.394833,-1.641934,0.554708,0.177359,-1.088339,1.215412,-1.288704,0.086109,0.51011,-0.437212,-0.777281,0.828285,1.087034,-0.598257,1.234581,0.251878,-1.264506,0.725004,-0.182647,-0.513923,0.326115,0.305227,-0.845486,-0.618806,0.589596,0.696702,1.719401,-0.093376,0.113421,-0.841123,1.954307,0.211047,0.430289,1.268967,0.708422,-0.80103,-0.350617,1.132477,0.306413,-0.528368,-0.256282,1.053859,-1.236488,-0.180086,1.108068,1.023504,-1.071573,-0.141209,0.337398,0.234758,-0.260875,-0.603721,-0.299065,0.124302,-0.002049,1.650861,0.350645,0.727665,0.596765,-0.331006,0.841096,-0.589818,1.042743,0.646408,-0.525347,0.823219,-0.451708,0.798674,-1.036416,0.20107,1.325333,-0.573584,-1.981368,-0.815648,0.479107,-0.116589,-1.622442,-0.566245,-0.51217,-2.046598,-0.488899,-0.200722,-0.510602,-0.522927,1.255597,-1.477267,-0.611241,1.08379,0.101903,-1.438563,0.381372,-2.541175,-0.556789,0.501364,-1.402843,0.631156,0.015486,-0.08296,2.55189,0.738701,0.089937,-1.736336,-1.606979,-0.461756,0.003423,0.573494,-1.022357,-0.517329,0.453476,-1.565958,-0.149634,0.901823,-0.426509,0.14688,0.060806,0.414586,0.392204,-0.204659,-0.438723,-0.355528,0.536086,-0.92953
1289,44,-0.320177,1.859701,0.614593,0.246519,-0.267057,-0.134757,1.964257,-1.302685,0.336291,-1.991797,1.356679,5.751804,0.677552,-1.090096,-0.968245,0.522572,0.021593,0.276304,-0.352328,6.009934,-0.628472,-1.268624,-0.585641,-1.99986,2.418528,0.074577,0.752222,-0.010717,-2.194171,0.775402,1.185855,-1.144009,-1.335039,1.397479,-0.699418,-0.015135,-1.182875,0.223839,-0.470079,1.417426,0.340845,-2.516585,-1.317647,0.272022,6.660091,-1.481262,-0.092821,1.003588,0.497909,-1.217349,0.464819,1.058138,-0.588997,-1.377745,1.132863,0.870373,-0.302185,-0.634278,0.913377,0.312946,6.725489,-0.041084,-1.052418,-0.36109,0.886147,-0.001161,-0.572245,-0.5056,1.298241,0.722434,4.693881,2.938506,-1.934973,0.470111,2.585853,1.150651,1.508937,0.865321,-0.535683,0.46755,-0.663711,-0.856614,-0.256744,0.408203,9.325062,0.300288,0.542113,-1.109592,0.343373,0.89743,9.308323,0.402472,7.763394,8.378477,0.518022,1.853989,0.687533,1.340521,-1.552324,-0.81041,0.44877,0.87674,-0.766237,-1.70031,1.534535,-0.868414,8.513309,2.120966,-0.36232,-1.039748,-0.092632,1.172143,-1.409598,0.359395,-1.157939,4.254952,-1.214495,-0.314533,-1.338475,0.097186,-1.181973,-1.120496,-1.600935,0.505068,-0.796918,0.028504,0.751234,8.048375,-0.212344,-0.537806,-1.223825,0.595005,-0.062303,-1.959065,-0.749331,1.212621,0.417914,0.315042,0.988126,-0.031347,-0.416552,-0.445685,-0.089841,0.813408,-0.340657,-1.392256,-0.49652,4.339824,2.293519,1.114491,1.244369,1.71268,4.820716,1.07774,10.581808,0.490958,-1.033802,1.984139,7.202454,-0.04079,0.901153,0.516702,1.318082,-0.537515,-2.184155
1158,3,-0.075016,-1.319219,-0.859867,-0.846519,0.847389,-1.006558,-0.785921,1.559269,-1.184356,-0.610645,1.363188,2.485412,-1.608504,-2.374347,-0.673629,0.225075,-0.025715,-0.535145,-1.256987,0.856232,-0.491895,-0.630588,0.059667,1.460836,0.197414,2.590575,-0.296143,0.630886,-2.10565,-0.623161,-0.001017,-0.672424,-0.753519,-0.529533,-0.942433,-0.510683,0.102083,0.397866,-1.045552,-0.178848,-0.774035,0.935555,1.760624,0.2253,0.446128,-0.236077,0.522185,-0.174091,-1.230563,1.275099,2.277553,0.662521,0.033801,0.513252,1.716324,-0.425013,0.777827,0.217977,-2.128646,-0.313452,0.61174,0.399773,-0.071641,-1.202921,0.300256,0.225159,0.591953,1.841248,0.09426,1.149752,0.540625,2.817657,0.561577,2.704591,-0.94068,-1.155285,0.544714,-0.074935,1.375016,0.878919,0.897337,-0.710165,0.04741,0.928235,-0.486287,0.097313,1.30209,0.046557,0.32727,1.310627,0.54217,-1.373434,0.21425,0.120577,0.435623,2.390084,1.241678,0.244134,-0.566798,0.948014,0.28781,1.411724,0.41927,1.102204,-0.706517,-0.079239,0.150244,-0.727932,0.488244,-0.282278,-0.270596,-0.605099,0.002836,-1.547693,0.991413,0.501583,0.663074,1.346301,0.366847,-0.210778,1.422277,-0.296297,0.24545,-2.080347,-0.461504,0.056273,0.731561,0.600916,1.040188,-0.488388,-0.491736,0.279008,-0.730791,-0.335675,0.118979,-1.937629,-1.532039,0.46214,-0.669953,0.798697,-0.442007,-0.994248,0.657795,-0.220484,0.404733,-0.6387,-0.769777,-0.297227,-0.757487,-0.15771,-0.983794,0.36952,0.800765,0.488551,-1.245572,1.249633,-1.723138,0.228738,0.119811,0.779244,-0.654479,-0.484662,1.172431,1.149918,-0.998313
1194,4,1.072563,-1.319056,-0.937886,-0.066045,-1.018143,1.348686,1.800921,0.291839,0.342012,-0.202184,-1.307793,-1.521395,-0.718956,-0.095931,1.216769,-0.683152,0.433618,1.985877,1.922895,1.057542,0.9911,-2.387256,-0.433673,0.305716,0.039222,0.820839,1.060112,0.581693,-1.015413,-0.444368,-0.914408,1.130693,0.424798,1.322682,0.193867,-1.033345,-0.101636,-0.975336,-1.435504,-1.618828,0.965591,-0.296484,-1.074198,-0.614857,-0.026651,-0.167803,-0.304573,-0.574553,0.785524,-0.386489,1.81811,-0.88907,-2.79805,-0.889792,0.552189,0.311036,0.682558,0.788841,1.781865,-0.522191,1.15627,0.229664,-0.179887,1.634378,1.521463,-1.537827,0.997405,0.895828,-1.211441,-0.702496,-0.193122,-0.155722,1.064834,1.23743,-1.301165,-2.685687,-0.811886,0.409755,0.37313,1.433345,1.354964,1.234973,-1.054055,1.446662,-0.861075,1.741971,1.059122,0.645703,0.838098,0.674366,-0.07556,-1.282986,0.972793,0.659965,0.686763,-0.202871,1.053181,-0.542091,-1.252863,1.17748,-0.181383,-0.572608,-0.38093,1.630414,0.420926,-0.389792,-0.952757,-0.800088,-0.071247,-1.43729,-0.294101,-0.271391,-1.178092,-0.361576,-0.871704,0.125584,1.604995,1.86334,-0.994525,-0.097487,0.604585,-0.320664,-1.475096,-0.689072,-0.934083,-1.104081,0.187524,-0.041393,-0.854928,1.597243,-0.225747,1.714637,-0.329044,0.240145,-0.370812,-0.241917,-1.006618,-1.299037,-0.976733,0.71207,0.814604,0.840447,-1.321002,1.457676,0.423673,-0.981293,-0.280864,-0.129301,0.204635,-2.038386,-1.539194,0.604915,0.5126,-0.970317,-0.098244,0.89296,0.02836,-0.324212,-1.745337,-1.139253,0.429636,0.014424,0.381701,-1.105379,-2.450718
1127,45,-1.166723,0.954148,-0.444885,1.836846,1.207905,0.8117,-0.482867,-0.320447,-0.363287,0.098862,-0.330601,-0.517538,0.112739,-0.010194,-0.358725,0.915082,1.045761,-0.535481,2.133149,0.391218,1.226573,1.871358,-1.386111,0.513772,0.92169,1.20408,0.798579,1.014343,-1.470814,-0.926903,0.584431,-1.997965,-0.525028,-0.16735,0.387829,0.909328,0.255962,-0.803852,-0.931044,0.423567,0.595196,0.390388,0.156837,0.126681,-1.359906,-0.008942,0.770597,-1.097859,0.442169,0.706181,2.328332,-0.044961,-0.227529,-1.176793,-1.062232,-1.584688,-1.752694,0.711925,0.009858,0.321132,-1.556086,-1.9868,-1.736681,1.619382,1.133998,-1.309559,0.118867,0.186727,-0.952658,-0.617259,0.962806,0.727536,0.912959,0.34563,0.141954,0.521394,-0.127445,1.702331,0.251759,0.563423,-0.054063,-0.630358,-0.017601,-0.29268,-0.759807,0.837335,2.009519,0.318863,-0.06788,-0.674225,-1.415801,0.640543,0.605111,-0.74881,0.119619,-0.803278,1.442805,0.155543,0.478766,1.72954,-2.159545,0.449212,0.308647,-0.241397,0.067271,1.279451,-0.60139,-0.590058,1.758943,1.06142,0.535608,0.855334,0.147397,-0.2306,-0.08302,0.373074,-0.393282,-1.508635,-0.095985,0.343799,-0.065382,0.729916,0.356386,1.019653,0.193773,-0.099516,0.637037,0.941467,-0.363656,-0.773261,1.388207,-0.444567,0.438597,-0.389151,0.288122,1.441494,1.728313,-1.214444,-1.348641,-3.2242,0.652889,1.60375,0.326596,-0.217128,0.881429,-0.84969,0.716875,1.394927,1.285374,0.765382,-0.426806,-0.253175,-0.828546,1.895055,1.291968,0.009,-0.000339,0.301276,-0.580606,0.575683,0.555485,0.491046,0.115612,-2.397651,-0.126098
1049,7,-1.209193,0.206683,0.073396,-0.542914,-0.775195,-0.645019,2.012544,-0.22964,-0.172912,0.954138,0.43212,1.048909,-1.158396,-1.024823,3.24328,-0.013681,-0.252859,0.18235,0.983913,-1.121477,0.300171,-0.000765,0.676289,0.19395,-0.485829,-0.809171,-2.322884,0.970814,-1.389976,-0.362433,1.629054,-0.376665,0.615815,-0.176899,0.699551,0.054551,-0.463984,1.326932,-0.229829,-1.262544,-0.290243,0.544917,-1.045482,0.782865,0.762807,2.067414,-0.591009,0.662196,-1.579784,-0.376558,0.126715,0.417641,-0.027097,-0.061545,-0.56335,-0.402325,0.319459,0.562768,0.640548,0.981835,1.167087,-1.70492,-0.475672,-0.129515,-0.592563,1.030487,0.744191,-0.077413,0.141769,1.238417,-0.307789,-0.276091,0.895223,0.476249,1.387284,0.380271,0.743752,-0.496927,-0.875122,0.016937,-2.517882,0.417092,0.956382,0.098912,-0.185565,1.067801,-0.014752,0.965131,2.126617,0.719132,0.92475,0.498982,0.266717,0.290231,0.09099,1.063825,-1.517878,-0.22957,0.655268,-0.780954,-0.074274,-0.637743,0.447917,0.852962,1.416776,0.506877,-0.660873,0.267215,0.570899,1.375607,-2.024176,0.381308,-1.720448,0.710114,0.451818,0.503693,0.872501,0.394761,-0.591411,0.362242,1.173418,-0.084451,0.05325,-1.131987,1.134961,-0.455631,-0.682874,-0.400727,-0.796137,-0.213522,1.244785,0.784017,1.387123,1.44618,-0.828701,0.485352,1.457991,2.219013,-1.324551,-1.333968,0.473299,-0.294117,-0.923066,0.389244,-0.726828,-2.140583,0.002742,0.144266,0.632878,0.922063,0.198351,-0.201642,-0.612121,-1.548977,-0.394996,0.975147,0.644895,1.981637,-0.122615,-1.680645,0.81182,1.012512,-1.093289,-1.518553,0.167166
1004,47,2.238593,1.999009,0.063223,0.218855,1.533459,-0.124435,-0.976349,0.116876,0.451517,-0.82915,-1.646231,-1.43673,0.665429,-0.758377,-0.141347,0.212559,0.619141,-0.334903,0.498716,-0.89006,-0.361714,-1.024416,1.131767,-0.027083,-0.739307,-0.352372,-0.221728,0.70052,-1.595636,-1.037206,-0.378107,2.532306,0.955679,-0.111452,0.712,2.057436,-0.233744,-0.366413,1.211944,0.494175,0.671333,-0.508222,1.924203,1.709591,0.565948,0.68429,-2.027261,0.63771,-0.194109,0.433906,0.682459,-0.341292,-1.690482,0.367875,-0.741384,-0.330194,-0.60451,-0.341574,-2.309521,1.216947,0.253346,1.111399,1.979842,0.022593,-1.802436,-0.893887,-1.206904,-0.501875,0.079648,-2.002187,0.342475,-1.510357,0.297365,-0.109491,-0.313631,-0.073043,-0.539778,-0.612471,-1.682756,-0.029627,1.845534,1.980495,1.321818,0.705802,-0.67648,1.442751,-0.056128,-0.068876,-0.291227,0.091962,-0.435215,-0.083782,-1.084599,-0.373664,2.280556,-0.069594,-0.238661,0.532374,0.708122,-1.113769,-0.207159,0.918276,0.269838,0.121954,1.554018,-0.677773,0.082746,-0.520059,1.490308,-1.95186,-0.670142,-0.529157,0.66354,0.606275,1.395194,-1.574033,0.750475,-0.29328,-0.665625,0.539569,-0.92014,-2.076913,-0.370218,-1.497771,-0.648916,0.371555,0.312,1.586899,-0.199655,-1.533332,-0.756097,-0.919384,-1.217825,0.435367,-0.645232,-1.977373,0.696923,-0.111427,0.356837,0.105722,0.631655,0.038019,1.236202,0.424983,0.392068,0.409867,-1.456638,-0.164636,-0.259316,0.207547,-1.358694,1.634115,0.104389,-1.211318,-1.708887,-0.281287,-0.089675,-0.718292,0.092114,-0.641176,0.551658,-0.724542,-0.0385,0.978839,2.571669
1013,22,1.793113,-1.899805,1.282109,-0.261031,-0.280717,-0.969477,-1.868695,-0.381895,-0.687293,0.494174,-1.472262,1.431613,0.271934,-0.247903,-0.709423,-0.787207,-1.130087,-0.544361,0.00605,-0.177363,-1.414488,-0.265828,-0.893183,0.159882,1.864652,0.625023,-0.31312,-1.624883,-1.414724,-1.686723,0.725968,-0.765069,0.0626,-0.622014,0.091197,1.401677,-0.684946,-0.340955,-0.806344,0.874575,-1.025717,-1.132983,-1.387663,-1.408474,0.470894,2.569125,-0.995376,0.951546,0.251107,-1.102023,-0.2767,-0.232917,-0.690702,1.930607,-1.906121,0.381036,0.331524,-0.579616,0.149503,0.877605,0.152735,0.417325,0.692912,-2.032056,1.478378,2.278304,0.980795,1.013665,-1.408247,-0.118428,-0.812044,-0.587194,0.967037,-0.803901,-0.130101,-1.908581,-0.158432,0.090017,-0.70479,-0.719887,1.886423,-1.209744,-1.050617,-0.80901,1.198819,2.101542,0.332176,-0.717318,-0.427732,1.064812,-0.911068,1.452947,1.416578,0.070208,0.64613,0.749746,1.55421,-1.051452,1.181205,-0.375228,-0.767761,0.102672,-0.214344,-0.987493,-1.59733,-0.942095,1.452357,1.96257,0.650116,1.185925,-0.516833,-0.077152,0.282765,-1.08129,-0.989944,0.097177,-0.320304,-1.063557,0.386532,-0.263279,1.021354,-0.005181,-0.300306,0.127673,-0.171983,-0.668046,-0.401956,0.749419,0.646517,1.286228,-1.692994,-0.393091,-0.414575,0.171773,-0.452157,-0.513183,0.782975,0.178088,-1.166364,1.334506,0.996752,-0.57396,0.83128,-0.735163,1.125698,-0.217831,-0.802842,-0.373104,-0.76583,0.19214,0.175105,0.035803,-0.556615,-3.661082,0.092836,-1.896234,0.244188,1.130794,0.273886,-0.389437,-0.179878,-0.133063,-0.549242,-0.583789,-0.923896
1316,18,-1.259013,-0.1552,-0.455749,0.610901,-1.697027,0.581116,-0.001871,1.129885,-0.546174,7.243198,-0.511364,-1.862868,-0.583679,0.632973,9.360048,-0.442052,-0.424953,5.430879,0.077803,-0.136858,-0.486893,0.297008,2.370421,0.25125,1.10139,-1.894314,0.338561,-0.777906,1.663532,0.774763,1.179796,-0.080633,0.414023,-1.815206,-0.022784,-1.25097,0.715474,8.569568,-2.21657,-2.667015,-1.200172,0.424536,0.386339,-1.677425,-0.832548,8.094069,0.12084,0.439365,0.485908,1.029092,0.92237,2.650256,-0.840737,-0.295119,0.101254,-0.604346,0.343547,-0.567995,2.065737,0.414156,-0.130521,0.595348,2.708421,0.508765,0.715736,-0.116116,-2.150703,0.115428,-0.318236,-0.13729,9.693509,-0.168855,2.7408,0.658432,0.766217,0.558655,2.070653,5.968685,-1.041411,0.426371,0.372827,-1.287955,1.647335,2.337219,0.499996,0.887343,-0.941876,-1.320847,10.123334,5.689111,-1.108469,3.470366,1.06408,-0.281812,0.334193,-1.051371,1.120183,0.741197,-0.322644,-1.091171,4.435942,-0.153835,8.70551,0.830819,0.430393,-0.261059,-0.638319,1.012229,1.630115,-0.857402,1.046465,1.697185,6.174549,-1.04813,-0.377035,1.135764,-1.275631,5.387153,-0.535379,1.077478,-1.119974,1.830621,0.42541,0.328838,0.203489,2.112385,-1.435731,1.077883,1.474791,-1.058673,-0.302207,-0.370635,5.978919,0.168284,2.504211,7.602637,-0.916762,1.973019,0.001367,-1.068412,1.228553,0.720863,-0.029678,-0.147762,0.266861,0.351369,-0.073792,1.891981,-0.967489,-0.371669,2.452683,0.186487,3.103562,1.89826,1.150579,1.238004,-0.497471,0.474231,-0.295457,1.309546,-0.453495,-1.019553,-1.170502,5.586804,0.529212
1203,26,-1.252469,-0.03832,-1.136372,-0.282798,1.381512,0.278511,0.305203,0.763243,-0.520284,-1.257387,-1.129087,-0.507738,1.178454,-0.009902,-0.49898,0.064215,-0.734308,0.848099,0.765586,-0.799906,1.682947,-1.240133,0.429295,-0.324169,0.81894,0.851452,0.064907,0.2689,-1.416144,-1.507045,-0.007239,0.284799,-0.542195,0.608317,1.075427,-1.746146,0.353517,1.896422,-0.089488,-0.037746,0.013773,0.487053,-2.484753,0.445992,-0.388563,0.617885,-0.614,-0.094173,0.330454,0.983012,-0.16255,0.365178,-1.017314,-0.076221,0.366583,1.902423,-0.854369,0.129248,-0.522851,0.580983,-0.814825,0.825588,-1.064847,1.671037,0.071271,-0.237482,0.098717,0.267274,0.363539,1.049102,0.053254,-0.619849,-1.38305,-0.503415,-0.97726,0.939721,-1.122944,-0.487096,0.255654,1.474763,-1.552383,-0.125017,0.948159,-1.596614,0.71898,-2.161388,-0.09721,-0.954193,-0.437225,0.348541,1.520769,-0.821118,1.609128,1.671646,-1.454681,0.061403,0.591763,1.50608,0.727136,-0.393661,-0.464361,0.73622,-0.752982,0.276237,0.056655,-0.808997,2.308274,0.169804,2.150901,1.093793,1.059537,-0.616202,-0.537977,0.088836,-0.114263,-1.196299,2.241148,2.36821,0.609477,0.185293,-0.256597,-1.025924,0.423487,-0.026228,0.593824,0.968725,2.155908,-0.025466,0.236905,-0.245705,0.343145,-1.001957,1.621187,0.53449,-1.284574,0.017265,1.197528,0.665241,-0.596657,0.643338,0.341826,-0.595736,0.344245,-1.150423,-0.379631,-1.24694,0.949999,1.03432,-0.438179,0.180095,1.466593,-1.553282,-0.057735,0.550207,0.580138,-0.464669,-1.967559,-0.708732,1.016622,-0.611418,0.190601,-0.186895,0.896841,-0.669148,0.322723
1101,37,0.691395,-0.669643,-0.558032,0.607178,0.348409,-1.053502,-0.054728,-0.75298,-0.515808,1.278567,-0.893304,-0.610962,0.574561,0.098205,0.188632,-1.374307,0.000735,-0.332962,-0.757112,-0.516985,-0.256601,0.84319,1.852022,0.137473,1.467364,0.140761,-1.40635,0.088429,1.27406,1.389093,-0.821636,2.198094,-0.680211,-0.673418,-0.471649,1.438122,0.423431,0.917234,-2.114226,-0.014461,-0.071851,0.712882,-0.415616,1.193517,-0.627595,-1.310868,-1.548534,1.263544,0.773275,-0.715932,1.108996,-0.123953,-0.075377,-1.372606,-0.48868,0.148317,0.240514,-0.500101,1.005301,1.436422,-0.73833,0.432901,-1.429382,0.444886,-0.887726,-0.103863,0.213053,-0.18803,1.057073,-0.703616,-0.404088,0.36232,0.015389,0.293792,-0.154678,-0.730033,0.69013,0.124963,0.919268,1.336999,-0.290513,-0.664112,-0.387165,-0.575829,-1.867813,1.636594,0.448151,2.302744,-0.486981,0.624118,0.317918,-0.013556,0.999674,0.05816,-0.01974,0.210598,-2.098657,-0.637198,-0.654034,1.644783,0.620847,0.811642,0.66135,-0.129057,1.647942,-0.143361,-1.305199,0.663463,1.193493,0.157905,0.409214,0.9818,1.532016,0.620414,1.678327,0.33844,2.078098,-1.265684,0.970237,0.337145,0.175802,-1.171655,1.095314,-0.126843,-0.895176,-0.546738,-0.161909,0.159711,-0.812079,-0.826208,0.461233,-0.007243,1.954378,-0.344649,0.777528,1.738024,-0.130475,1.010364,0.352827,0.112691,1.605592,-0.892597,-0.519492,-1.641216,-0.05451,1.008523,-0.183166,0.850993,-0.668069,1.159967,-0.047346,-0.397722,1.637075,0.050887,0.611459,0.176781,0.736771,0.177328,-1.094453,0.331968,0.519333,0.432887,-0.158983,1.80187,-0.639043
1293,31,1.141393,0.266925,-0.394822,0.624452,0.483084,1.824198,-1.228356,-0.566648,10.234453,-0.428874,0.976653,1.155857,-0.239981,-0.177982,0.843262,-1.141167,-1.967556,0.330955,-1.218842,-0.317009,10.040288,1.031183,1.833933,0.514573,0.292116,-0.834868,-0.751687,-2.929208,9.900382,-0.56646,-0.714409,4.424293,-0.551715,5.618662,-1.033917,0.224918,-0.383283,-0.383941,1.162094,-1.034401,0.889058,-0.642355,-1.93581,-1.376469,1.267023,0.724625,-0.134873,7.421234,-0.72735,0.46614,0.194838,-0.652219,-0.649506,0.106677,2.304513,0.970116,0.322521,-1.735422,-1.491576,1.742928,-1.183442,0.02207,-1.827003,-1.147444,-0.414986,3.843877,-0.353857,-0.761813,1.469139,-0.801065,0.623425,-1.309383,0.344535,1.618096,0.419984,-2.265428,0.729998,0.450505,-0.720709,0.770683,0.796301,-0.565818,0.516127,0.073494,0.529977,0.075622,-1.875911,0.182398,-1.265347,-1.26848,1.265722,-0.125747,-0.311974,0.972797,-0.552823,0.246091,5.668458,-0.851938,0.122197,-0.674386,-0.278726,-1.460824,-1.168405,8.957058,1.155188,-0.47203,-1.075806,-0.206943,-1.505138,-0.763081,-0.674491,0.223032,0.117106,0.225579,-0.745288,1.323492,-0.053741,-0.734141,0.071555,-0.705434,0.510382,-0.744291,-0.012963,1.617458,1.040761,0.668028,-0.332961,-0.693989,-0.417502,0.681889,0.859308,0.246222,0.897482,4.310688,0.978609,5.423239,-1.091192,-0.695206,-0.627758,5.694451,2.943168,-0.41867,1.72242,-0.787446,1.23264,-0.703757,0.834928,0.209752,0.703381,-0.032596,-1.494244,-0.919629,-0.000693,6.924279,-0.524446,-0.344502,0.676542,-0.900281,4.764945,-0.039614,0.694626,-1.783358,-0.381054,1.488215,-1.729396
1302,34,-0.462088,-1.176746,-0.647308,1.178325,0.495006,-2.985884,-0.864451,-0.034314,-0.251735,0.729959,0.143563,-0.720332,-0.231323,-0.82485,1.317609,0.195398,-0.633849,-0.98022,-0.354848,0.31598,0.406084,-0.033424,1.624553,-0.382207,1.358397,1.92752,0.435629,-1.077591,0.69532,-1.109462,-0.115832,-0.606887,-0.097006,1.232316,-0.356683,2.081391,-0.001555,-1.025539,0.263149,-0.998987,0.046364,2.085232,1.769688,-1.168811,-0.968122,-1.15566,-0.144961,-0.332007,0.31188,-1.438439,-0.160062,-0.946765,-1.20273,0.89033,-0.640201,1.816174,-1.233249,0.367569,0.320146,1.585126,2.452702,2.403646,1.127342,1.016466,1.056325,0.963474,-0.963326,-1.879971,-0.936036,-1.151943,0.617907,0.811167,-0.261153,-0.679851,0.756186,1.071327,0.388798,0.92996,-0.919575,-0.772538,1.354108,-0.619069,1.46347,2.522123,0.205812,1.101469,0.394535,0.287477,-0.174313,1.06366,0.334576,0.280839,-1.82008,-0.258913,-0.23802,-0.434694,-1.123453,-0.292096,1.551447,0.034008,-1.506505,-1.466318,0.18724,0.630157,0.332481,0.633277,-0.269645,0.787886,0.442229,-1.705884,1.39569,0.681523,-1.276152,0.140051,0.214716,-0.87915,-0.427089,1.057054,-0.456747,0.067766,-0.217561,-0.552552,-0.188561,0.559677,0.185289,-0.772387,0.935084,-0.256977,-1.298524,0.474884,1.262404,0.049408,1.163116,0.949496,-0.056796,0.873935,-0.457528,0.403402,-1.11612,0.050859,0.262408,1.12992,-0.082193,-0.078096,2.514738,-0.0535,0.400513,0.191971,-1.619997,-0.220329,0.880513,1.375502,0.007843,0.975938,-1.129804,-0.233099,0.575644,-0.359372,-0.236389,-0.754948,1.418014,0.164391,0.237776,0.858696,-0.730043
1176,41,0.567826,-1.239077,-1.743306,1.32047,0.437055,-1.236814,1.054592,1.230696,0.53233,0.569424,-0.46331,-2.821495,0.772313,-0.72298,2.026205,-0.343947,0.620226,-0.693129,-1.370844,-0.457544,2.139852,0.079934,-1.890897,1.082483,1.228518,-0.749763,0.163094,0.050866,-0.712562,0.140952,-1.518711,0.407173,1.04141,-0.797681,0.711298,0.813184,0.610772,1.485471,0.047336,-0.709627,0.830772,0.565504,-2.096675,0.112262,-0.712409,-0.334623,0.13291,1.562852,0.451352,-0.634953,-0.525996,0.244795,0.438136,2.747418,-0.909828,-0.525313,1.000949,-0.310803,0.216984,-1.575105,-1.590935,0.716702,-0.973235,0.797474,-0.442641,0.3471,1.220177,-0.759577,-0.74891,1.176206,0.051605,-0.113173,0.923038,-0.944293,-0.001053,-1.22207,-1.289775,0.684691,1.236643,0.218163,-1.425515,-0.097312,0.35292,-0.000832,1.185321,-0.790909,0.339183,-0.321082,-0.059949,-0.316629,0.513185,-1.180013,-0.276765,0.366906,0.882096,1.091981,0.208942,1.159119,1.289869,-0.097681,1.981087,1.547242,-0.261599,-0.094731,-0.441454,-0.091007,0.374174,0.295663,-0.370499,0.508106,1.222379,0.921094,0.680241,-0.304825,-0.274321,1.673668,0.07156,-0.724422,0.92195,1.658084,-1.460129,1.659164,-0.942978,0.877939,0.102822,-0.578807,-0.914944,-0.98417,-1.209109,-0.34433,1.022204,-0.230114,1.936429,-0.221068,-0.664348,0.014856,1.654231,-0.706182,0.013181,1.017388,-0.47323,0.525887,-0.148582,-0.180727,-0.112009,-0.228921,0.761984,-1.535109,-1.24927,-0.456056,-1.503491,-0.931471,-1.192472,-0.122428,-1.673801,-0.29732,-0.654929,0.999349,-1.594416,-1.647379,-1.575175,-1.138099,-0.930346,0.548145,-0.847126
1140,37,-2.051483,1.29012,0.990346,1.387794,-1.086411,0.404215,1.336134,-0.146844,0.419378,-0.177445,-0.26813,1.398156,-0.72749,0.07466,0.609584,0.082305,0.872553,-1.916395,1.168581,-1.127175,-0.169736,-0.296754,0.506565,-0.140552,-0.377421,0.721993,2.076323,-0.557575,-0.610268,-0.53366,-1.162405,-1.159372,-0.427353,0.740991,-0.462526,-0.774495,-0.070183,-0.74686,2.700646,1.550857,0.064445,-1.629796,-0.519628,-0.865722,-0.836593,-2.110025,-0.48539,-0.557809,-0.636029,-1.240995,0.382279,-0.819819,-2.196618,-0.991463,0.807658,1.194576,-1.097127,-0.148536,0.560489,0.914795,-0.443801,0.297542,-0.414616,-1.763388,0.909456,-0.057872,0.419456,-0.196804,-0.853778,-0.474251,0.33659,-1.240848,1.517748,2.241699,-2.226398,0.906932,-0.421443,0.605538,0.190423,-0.173836,0.891111,0.100859,1.464534,0.329837,-1.40142,-0.148859,0.015932,-0.547081,-1.186584,1.937535,-0.054945,-0.014922,-1.576056,0.563352,-0.096624,1.090959,1.677066,-0.612165,-0.689179,1.156673,1.077605,0.329352,0.734728,-0.283909,-0.00034,0.021342,-2.065356,0.746626,0.787398,-0.878789,-0.5098,0.316987,0.729234,0.037902,-0.423911,0.435631,0.145306,-0.948101,-0.290674,-0.337549,0.673794,-1.25827,-0.764311,-0.356968,0.04947,2.340035,-0.148143,1.052168,0.78225,1.283594,1.713054,0.584706,-0.919604,-0.322484,1.487633,2.124672,1.272509,2.368282,0.697686,-0.788922,0.122209,0.313081,0.928699,0.864695,-0.832763,1.178337,-0.524351,0.297845,0.663901,0.710879,0.532676,-0.505933,-0.104457,0.939997,-0.424619,-1.123881,-2.466649,0.038963,-0.860405,0.023155,-1.025202,-0.410659,-0.344873,0.947483,-0.843553
1047,8,-0.793386,1.275572,0.506988,-0.409307,-2.101834,-0.842799,-1.870125,1.208807,0.182721,-0.723458,-0.269053,2.525791,1.183171,-1.308715,-0.127511,-1.199846,-1.681526,0.169891,2.358203,1.525249,0.042676,-0.367972,0.197058,1.012587,-1.431145,-1.831744,1.844141,0.274739,1.57625,0.233293,1.451055,-0.600801,0.489307,1.526481,1.004827,-0.45305,0.881204,-0.655159,-1.4059,0.516208,1.380879,0.83863,-1.242453,0.85862,0.671276,-0.454681,-2.458745,1.004477,0.877254,0.492206,-1.714341,-1.475637,1.002942,0.795757,0.490074,-0.244768,0.390772,-0.537625,-0.310101,-0.860871,0.256091,-0.415446,0.945824,0.715581,-0.807464,1.826277,-1.116253,0.447804,1.077922,1.275228,-2.196913,0.996801,1.214945,1.433242,-2.216872,-0.674419,-0.098483,-0.444617,1.337232,-0.677137,1.225774,0.56014,-1.451379,-0.990108,-0.468411,0.096609,0.992042,-0.182364,0.908305,-1.573071,-3.048083,-0.336955,0.4584,-0.361162,-1.00956,0.422319,1.932946,-0.103405,-0.726009,-0.845439,1.966019,-0.040314,0.612173,1.220007,1.077178,-0.921953,0.95603,0.843837,0.48924,1.009615,-0.561273,-0.074332,-0.524706,0.758311,-0.653087,0.393333,-1.094023,-0.121998,-0.361823,-0.114223,0.132903,-0.183869,-0.219462,-2.070261,1.105283,-0.623263,-0.244746,-0.827337,0.999207,-0.904308,0.504323,1.178307,1.645503,1.18821,0.619564,-1.197106,1.290777,1.188708,0.839104,0.804375,0.079286,-0.511253,1.083509,1.276,-1.032013,0.918158,0.251904,0.891859,0.281663,1.117157,1.031715,0.894646,-1.363847,0.83221,0.061618,-1.109411,0.717538,-1.348417,0.905384,1.7011,-0.484756,0.931283,0.465636,0.664324,-1.32596
1215,42,0.129043,0.592692,-1.16004,-1.063954,0.944292,0.774232,-1.609769,-1.539824,1.666887,0.122903,-0.641872,0.053525,-0.133663,0.442267,1.538666,1.394616,-0.716335,-0.531765,-0.380874,1.636675,1.099367,-1.933699,-0.441461,-0.513621,1.149152,1.196153,-0.531645,-1.021468,0.132229,0.499499,0.227308,-1.168046,-0.28192,0.548758,0.333423,0.562385,-0.88015,-0.447564,0.086374,-3.003302,-0.296659,0.506605,0.405278,-0.477333,-0.191565,0.689603,-0.144123,-1.521395,0.437183,-1.725737,-0.873065,2.084343,0.29554,0.826316,0.566192,0.779294,0.104805,0.788931,0.094953,-0.87249,0.353663,0.128861,0.911607,1.164544,1.422646,-0.8908,0.316993,1.745611,-0.533369,-0.680108,-0.463315,-0.58575,-0.797915,1.611738,-0.520121,0.115562,-1.028872,2.116085,-1.017581,-1.311236,0.950921,-0.652755,0.122298,1.607199,-1.23238,1.706355,-0.515882,-2.753204,0.11989,-0.517011,-1.387743,2.449585,-0.468777,-1.874652,-0.071228,1.027413,0.842045,-0.257788,-0.433593,-0.301984,-1.230446,0.413803,0.324445,1.378358,-1.014231,1.68292,1.169355,0.91228,-0.219015,0.696875,-0.317732,1.012154,-0.026987,-0.781086,-0.210892,-0.957701,0.734361,-0.239221,-0.841237,2.461658,0.037678,1.288981,-0.603486,0.472933,-0.534334,0.688231,0.366548,2.328837,-2.256113,0.075829,1.629321,-1.862125,0.895631,0.066842,0.410259,-0.614508,-0.46795,-1.844857,-0.482223,-0.282347,-0.784337,1.570094,0.110065,1.220134,0.371702,-1.051289,-0.167302,-0.170436,-0.456804,0.921096,0.662882,-0.317449,0.493167,-0.863323,-0.477647,1.313063,1.111421,0.931576,1.614413,0.058094,-0.242144,0.306715,1.043447,1.444108,0.049134
1068,19,-1.577344,-0.411843,2.112097,-0.131708,0.564818,-0.336217,-0.131774,0.322385,0.474198,2.219752,-0.015038,-0.179459,-0.661399,-1.312139,-1.608621,0.664275,-1.860254,1.407416,0.860284,-0.293463,-1.152331,0.030187,0.024043,1.129245,-0.739427,-0.375249,-0.050162,-0.274527,-0.621446,-1.711705,-1.636622,-0.672605,-0.221525,1.001797,2.312329,1.71721,0.398407,1.881526,-0.112709,-0.523365,2.316574,-1.063375,-0.41079,-0.259391,1.46296,-0.59067,0.784822,-0.40315,-1.219258,0.239615,0.172081,-1.151654,-0.861173,-0.788644,0.967554,0.465863,0.242697,0.494883,-0.471431,0.482192,-0.599819,-1.326754,-0.697656,0.215869,0.095348,1.062691,-1.682513,-0.213963,0.400368,-0.956282,0.25513,-0.402894,-1.123292,1.127174,-1.382182,1.006549,-0.407149,-0.933167,-0.877542,-0.730392,-0.840274,0.276015,-1.860497,1.246677,0.842003,1.394531,-0.974914,-2.309471,-0.61608,-0.159895,0.310996,-0.510171,-0.075763,0.157758,-1.539789,1.813753,-1.113369,0.27184,1.087244,-0.773,0.012762,1.641671,-0.271513,1.055016,0.301446,0.239056,0.728306,-0.220217,-0.198283,0.972698,0.272996,0.509353,-1.183192,0.029133,1.224771,0.911984,0.357076,-0.503662,-0.59835,0.452042,1.432178,0.057606,1.318297,-0.284574,1.21513,-0.983682,0.201895,-1.051398,0.674671,0.587693,-0.933397,-0.728709,-0.427117,-1.471974,-0.909978,-0.848392,0.796652,1.397505,-0.428381,-0.272217,0.228806,-0.505863,-0.26262,0.851719,0.245146,-0.069662,-0.556628,1.484794,-0.59784,0.136318,-1.016304,-0.578668,0.109518,-0.379058,0.547965,0.08305,-1.366221,-2.290268,1.009137,-0.568094,1.492597,0.028969,-0.748655,0.571911,-0.256293
1022,22,0.658535,1.41737,-0.622922,-0.903971,1.451762,-0.882569,2.073636,0.050649,-0.883409,0.984338,1.693349,-1.434748,1.558962,-0.281405,1.48633,-0.380464,-1.577193,0.501967,0.926578,2.095963,1.723598,0.695242,-0.237707,-0.520652,-0.294873,-0.830932,-0.274552,-2.544527,0.178868,-0.028935,2.565874,0.758741,-0.48022,0.564734,-1.225766,-0.602692,-1.867595,1.43626,0.59334,-1.175584,-0.060488,0.949768,0.495109,0.382277,-0.857842,-0.637245,0.095152,0.920256,-0.828867,-1.1214,1.14403,-0.930312,1.077162,0.243055,0.881047,1.74438,0.688664,0.776032,-0.917835,-0.695186,0.643947,1.534261,1.392102,2.316665,0.310891,0.202784,1.006202,0.018914,-0.062468,-1.047365,0.99122,-1.071998,0.51226,-1.419174,1.096337,-1.028808,0.843482,-1.589335,-0.439816,1.178345,-0.805346,0.067191,-0.478431,-2.30943,0.308059,0.432258,-1.107772,0.573686,-0.795695,-1.003397,0.006854,-0.681415,2.292434,-1.554922,0.73844,0.988907,-1.979271,-1.732484,0.562391,-0.481512,0.383563,1.139447,-0.372148,-1.063966,-2.729441,0.2046,-0.928616,0.313385,0.231622,-1.384468,1.723876,1.083258,0.848271,-1.184473,-0.40743,-0.54693,-0.41476,-1.124108,0.434647,0.229234,0.365372,-0.50595,1.291018,0.187741,-2.73782,-0.640114,-0.057002,0.965326,-0.300719,-0.250086,-0.662816,0.665553,-0.447587,-0.60345,-0.742156,0.556581,-0.532975,-1.675897,0.622657,-0.701336,0.357003,0.373785,1.203607,1.04453,-0.57503,-0.166385,-1.290406,1.677333,0.441627,1.394419,-0.318996,-2.049144,1.531713,0.093118,0.133185,0.055463,0.644674,0.533133,-1.590537,1.086893,-0.528954,-0.467048,1.727429,0.920559,-0.338186
1212,2,-0.47347,0.049043,-0.261089,-0.770505,-0.363689,0.898714,-0.87872,-1.335563,1.483276,-1.399297,-0.362806,-1.323055,-0.98597,0.962126,0.663228,-0.368508,1.447731,-0.53818,1.030828,0.340801,0.999675,-0.050354,0.356576,-0.134196,-2.564346,2.164115,0.520967,0.025334,-0.149266,-0.707037,-0.661155,-0.01672,0.847992,0.234579,0.150409,0.73693,-0.748258,0.967791,-0.449326,0.554918,-0.659445,0.887984,-1.173505,1.780513,-0.496931,-0.484647,-0.801733,-1.093337,-0.317326,-1.527736,0.930812,-0.182254,-2.135671,-0.025574,0.458028,0.144933,-0.624892,-0.226853,-2.587158,-1.405285,-2.272805,-1.459553,0.586731,1.12735,1.388832,-0.704829,0.329548,-0.412341,0.290792,0.097094,-0.907236,1.043134,-0.554649,-0.686007,-0.356417,-0.73071,-1.796882,-0.207424,0.318875,0.652668,-0.387808,1.5626,-0.674073,-0.631636,-2.42428,1.576993,1.065126,1.273605,-1.612098,0.642046,-1.691433,1.122746,-0.195504,-0.466837,-0.009094,-0.297549,1.507531,1.078364,-1.518111,0.830904,-2.485441,1.794582,-0.565448,-0.331587,-0.109043,2.227717,0.664148,-0.091284,0.530472,-0.430211,0.912198,-0.647735,-0.447161,-0.373099,1.11628,0.113253,-0.291048,-1.565569,0.889815,-0.437339,0.220533,-0.323953,0.251726,0.177521,-1.711883,-1.791913,-0.304312,-1.745682,0.603094,-0.028674,1.048401,0.650952,0.565224,-0.715201,0.218723,0.833414,0.941138,0.197137,-0.185548,-0.755487,-0.394489,-0.552436,1.036314,1.106086,-0.244781,-0.650017,0.70328,1.195208,0.5759,-1.274557,-1.649952,1.537404,0.853386,-0.519716,-0.094815,-0.154719,-0.004133,-1.015312,0.829099,-0.720675,-1.169555,1.091516,0.023154,1.13231,0.249929
1283,29,0.6514,1.119599,1.139348,2.60779,7.056597,1.266664,1.751304,-0.597934,-0.633173,0.593055,-0.589392,-0.438122,-0.208569,-0.083505,2.034918,0.004913,-0.318584,0.067178,-0.773621,-0.844557,0.091976,0.61052,-0.420306,-0.53326,0.965078,-1.639284,-1.276923,0.015369,2.026184,-0.386228,10.477442,-0.109486,-2.133094,1.598898,4.653621,-0.608979,-0.448253,1.330053,0.068414,1.087473,0.832896,-0.250635,-0.246853,6.441511,2.177107,0.258161,-1.344427,0.310586,6.248506,0.023711,0.398121,-0.403239,-0.54284,-0.53473,0.458002,0.607476,-0.044002,-0.345354,-1.609118,-2.07299,-0.286036,0.772894,-1.803269,0.208706,5.489252,7.812005,0.941493,0.045712,1.634746,0.211442,-1.289653,-0.248207,0.069851,1.032351,0.20073,7.874661,-1.141213,1.718339,0.540805,-1.759364,0.709858,0.628392,-0.54791,0.482148,0.866796,0.817914,1.060293,-0.684194,-0.412018,-1.013069,-1.880431,5.453121,0.327254,-1.333898,5.580025,0.506146,-0.36567,-3.540244,-0.20066,-0.414231,0.890907,-0.094634,-0.634947,0.67549,0.835708,1.292947,0.893382,4.109988,-0.219787,0.518192,-1.487103,-0.883522,-0.975752,0.429877,-1.094259,1.100534,0.552359,1.238088,-0.054842,0.666585,-1.033655,-0.693062,0.349307,4.941612,4.846463,0.51502,0.331664,-2.227525,1.628619,-0.786764,1.027567,-1.006378,0.820329,0.956889,-0.422682,-0.415823,-1.238958,-0.482831,6.455702,-0.753082,4.355099,-2.254874,-0.551216,0.046723,1.576805,-0.975975,-1.424519,3.711684,-0.077802,7.026802,3.784592,0.255267,0.304696,-0.005535,0.615762,1.258041,-2.628572,-0.378557,0.842708,-1.16512,-1.635969,0.611448,-1.121085,-0.672271,0.282461
1182,40,-1.014128,-1.477248,-0.010198,-0.968213,0.383399,0.620337,-0.549042,0.331412,1.533656,-1.84107,-1.896379,1.53867,-1.06981,2.633308,0.658705,-2.462205,0.675405,-0.317599,-0.083371,0.648955,-0.774122,-0.492078,-0.034372,-1.871107,-0.459098,0.083178,-0.140187,-0.031654,-0.167068,-2.096843,-1.037158,-2.086803,0.151914,0.79261,-0.003545,-2.155881,-0.526825,0.635563,0.321824,0.604595,0.668439,-1.200291,0.099958,0.168231,-1.13582,-0.707996,-0.252948,1.789022,0.909378,-0.100921,-0.064651,-1.696452,-0.080691,0.874843,-0.516059,0.41562,1.250786,-0.412831,-1.628395,-0.210314,-0.258735,2.561587,-0.199293,-0.218039,0.890478,-0.8432,-0.442391,-0.262266,-0.293627,0.260055,0.05088,-2.424633,0.992241,-0.562381,0.575902,-0.02524,0.488386,1.198887,-0.296338,-0.544594,0.27671,-0.200322,1.662722,-0.320057,-0.675742,1.869738,-0.768602,0.684905,-0.680778,0.56911,1.487572,1.290347,-0.470096,0.484634,1.1172,0.060469,1.782033,1.491413,1.642503,-0.022953,0.351578,-1.245059,-0.923499,0.533203,-0.754676,0.000282,-1.101485,-0.736071,-1.246798,0.264094,-0.7662,0.098348,0.548168,-0.391896,-0.017247,2.247189,0.513518,1.548479,1.459826,0.838764,0.497566,-1.639923,0.460004,-1.016519,-1.360732,-0.096874,1.108785,0.563714,0.696534,0.751037,0.749108,-1.072991,-1.11613,0.060023,1.012406,-0.06467,-0.771293,-0.563551,-0.501453,-0.676576,-1.109832,1.570842,0.15708,-1.668895,0.156725,0.498263,0.815892,-1.045896,-1.882491,2.260032,-1.320057,-1.438751,0.151495,1.07741,0.965161,-0.852483,-0.006135,-0.769036,-0.034813,-0.711604,2.467514,1.155804,-0.223419,-0.17196,1.354012
1323,21,-0.027305,-0.124721,1.473233,0.492666,-0.557445,-0.529882,0.299048,-0.172829,0.936182,-2.155994,-0.734319,1.444467,-1.267272,0.301056,-2.287487,-0.420362,0.726174,1.538158,1.009575,-1.9961,-0.660412,-0.755619,-1.169127,-0.528421,0.254046,-1.207609,-0.76994,-1.485566,-1.691997,0.791,-0.291976,1.042112,-0.026297,-0.390116,2.168073,0.424957,-2.028071,-1.082386,-0.658034,0.748786,0.17781,0.443169,-0.895295,-0.107028,1.425781,0.554526,-1.477829,0.374775,1.362316,2.077614,-2.027057,-0.367128,0.246378,-0.608375,-0.510566,-1.57424,-0.387711,0.450083,-0.163872,1.350832,-0.405399,0.887379,0.21581,-0.701221,0.569265,0.36046,-0.330538,-2.076805,2.192727,1.137289,0.442218,1.228587,-1.785917,0.531284,0.76675,0.637915,0.769491,-1.354028,0.484647,0.433582,1.541568,-0.086896,0.463048,0.552457,1.008281,0.202626,0.300151,0.243589,0.281722,0.582455,-1.227979,-0.167904,-0.072373,0.313537,0.064766,-1.595427,0.661332,-0.623519,-0.854065,0.365375,0.849503,0.33704,0.535025,0.434485,0.619777,0.051977,-1.057994,0.086164,-0.651583,0.381407,0.069253,-0.363715,-1.747458,1.837076,-3.29404,-1.011048,0.694051,-0.19579,0.042526,0.103731,0.556232,-1.580835,-0.967145,0.691346,1.442233,0.387832,1.891503,-1.547175,0.226708,0.498889,1.245669,-1.593973,-0.509346,-1.575995,-1.214654,-0.631063,-2.496295,-0.134474,0.003676,1.394436,-1.43044,1.749462,-0.337933,0.464405,-0.00311,0.017281,-1.070447,0.371587,0.698379,1.254945,-1.64762,-0.92936,0.283877,0.493371,0.355346,-1.041457,3.025718,1.305325,0.55272,-0.625658,-1.697088,-0.505472,-0.869523,-0.83532,0.584525
1269,34,0.555918,6.154322,-1.048068,0.769399,5.413579,0.404979,0.681298,-0.923664,-1.338519,8.605631,1.641999,1.473983,0.470322,0.316366,0.630311,-0.279574,-0.033381,0.541597,0.577319,-0.157456,-0.418621,1.580988,-0.250615,-0.688937,0.142068,-0.44585,-1.727123,-1.279574,-2.630526,-1.696785,1.080229,-0.267408,-3.161459,-0.723027,1.265237,-1.547937,0.916593,-1.187701,-0.576016,-0.499875,9.458201,2.652162,-0.380335,-1.019081,0.835658,3.990561,1.926018,-0.974165,-0.550448,-0.380992,-0.288063,0.197727,-0.135848,1.004919,-0.953617,0.251362,1.259348,0.637112,0.611787,-0.302245,-1.075657,-1.71868,-0.752191,1.968415,7.025393,-1.179908,0.45244,0.142139,6.596305,-1.029615,1.343825,-1.432069,0.591027,1.40949,-0.59882,0.308963,0.97921,-0.828576,-1.053231,-1.529295,-0.069971,-1.072848,1.696398,-0.015358,1.100788,6.395905,2.145197,1.334575,-0.270649,0.032074,-2.103164,0.286737,-1.030127,0.806418,0.773344,-0.809425,0.96228,-1.185206,-0.921813,-1.963048,-0.677043,0.439184,5.509394,0.821305,-0.359919,0.993602,1.232577,-2.251524,-0.413761,-0.276239,1.722098,0.717582,0.273738,-0.668579,0.477558,1.287983,5.176876,-1.065551,9.573736,-1.58122,-0.35306,0.91593,-0.959386,-0.199059,-1.37725,1.641119,-0.078111,10.675957,-0.594113,1.908395,1.390768,0.086076,0.504723,-1.705969,0.244601,1.267126,-0.516437,-0.303214,-0.394418,0.444096,0.194018,-1.70529,8.439032,-0.442801,-0.067399,-0.443846,-0.62673,0.160851,-1.252782,-1.41648,-0.234589,1.120009,-0.405124,3.387337,-0.229086,0.034889,-0.472356,1.465093,0.283351,7.809299,0.355201,0.720412,4.444063,-0.147624,0.128745
1088,2,-0.090218,0.055048,-1.414672,-0.068242,0.370119,-0.089183,0.61068,-0.848449,0.316578,0.886451,0.55369,0.374423,-0.111807,-0.995891,0.545444,-0.399841,-0.95338,0.757576,-1.616933,-0.566263,0.767737,0.939276,-0.382426,0.05576,0.535076,-0.077221,-0.779794,0.426162,0.155954,0.096929,1.106688,0.298224,-0.466325,0.154421,1.9339,-0.725481,-0.27186,-0.809,0.345604,-1.270051,0.438988,0.752313,-0.782175,-0.856477,-1.495996,0.034976,-1.127769,-0.633389,-0.428427,-0.696943,0.826503,1.588328,-2.137474,-0.820599,0.242293,-1.059799,-0.544051,0.202321,1.384432,1.167399,-0.299557,0.123568,-0.370243,-0.181757,-1.181268,-1.776884,-0.374281,0.970735,0.757183,-1.872026,-0.199049,-0.634547,0.281566,-1.10404,0.907182,-0.211809,0.570341,0.870056,-1.947356,-0.223047,1.50699,0.014487,1.037369,0.415914,-0.503142,0.27664,1.046686,1.284161,1.44289,-1.111557,0.823798,-1.380681,-0.134361,-0.212923,0.622731,0.310505,1.243498,-0.616235,0.837723,0.386021,-0.001445,-1.202684,0.565668,0.311261,0.78325,-0.042402,-0.259453,0.385159,0.458042,0.682666,1.887783,-0.620497,1.998533,-2.960382,0.954402,-0.820812,1.998697,-0.889912,1.055874,-0.990865,-1.133102,0.79824,0.863999,-0.701546,2.396081,-0.322787,1.55653,-1.014246,-0.96414,0.086901,-1.013096,0.451783,-2.145735,0.174199,-0.563719,-0.961011,0.207927,-0.224579,-0.451182,0.805044,0.291734,0.376267,1.322888,-0.075305,0.833095,-0.418804,0.60305,0.522858,-0.547566,-1.512852,-1.278302,-0.941716,0.550884,-0.136454,-0.299171,0.472564,0.724128,1.3863,-0.59566,0.54504,0.701991,-0.949671,0.121175,-0.914583,-0.2265
1248,7,-2.163536,1.240812,-2.11986,0.443966,-0.418356,1.005465,0.636232,0.086103,-0.066338,0.202693,0.366267,0.234911,0.824155,1.249282,-0.786267,1.428547,-1.128096,0.757953,-0.825066,1.928893,0.354989,0.864001,2.063028,1.194815,1.672984,-1.23652,-0.564353,0.27775,-0.287629,-0.398934,-0.395505,-0.95463,1.557184,1.226111,0.142539,1.304244,-0.939059,3.287032,-0.311139,1.369111,-0.476631,0.53895,1.109152,1.362789,-0.546269,-0.06326,-0.163523,1.782493,-0.131105,-0.748006,-1.655975,-2.32759,-1.610732,0.610945,-1.129187,-0.465108,-0.697086,-1.126109,-0.826367,0.484708,-0.379435,0.732868,0.137405,-1.462828,-0.364808,0.923437,1.665882,-1.319292,0.51165,1.183055,2.362356,-0.201781,1.009976,-0.937855,1.157945,0.814163,-1.478802,-0.590314,-0.227649,0.368268,0.166556,0.384283,0.49438,-1.041136,-1.257241,0.392627,-1.091412,-0.485038,-0.091217,1.702933,0.194384,1.513334,0.846908,-0.8872,1.75973,-0.36744,1.249439,0.415771,-0.459134,-1.649838,0.566094,-0.067703,2.405239,-0.490079,0.080687,-0.482611,-0.630774,1.345866,1.307478,-1.105961,-0.49792,-0.311515,-0.812889,0.966557,0.08475,-0.363711,0.240775,0.421344,-0.200623,-0.11534,0.620176,0.669871,-0.642472,0.678186,-1.739707,-0.171953,1.115487,2.203718,0.75123,0.493861,2.523625,1.611395,0.293425,0.002505,-2.04433,0.894059,-0.692412,0.40955,-1.28859,-0.702295,1.035972,0.721155,2.999858,0.978836,1.918032,0.528727,-0.04145,-0.159922,0.14066,0.779871,2.375491,0.197009,-0.901971,0.183372,-1.637133,0.51651,-2.484001,-2.15486,0.508048,0.673908,-0.694635,-0.021123,0.492082,0.590571,-1.00977
1138,47,-0.08861,-0.091523,-0.158847,-0.360699,1.701954,0.933959,-0.367944,1.210229,1.840486,0.430861,0.266231,-0.527442,0.082529,0.180047,1.259221,-0.980998,-1.659941,-0.54139,0.326059,-2.037054,-0.242436,-0.847252,-1.159848,0.092108,1.113548,-1.395965,0.182677,-0.211267,0.600868,-0.038549,-0.672773,0.837032,0.381142,-1.067923,-2.037087,-0.754943,0.150129,0.718402,-0.618896,-0.435366,-1.852443,-0.507778,0.059335,-0.637578,-0.156702,-1.028943,-0.953477,0.216077,-1.600627,-0.042775,1.122348,-0.624633,-0.551553,-0.888469,-1.353478,-0.641051,-1.329384,-0.290851,-0.616386,-1.194781,-0.042649,0.915662,0.708078,-0.355306,-0.105032,-1.119778,-0.32807,0.56687,0.665816,1.247309,-1.585211,1.458914,0.287148,1.445743,-0.086577,1.12542,-0.116716,-1.142906,0.220724,-0.594212,-0.133606,0.421818,0.672022,0.54832,0.860352,-1.632481,1.051124,-0.92033,-0.006223,-0.50143,-1.241083,0.778756,-1.104845,-0.646547,1.346654,-2.32941,-1.766307,0.847112,-0.50636,0.681287,-0.108779,-0.575424,0.595613,-0.793126,-0.642934,0.133936,-1.184076,-1.521246,-1.737024,0.830433,1.814216,1.077044,-0.727523,-0.607751,-1.077853,-0.09655,0.936279,-0.166189,-0.114262,-3.300565,0.211136,-1.283703,-0.341455,0.268152,0.029984,0.648357,1.438011,-2.350531,-1.629427,1.560329,0.400999,-0.793872,-0.341849,-0.06776,0.972379,-0.396335,-0.077521,-1.403529,1.391609,0.382034,-0.537869,-1.40301,-0.08872,0.811021,2.234891,1.848485,-0.434776,-0.476439,-1.031885,0.404187,-0.810955,0.522384,0.271409,0.366284,-1.023193,1.101909,-0.246673,-1.260479,-0.083994,0.130799,0.015766,0.900902,1.161284,2.237798,-0.134533
1254,16,0.505846,-0.217353,-1.383543,1.410935,0.534229,-0.001254,-0.18279,-0.365907,-0.203056,0.512359,-0.191928,0.354882,1.515388,0.313446,0.670499,1.117454,-0.004486,0.564026,0.320587,-0.480654,-0.617552,2.962465,-0.118351,0.755601,-0.412259,-0.778556,-1.990632,-0.035246,1.869928,0.239996,-0.934412,0.75402,0.490111,0.179378,-1.334117,-0.120326,1.220987,-0.043915,1.760864,0.409896,-0.231417,0.090919,1.480906,-1.660793,-0.636196,-1.176545,0.198302,0.682499,0.114924,-0.827247,0.38174,-1.759534,1.029858,-0.505204,1.627282,-0.552929,1.60172,1.191549,0.348733,-2.247195,-0.172067,0.630471,-0.765825,1.134464,-0.765567,-0.571155,2.448399,-0.014681,-0.779144,-0.202164,1.063857,-1.176775,-0.122529,0.364911,-0.096343,0.516096,-1.15087,1.374409,0.782517,1.528003,1.133665,1.157777,-0.301162,0.663899,-0.789018,0.544797,-1.007436,1.093924,1.236595,-0.765654,-0.340383,-0.512963,-1.742362,-0.10927,-1.691269,-1.052632,-1.04032,0.242561,0.768194,0.590363,-0.695561,0.669987,1.555301,-1.453727,1.89956,0.783298,-0.127541,-0.054537,-0.579302,0.259655,2.840361,-1.804371,0.039936,-0.188131,-1.498771,0.010174,-0.248654,1.719694,-0.13539,0.974864,-0.283479,-0.587818,0.699889,-0.802155,-0.011343,0.114806,-0.44721,0.08208,2.228694,-0.720763,-1.052732,1.430325,-1.074895,-1.469408,-0.866645,0.409264,0.794798,-0.472071,0.374908,-1.314808,0.902554,0.414672,-0.21774,-0.155478,1.289296,0.036425,-0.560372,1.057167,-1.26317,-0.965887,0.872018,-0.786896,-1.493225,-1.516988,-0.008954,-0.173218,-1.065473,0.261031,-1.393251,-1.946406,0.005429,-2.275274,-0.465335,0.510754,-1.604877
1329,44,-1.536485,0.84986,5.583507,0.728775,7.979094,-0.771662,0.812999,0.602536,0.931278,0.449749,0.313274,-0.387926,-0.377239,-0.3858,-0.720731,-1.065736,0.98057,1.145768,-0.148514,0.38984,0.189109,-0.556399,0.975475,-0.193751,2.053041,2.594239,-1.234512,-1.076538,-1.475711,0.502733,-0.219642,0.501731,1.560485,-0.503159,6.199587,-0.477252,8.324907,0.170481,0.096217,1.375678,1.995152,0.674291,-0.722005,2.682776,0.996936,0.163284,-1.064308,0.838706,-0.503041,-1.14085,0.213403,-0.506067,0.124803,-0.423341,0.034881,0.347179,-1.951834,-0.02182,-1.785373,0.969413,0.148761,-0.566412,0.45733,0.074984,-1.426135,-0.628838,-0.468121,0.691021,0.456776,0.36992,-0.717947,-1.100362,0.418714,1.131192,1.951411,-1.050683,0.752199,0.967063,0.746125,-0.365832,-0.794243,1.312717,-0.422314,-1.6081,0.472286,6.538611,0.482816,-0.363798,3.424674,1.254098,-1.620677,-0.095763,2.055498,-0.387106,5.923849,-1.162875,0.638672,1.466115,6.562181,0.085704,0.570952,-0.017638,9.876638,1.042362,-0.30714,0.338957,2.837704,-0.678496,8.126462,1.798494,0.54214,-0.224613,0.989642,-0.325022,-1.330324,-0.208931,0.203078,1.455879,-1.186239,7.77716,0.726197,-0.256731,-1.139896,6.447514,1.121883,-0.268575,1.060573,1.398056,1.743729,-0.374002,-1.018282,0.748333,-0.416801,0.903722,-0.424346,-1.016796,0.641128,6.431594,-0.259522,-0.664585,1.112887,-0.4129,0.282655,7.082695,0.145986,-0.640635,1.975106,-1.213171,-0.942155,5.646683,0.514154,-1.200665,-0.297039,-0.643603,-0.606862,1.234576,-1.165064,1.382542,0.238664,0.313463,-0.604428,-2.301448,-0.819441,-0.403682,-1.000294
1183,18,-0.296642,-0.49875,-0.007375,1.670369,-0.679143,-1.279943,-1.165355,-0.659461,-1.427283,-1.281796,-0.882099,0.461558,0.215443,-0.396708,0.332566,0.00215,-0.152411,-0.928018,0.759682,-0.0718,-0.249801,-0.405943,0.106973,-0.13233,-1.271746,-0.643018,-1.235629,-2.972902,-1.347378,2.526144,-1.820748,-0.155417,0.710268,-0.220881,-0.156546,-1.070371,-0.774582,-0.765147,-1.223331,-0.198336,0.586496,0.864491,1.676602,0.5556,3.250045,0.148439,-1.135482,-1.475027,0.239018,0.833102,0.926906,0.023611,1.330602,0.053505,-0.394758,-0.162584,0.089913,0.622397,-1.232237,-1.062379,1.177871,-0.365105,1.186732,0.65741,0.315687,1.220792,-0.145199,0.672355,0.832563,1.071566,-0.946053,-0.016064,1.537525,0.739855,1.393522,1.57659,-0.570313,0.002231,1.487019,0.567888,-0.858668,0.482034,0.433809,-0.504147,-0.362036,0.95244,0.742432,-1.082743,-0.898413,-0.288527,0.036611,-0.054878,-0.822606,0.341353,-2.027289,-0.843483,0.03308,0.003338,-0.106331,0.364927,0.185032,-0.315251,1.612682,-0.096845,2.640013,-1.680269,0.900392,-1.268669,-1.714251,-0.985711,-2.934155,-0.524828,-0.099464,-1.029779,-0.47681,0.450666,-0.645561,0.936827,-0.748421,1.873453,-0.030278,-1.355913,0.716812,0.236547,-1.513685,1.967915,-0.445567,0.575043,2.730374,-0.69143,-0.727225,0.468355,-2.406093,1.108473,-0.878992,1.453312,1.252888,-1.129073,-1.328353,1.282841,-1.238839,0.036432,0.488225,0.895201,0.060761,-0.801692,0.864372,0.4936,1.133092,-1.039331,1.598034,0.551488,-0.304136,0.642413,-0.075735,-1.861825,-0.651649,0.362841,0.299909,0.242992,-0.767006,-1.048207,-0.435453,0.191711,-0.107293
1260,45,-0.291568,-0.551894,-0.691682,1.062315,-0.637157,-0.006787,-1.86999,-0.905127,-0.743294,1.660543,0.066407,-0.75063,-0.19191,2.544019,-0.166614,1.073892,-0.899547,-0.345576,-0.637619,-0.597145,1.826754,-0.533856,4.812215,-0.971252,-0.57785,-0.303384,0.54568,5.644613,-1.256882,-0.731068,0.046798,-0.978869,8.344974,-1.297472,-1.407827,0.263259,1.886118,9.673253,1.417327,-0.677292,0.649807,-2.110653,-0.738524,2.599407,0.728121,0.285904,0.039931,0.395312,0.162899,-1.67246,2.435688,5.455484,-0.314334,-0.720441,-0.89524,0.067258,0.374111,-1.226067,-0.067522,-1.200611,13.344817,5.788927,-0.568544,0.119031,0.343092,-1.106785,1.4078,0.500009,-1.147967,-0.499508,-0.167458,5.960714,-1.082879,-0.937676,-1.518059,1.203168,0.105836,1.889056,-0.905593,-0.036372,0.316995,1.026072,0.249372,1.389643,0.839474,0.367418,-0.292226,2.286313,0.580641,0.019604,0.248004,0.503887,6.725766,0.20431,-1.799533,0.478582,-1.380061,0.696268,1.024226,6.55106,0.148232,6.337707,-0.909377,2.22786,0.64747,0.938303,4.79619,0.760726,8.830172,0.049912,-1.674214,0.522107,-0.037714,1.933312,0.356633,-0.525558,1.666099,0.038946,7.184955,-0.402473,9.162331,0.365666,3.735383,-0.207152,-0.881247,-0.901064,0.063063,-0.447641,0.286168,-0.35809,-1.130903,-0.519157,0.136057,1.369842,0.061577,-1.130749,0.06911,-1.830738,0.499873,-2.050696,1.522679,0.479545,0.583897,0.537851,-0.624696,5.327451,1.156758,5.00926,-0.632041,1.2326,0.924677,-0.266834,1.593431,1.023671,0.213215,-1.392872,1.06838,-1.145069,0.248271,-1.534831,-1.323827,0.413668,-2.573165,0.606118,2.005806
1161,42,0.351737,-0.124329,-0.604705,0.70441,-0.005962,1.061135,-0.458666,-0.286424,-0.804745,0.65335,-0.841876,-2.398426,-0.828514,-0.712114,-0.020127,-0.371733,1.269128,0.314997,0.972007,1.402711,1.052208,0.92696,-0.482911,0.444129,-0.10218,0.781342,-0.586377,0.668961,-0.503495,0.756362,1.241868,1.246805,-0.404674,1.345026,-1.726766,0.1785,-1.426143,0.026323,-1.187559,-0.03246,-0.707242,1.295103,2.197277,0.88639,1.056981,0.491782,-0.067434,-0.204159,-1.15359,-0.77338,0.827224,-0.392029,0.413277,-0.877156,2.344391,1.401555,-0.058782,1.922229,0.551309,1.14155,-0.121901,-0.416805,1.471726,0.784719,0.876506,1.056919,0.173811,-0.415973,0.429485,-1.72285,0.135418,1.179944,-0.182273,1.925427,-0.302083,-0.99739,0.634909,-0.126856,0.667808,-0.602153,0.600995,0.16144,0.300763,1.002804,-0.725567,-0.121365,1.160602,1.276317,0.76718,-1.070725,0.249653,-0.359235,-0.273819,-1.501524,-2.052223,1.030262,0.85264,-1.414863,-0.316202,0.097471,-0.545022,0.540323,-0.354302,-1.35721,-0.384796,0.48369,-0.889158,0.785209,1.084216,0.640419,0.594309,-0.061016,0.576491,-0.700466,-2.316941,-0.674875,1.480478,1.060579,-1.042839,-0.201583,-0.70006,-1.167032,-0.312793,0.805681,0.06975,-0.235715,-2.155098,2.200625,-1.150728,0.030081,0.825942,0.187927,0.842036,-2.316994,-0.873763,-0.673476,-1.34297,-1.578353,0.877226,-1.275215,1.094922,0.896864,-0.349498,-1.39115,-0.592677,-0.720712,-0.65828,-0.780562,0.045902,-0.294328,-0.061018,-0.031503,1.214412,2.002983,0.012048,-0.084923,-0.164371,0.954527,0.689477,0.107046,-0.146993,0.569696,1.040288,-0.436436,0.42531
1270,45,-0.36427,9.218774,0.427098,0.66169,7.983057,0.801546,0.952109,-0.331621,-0.311105,-0.708308,2.088356,-0.13558,-0.875312,-0.830539,-0.382627,-0.018853,-0.124181,0.050101,1.64927,-0.687607,8.40541,1.353111,-1.337476,-1.037878,1.106117,-1.09494,0.426676,5.863717,0.755322,1.81754,-0.684378,-0.94169,0.042333,-1.057582,-1.23489,-0.81465,-0.273824,1.601296,0.818191,1.104631,0.953409,-0.272047,5.355116,0.698017,-0.873984,11.405207,-0.317354,-0.738488,0.487023,0.341591,0.542983,-0.494309,0.343949,-1.396786,0.461912,-1.500396,0.29003,0.36572,1.079857,0.486607,-0.95255,-0.278661,0.830978,0.838991,-0.534724,0.488842,1.465553,-0.698582,0.534895,0.532551,-0.092344,0.349992,1.508429,0.487059,0.23592,3.852433,-0.311997,-1.165645,-1.012204,-1.454876,-0.230203,-0.943394,2.798982,1.142558,-0.202393,0.972331,1.373045,1.538476,-0.033441,-2.357235,0.485066,-0.04154,-1.491318,-2.490607,1.093523,1.098105,1.322311,1.479049,1.242244,0.554032,0.424474,1.050308,0.588247,0.198083,0.68711,5.001966,-0.751134,10.672433,2.301389,1.315303,-0.717981,-0.316979,1.057908,0.567325,6.071129,1.838066,0.150396,4.68021,0.094665,-0.568529,1.035532,-1.614015,0.122926,0.800085,1.681414,0.727227,4.310797,0.898507,10.552229,0.176486,-0.495043,-1.16612,-0.260804,6.437681,2.862327,0.602459,0.241664,-1.635755,-1.123549,-0.53567,-0.069821,-0.059819,1.1401,1.610263,1.340938,2.828607,-0.378782,-0.765507,-1.421466,-1.254669,5.915257,-0.754037,0.699705,-0.212268,4.693239,4.186568,0.159749,2.949461,-0.622637,0.376049,-1.310847,-0.329078,1.533602,0.665541,10.787678
1259,39,0.427408,0.1731,1.19398,-0.783865,-1.145566,0.637591,-0.418079,0.878348,2.19989,0.178217,0.949925,-0.200429,-0.296946,0.190083,1.568071,0.18923,1.415554,-0.213309,-0.73091,-0.621721,0.263228,-0.329998,-0.830489,0.159151,-0.289517,1.107605,-0.799762,1.533034,0.976403,1.166327,0.730249,1.706335,0.167076,-0.620831,-1.752188,0.933796,1.001717,0.416589,-0.10519,0.622125,0.375033,-1.040931,1.353496,-0.092987,-0.224644,0.370465,1.746446,-0.590403,-0.184649,-0.479855,-0.986142,-1.894244,0.667312,-0.686591,0.41172,1.683183,0.143946,0.011142,-0.761226,0.088603,-1.266528,-1.662603,-0.931265,-0.019397,-0.486542,-0.284188,-0.828924,-0.980483,0.543711,0.865979,1.030465,0.729798,-0.142923,-2.829795,-0.248577,0.882333,-1.66581,-1.974599,0.051449,-0.672389,-0.725058,0.912738,0.089548,-0.513339,-0.780081,-0.772099,0.773349,-0.08238,1.159193,-2.022157,0.600355,-0.087889,-0.086422,0.683024,-1.155332,-0.309476,-0.167445,0.567923,-0.010202,-0.079926,-1.808429,-0.360564,-0.211486,0.377087,-1.885356,0.368298,0.92379,0.535467,0.25341,0.2023,-0.370978,-1.733128,-0.642795,0.062588,-0.765874,0.571656,0.572173,-1.699658,0.490726,1.721525,-0.936737,0.455254,0.899609,-1.29735,0.247313,0.832011,-0.648236,0.419217,0.258776,0.862436,-0.91049,0.528132,1.87595,-1.643393,0.617417,1.850904,0.574743,0.684657,0.610887,-0.810589,-1.576502,-0.995709,-0.086658,0.364476,-0.638992,0.93695,1.091355,-0.552207,-0.27747,-2.482749,-0.19528,0.079602,2.120203,-0.643524,1.34508,0.823333,0.552468,0.830229,0.9767,0.084294,1.028508,-2.081914,0.14188,0.216485,1.62117
1036,45,-0.94386,-0.256356,0.264235,-1.558858,1.481013,0.362372,-0.562016,0.222838,-0.286968,-0.700143,0.565793,-0.393847,-1.351628,-0.574876,-0.054251,-1.019253,1.321946,-1.028378,1.81848,0.955892,-0.879813,0.19214,1.244283,-0.128431,-1.129992,0.175123,2.053631,-1.426206,0.618947,0.074538,-0.052711,-0.324268,-0.253445,1.104121,0.663468,-0.930285,1.626196,-1.2294,0.730917,0.252278,1.267321,0.425239,1.125559,0.045439,1.042919,0.414869,2.219662,-0.62481,1.265368,0.535958,0.24815,-0.494542,0.51945,-1.401367,-1.296053,0.784682,-1.481978,1.510107,-0.200997,0.323346,0.149188,0.494485,-0.204743,-0.292951,-0.051278,1.124216,1.20839,1.349117,0.440701,-0.125088,-1.60412,0.718658,0.916385,-0.327301,0.883005,1.365011,0.170597,1.133011,0.384003,-1.658515,-0.396155,-0.333556,0.605964,-0.786772,-0.362195,-0.885674,0.038085,0.146449,1.05138,0.873844,0.241364,0.318042,0.185676,0.189542,1.623639,-2.409223,-0.098632,0.389754,1.206895,-1.017243,0.42391,0.938992,-0.368307,-1.831723,-0.282734,-1.12371,0.728055,-0.773753,1.857675,0.218616,-0.728268,-0.427471,-1.015044,0.466667,1.568317,-0.138373,1.001986,-0.865229,0.385195,2.381025,-1.328495,1.309424,1.250789,-1.802894,-1.357299,-0.899084,1.04577,-0.351893,-0.090488,0.784296,0.194708,0.302448,-0.24464,1.200669,-0.701483,1.751364,-0.261826,-0.721732,0.7225,0.526712,-1.904742,0.296602,-1.274803,-0.754515,0.861473,-0.787924,0.429468,-0.305855,2.006541,-0.022898,-1.102268,-1.032342,-0.833918,0.198636,0.067701,1.039423,0.236814,0.197756,0.39252,-0.061373,0.359993,0.850372,0.850212,-0.478643,-1.701794
1120,32,-0.013931,0.594101,-0.031975,1.183895,0.650065,0.224417,-0.391777,0.663419,-0.670883,0.909919,1.097213,0.898477,-1.267506,0.407269,0.339124,0.828569,-1.539365,-0.606687,-0.096678,1.339369,-0.603064,0.851848,0.123612,1.866377,0.298563,-1.5922,-0.290335,0.231191,1.220227,0.629156,-0.293398,-1.254212,0.014484,-0.1362,1.283483,0.890403,-1.387451,-2.284356,-0.420961,0.247967,-0.96575,-0.522401,1.146039,0.705044,-1.703975,0.324352,0.140385,-0.213322,0.537818,0.558387,2.419743,0.210824,-0.72941,-0.502427,0.689985,1.879556,0.581876,0.513673,0.249996,-0.448354,0.061963,-1.198295,0.720155,0.453429,0.168613,-0.851169,-0.266861,-0.571064,0.288754,-0.29017,0.345587,0.903584,1.234218,-1.011229,-0.335657,-1.079825,1.215629,-0.839566,1.314507,-0.498515,0.999842,-0.537283,-0.225389,0.115778,0.082289,-0.149065,0.648731,1.167558,0.839094,-0.476313,-1.818738,0.106003,-2.783435,0.655562,0.604647,-1.19442,0.566814,-0.651434,1.236582,-0.753062,-0.819483,-0.644288,0.230912,-1.019537,2.205514,-0.366974,1.712816,-0.281971,-0.312864,-0.697184,-0.74681,0.426695,1.170997,0.102861,-0.876087,0.206081,-0.776206,-2.626349,0.120412,-1.712089,-0.621823,0.049807,-0.395191,-0.259312,1.513096,0.933995,1.482294,0.206453,0.21979,1.727564,-0.614305,0.323485,0.128543,0.284808,0.582261,0.115157,0.790445,-0.829489,0.482883,-1.022084,1.049828,0.954425,-0.207989,-0.502736,-0.03307,0.532638,-1.483804,-0.988654,0.907174,-0.219516,-1.264104,-2.179874,-0.44466,-1.724187,0.108659,-0.095627,1.774556,-1.237809,0.600438,-1.187304,-1.02719,-0.224686,-0.847429,1.749524,-0.077658
1279,5,0.06343,6.076338,1.536781,-0.979011,5.099641,0.632931,-0.643331,-0.029299,-0.496251,1.429753,-0.640439,1.292187,-0.229983,-1.236461,0.172578,-1.072296,5.365476,0.762563,0.663328,1.861926,-0.015971,-0.209185,-0.639189,1.053234,-0.505982,-0.102448,0.223418,-1.783292,-0.139517,0.213421,0.523319,-0.761151,0.456851,-2.473287,-0.413615,0.296699,0.903808,10.554389,0.712478,-0.06682,7.239158,1.68917,6.028745,6.316948,7.669929,-1.05676,-0.331593,0.111424,-1.066153,-0.216483,1.382128,0.258478,-0.055406,-0.31397,0.441868,-0.053081,-0.975103,0.451453,-1.3388,1.594265,1.215636,0.020065,0.691972,-0.131768,-1.33728,0.039741,1.622692,2.39741,-1.407256,0.539855,-0.16759,-1.219193,0.895455,-0.220766,-0.904131,-2.392216,6.721211,1.858942,1.411798,0.49756,1.210866,0.260197,0.490778,1.17008,-1.180721,-0.644151,1.839203,5.10934,-0.264483,-1.273166,-0.059001,0.854576,1.853122,10.048197,0.030394,-0.213371,0.970912,0.020331,-0.237437,-1.865168,-0.719267,-0.154942,-0.184847,-0.058991,1.167616,-2.143358,0.421438,-0.070654,-1.696547,0.35845,-0.019317,-1.730473,0.112928,0.459616,-0.267963,0.612223,-0.613922,0.165203,0.036403,0.588202,-1.06468,2.447155,-1.40408,1.507859,0.195582,0.128551,1.169481,-0.681386,-1.330716,1.16533,2.071505,2.683266,0.734101,-2.417373,0.603985,0.974765,7.903927,0.833481,9.078434,4.156951,-0.048877,-1.242874,-0.54347,8.132117,1.327353,1.533265,0.586174,-0.855229,0.732967,-0.974258,0.730694,-0.875245,0.887821,6.412593,-0.459397,0.601197,0.691521,-0.213677,0.301182,0.07822,-1.570291,-0.33338,2.562269,0.639142,-1.660591
1263,4,-0.600819,1.249217,9.519227,0.854481,0.136135,0.167598,-0.117726,0.33589,1.042693,-1.16442,6.979716,0.162579,-0.897462,-0.709023,2.408723,0.0369,6.029641,0.178536,1.122061,-2.319033,-1.306144,-0.282248,0.717785,0.21404,-0.332961,-0.670691,-0.814654,0.549794,-1.48822,-2.232547,-1.402533,0.005005,1.349797,6.158553,-0.435668,-1.342804,0.011823,-0.248636,0.723101,-0.919344,5.342137,9.064539,-0.790015,-0.79744,1.003506,-0.505429,7.323183,-1.406008,0.330844,0.634013,-1.367085,-0.261478,-2.013508,1.568213,-0.353014,-0.849914,-1.024507,1.507062,0.302122,0.975026,0.332408,-0.158126,4.671791,-0.228763,0.279596,-1.746109,0.017211,0.521285,-0.306619,0.308368,0.392924,-1.183013,-0.479922,0.944393,-3.041947,0.552074,1.192197,0.268086,1.710156,6.754796,0.808692,1.155805,5.017352,-1.87191,-0.174307,1.065752,-0.717086,-1.07499,-1.109285,1.685274,-0.455473,-0.961556,-0.695656,0.245682,-0.438094,0.491164,7.334834,-0.278226,0.220114,1.565513,-0.857818,-1.669967,1.572343,1.345316,-0.378474,0.737762,5.893651,0.672365,-1.50201,0.206146,1.857307,-0.407407,-0.970974,0.261926,5.187961,1.18026,-1.156739,-2.409999,4.683917,0.508657,1.28004,-0.795098,-0.681535,-0.37089,1.515921,-0.718866,7.447662,0.484033,3.347284,0.801777,10.417259,-1.977418,1.754371,0.059905,0.281414,1.403813,-0.230327,1.18856,1.261849,-0.550059,1.322027,1.340064,3.911305,0.639563,0.617417,-2.093723,-0.950265,0.033218,-0.815364,0.788143,-1.111389,-0.190774,-0.843626,0.697565,0.706689,-0.146091,0.417549,1.34795,-0.093765,0.833938,1.18175,5.790773,-1.111338,-1.470607,7.522495
1217,48,0.377487,0.347226,0.817113,0.089834,-0.531861,0.600728,-0.266705,-0.585564,0.656466,-0.888321,-1.219375,1.96156,0.825644,-0.205186,0.335941,0.086284,-0.615088,-0.62149,-1.123216,0.511546,1.336855,1.486983,0.247146,1.526599,0.252483,1.179624,1.545204,-0.303943,0.294417,-0.066243,-0.505627,0.267462,1.261107,1.508411,-0.388466,0.115831,1.982438,-0.417794,0.018491,2.108506,-0.062429,0.907867,0.060294,-1.373795,0.706135,-1.59538,-1.354812,1.375166,0.797722,-0.002268,1.055753,1.330795,0.518569,-1.133693,-0.929205,1.175979,0.050665,1.306957,-0.813165,0.726405,-1.686708,0.766994,0.471238,1.220015,-1.803326,-1.154426,-0.610223,0.532014,1.699064,1.249329,-1.261129,-0.407343,1.471308,0.776112,-1.223546,0.697609,0.700201,0.937313,0.150767,0.496348,1.09066,0.444649,1.166808,0.954248,0.81916,-0.223093,0.815001,1.051628,-0.429369,-0.763041,0.571389,0.772393,-0.640712,0.49532,2.150605,-1.840319,0.515189,0.355372,0.185779,0.0454,0.541786,-0.008836,-0.364011,0.866506,2.038705,-0.028682,0.85664,1.287506,-0.959734,-0.258609,-0.652817,-0.111626,1.13039,-0.597517,1.393909,2.170248,-0.656679,0.304712,0.868683,-1.016393,-1.850741,0.122874,-0.792604,0.132727,-0.68321,-0.413217,-0.536407,0.178784,0.976324,0.203396,0.532685,-1.082115,1.666071,1.188547,1.69159,0.057058,-0.640234,0.580914,-1.013208,0.024708,-0.141784,-0.13185,-1.468435,0.877749,-1.293318,0.142018,-0.133987,-1.856768,0.719531,0.040971,1.812554,1.811103,-0.785896,-2.019395,0.017024,0.925148,-0.153196,1.796154,0.158155,-0.68554,-0.210614,0.215998,1.109358,-0.514139,0.082473
1268,9,0.714885,-0.507832,-0.359345,1.334735,0.808463,-0.159286,1.393638,-0.951524,0.28931,-1.136027,1.059268,0.647308,-0.243826,-0.292141,1.344185,0.180865,1.136345,-1.476371,7.324464,1.589091,1.173026,7.546206,0.249841,-0.128761,-0.760396,0.748097,-0.037158,0.68035,0.127158,0.174256,0.996613,0.245893,2.806322,1.435489,-0.180686,0.214891,1.424355,10.699937,-1.291171,3.153471,-1.627288,0.421927,-0.118775,0.318651,10.623162,-1.092574,-0.512804,0.343135,-0.427408,-0.423919,-1.213966,-1.855041,-0.028743,8.278609,1.774544,2.645729,1.091137,-0.104151,-1.518652,0.454731,-0.49331,3.975125,1.684653,-1.103943,7.955578,-0.473016,-0.140814,0.52182,1.279944,-1.039187,8.260707,6.511348,-0.297645,0.482674,-1.722344,-0.417289,0.148796,-0.327056,-0.648685,0.53197,0.132619,-0.439348,-0.531751,-0.128468,-0.60946,1.282016,0.713285,-1.017977,0.582441,-1.109636,0.594984,0.578716,2.929965,0.111456,0.495692,0.225284,1.411507,0.020745,1.063333,1.960991,-1.143716,3.890557,-1.27653,-0.46192,-0.003488,0.446605,-1.603941,4.539345,3.563736,1.149361,-0.954524,0.392406,1.485198,0.566404,0.433396,-1.187415,-0.939204,2.387574,8.888164,0.189133,0.481828,0.498684,1.63906,-0.239785,0.583938,-0.926029,1.483705,-0.308689,-1.167832,2.301651,-2.175789,-0.997531,-0.169698,-0.446225,-0.086471,-0.343169,-0.951403,1.006971,-1.367288,-0.839922,-0.622849,0.560344,0.181007,-0.5843,-0.492113,1.090903,1.439944,-0.034527,-0.761969,0.333741,1.724843,-0.549788,0.419605,-0.989465,-0.038557,0.833382,0.362272,-0.793983,-0.293911,-0.351576,0.561832,-1.086702,-0.102162,1.134109,1.224332
1027,2,0.951476,0.189881,0.138117,-0.035671,0.799042,-1.904824,0.308143,-0.991824,-1.291912,-0.054168,-0.446298,0.52427,1.04175,-2.384657,-0.131338,1.899348,0.808582,1.38739,0.042795,-1.494284,-1.18394,0.652729,0.8999,-0.790485,-0.327252,0.202591,-1.809101,-0.408941,1.559275,2.126698,-0.167133,1.77268,-0.58389,-0.86911,-2.297059,0.898141,-0.432845,2.281059,0.272926,0.129985,-1.864625,1.441798,-0.421068,-0.219191,-2.26449,0.868382,0.930929,-0.663573,0.035401,0.33517,0.905728,0.047426,1.66579,-0.299267,-0.663068,-0.523363,-2.594192,-0.863257,0.950753,0.208829,-0.874545,0.294192,-2.073985,-0.340005,0.469926,0.643107,-0.829397,0.858218,1.815146,-0.481219,0.68671,-1.611715,-2.016133,0.558797,-0.010533,0.146454,-0.636287,-0.346797,0.758107,1.665701,-0.269089,-1.703231,1.222486,0.550751,0.630251,0.130431,2.272222,0.02409,0.462957,-1.905266,-0.630625,-0.738422,-0.081163,0.297038,-0.801045,1.680522,-1.117072,-0.501934,0.1872,-1.302791,0.519701,0.581955,-0.343827,1.858884,0.030597,0.230053,-1.011989,-1.726605,-0.682649,-0.372928,-0.506896,0.718013,-2.43908,-1.185844,-1.878606,1.291362,-0.616551,-0.566288,-1.153541,0.849008,-0.463006,0.171225,-2.086742,1.121348,0.344496,0.501821,1.187061,-0.243604,-0.217416,0.668635,0.377246,-0.29493,-0.005578,-0.554472,0.666313,0.885625,-0.04402,1.83233,-1.589453,-0.282568,1.665155,-0.470922,-1.651548,1.349484,0.498208,-1.244852,0.728238,-1.07302,-1.391204,-0.200467,-0.529801,-1.148078,-0.414244,-1.054546,0.012385,-0.070784,0.699199,-0.503379,-1.382429,-1.37008,-0.29392,1.492446,0.803286,-0.690175,0.8971
1136,31,-0.424037,0.289547,0.553234,-0.262526,-0.832463,-0.182452,-1.014222,1.758845,-1.541742,0.614299,0.126207,0.023803,-1.029706,-0.475861,-0.324486,-0.525699,-0.231083,0.120608,-0.433716,0.448473,0.736743,-0.528514,0.739813,0.06414,-0.552322,0.472977,1.115102,-0.314155,-1.816574,0.77749,0.996615,-1.106317,-0.132217,0.460999,-2.361781,0.775927,0.718541,0.8067,1.484635,-1.053516,0.938506,2.26074,-2.257242,-0.3804,0.690598,-0.730301,-1.838336,0.299518,0.15459,-0.740217,0.226788,0.896749,0.985013,0.401159,-1.255988,-0.329062,-2.298993,-1.087285,0.139081,0.521838,-0.051379,-0.040856,-1.985834,-1.312284,-1.182307,-0.624866,-0.630022,2.148632,0.972475,-1.061446,-0.705681,-0.586154,-0.625319,-0.562456,-2.084633,1.128925,0.637683,0.598185,0.062097,0.4206,-0.405302,-2.023332,0.077752,-0.019484,-1.366573,-2.294523,1.092223,-1.071308,-0.254882,-0.747211,1.637344,-1.544369,1.005406,-2.588289,0.872198,-0.549244,-2.312247,0.004521,-0.127501,-1.673178,0.301041,-0.085595,0.425889,-1.461002,-0.811065,-1.028697,0.064637,-0.589397,-1.065189,1.327005,-0.591682,1.041901,0.780274,-0.780203,-1.904882,0.144994,0.624084,1.121346,0.335262,0.38077,-0.691107,-0.783694,3.177301,1.093296,-1.391861,0.250726,0.407564,-1.853274,-0.341369,0.516033,1.620809,1.579654,-0.405774,-0.370371,-0.515613,0.180536,0.817021,-1.094415,-0.225189,-0.638648,-0.825427,-0.562798,1.798317,1.712005,1.434543,-1.71882,0.265905,2.375874,0.376922,-0.76021,0.558894,-0.302842,-0.447784,0.216198,0.43901,-0.215217,-0.061323,-1.074077,-0.087008,0.678931,0.05273,-0.217518,-1.498197,1.097775,-1.21428
1172,32,-0.256229,-0.815336,-0.100853,-0.191144,-0.661359,-0.360594,1.162745,0.71784,0.219182,1.11326,0.065055,1.076993,-0.066778,1.359802,0.476963,-0.352579,-1.210968,0.080475,0.088986,-1.114263,-0.260364,-0.633958,0.216066,-1.302,-0.06744,1.817742,0.89712,-0.073832,1.445374,-0.417049,0.763805,0.249359,-0.468115,0.437227,2.264416,-0.885105,-0.9104,1.613812,-0.676941,-0.157718,-0.492351,-0.775446,0.426889,-1.029864,-1.058159,-0.290631,0.48735,1.357935,-0.074278,0.854652,1.296325,0.413716,0.780744,-0.243534,-1.616603,0.720976,-1.154364,0.506811,-0.85155,-1.196533,-0.162741,-1.288501,0.031376,-0.234045,-0.261281,1.445491,0.752011,-0.280998,0.754896,0.346063,-0.36835,-1.361137,-0.75566,1.871932,0.004788,0.506497,1.632184,-0.755183,1.019219,-2.545451,-1.055203,-2.181827,-0.058391,-0.029407,-0.76881,-0.683487,2.832286,0.354886,0.474781,-0.921552,-0.82026,0.149566,-0.36155,-0.215178,-0.333263,-1.751455,0.319331,0.169844,0.499915,0.644163,1.745703,-0.435058,0.157996,1.29607,-0.40764,1.090062,-0.523341,-0.483894,-1.106486,-0.17672,2.001074,1.766816,0.051351,0.47096,1.096856,-1.086023,-0.445593,-0.222783,-1.885848,-0.816126,-0.65509,-0.368582,-0.257036,-2.289702,0.384857,-0.545354,0.405563,0.529184,-0.233319,1.700493,-1.742962,-0.110523,0.009505,1.346714,-0.165174,0.468384,0.116507,1.952533,-0.39732,-0.950807,-0.557855,0.345686,1.340575,-2.399701,-1.342635,1.330993,-0.486981,-0.796737,-0.52438,-0.945932,-1.127428,0.015449,-0.829704,1.630366,-2.54234,0.462303,-0.767991,1.594056,-1.048645,0.427074,1.546971,0.486177,-0.695439,-0.251078,0.125776
1242,34,-0.108066,0.028441,0.680508,-0.377272,0.062768,-0.300619,0.155944,1.280232,-0.305143,-1.516578,1.014228,0.564213,0.582884,-2.175287,-0.980014,0.449726,-0.067472,-0.180832,1.147249,-0.986193,-0.416162,0.335654,-0.763199,-0.638477,-0.127574,-0.592374,-0.158066,1.147222,-1.174773,-0.547479,-0.5601,-0.241568,0.521581,1.702642,1.428722,2.676387,-1.472317,-0.612245,2.572954,0.29729,0.404426,-0.042081,-0.292817,1.567528,0.263542,-0.440044,0.242153,0.141221,0.755093,0.704637,0.48786,0.010667,0.46682,0.069462,-0.931008,0.255383,-1.304027,0.198363,-0.602661,1.761208,0.73489,-0.166035,-0.202729,1.092895,-0.752894,1.648168,1.567281,0.849953,-0.218672,0.861423,-0.078872,-1.595573,-0.738823,1.324541,0.019453,-0.325652,1.524514,0.729396,0.914668,0.550673,-1.088208,0.100975,-1.348695,1.238631,-0.665542,2.328606,-1.148677,-0.981087,1.131625,-1.745719,-0.061279,0.294974,2.742395,0.427904,0.501005,0.007054,-0.094086,-0.650587,0.531787,-0.288888,-0.191322,-1.685482,0.697334,0.122992,-0.190249,0.189722,1.44485,-2.547808,0.970029,-0.353931,-0.336997,0.589439,0.857374,-1.270977,1.316307,-0.613158,1.534201,-0.063593,3.08098,-1.14908,0.305366,1.606748,-0.632415,0.467794,-2.206785,-1.688543,-1.379388,-0.300878,-1.515324,0.354902,-0.346593,-2.899279,0.592988,1.158742,0.748942,0.774058,-0.465952,-0.39479,0.069812,0.180449,0.815449,1.933501,1.219891,-0.278074,-2.533926,-1.725368,0.24281,-1.223687,1.897274,-0.464571,-0.31657,0.358797,-0.678113,-0.235968,1.2893,1.168692,1.838211,1.527893,1.356987,-1.76224,-0.113309,-0.778995,-0.125438,0.343813,0.590964
1326,28,-0.297893,-1.344002,-0.214336,-0.869674,-0.247574,-1.070594,1.076992,-0.063806,-0.572278,-0.37659,-1.210983,1.237282,-1.719578,0.94771,-0.105796,-0.170451,2.259919,0.235016,1.48053,-1.455736,-1.350185,0.666454,1.732988,-0.562962,0.895057,0.465564,1.182827,1.127399,-0.594585,-0.722329,-1.91922,-0.759722,0.761921,-2.289902,1.509519,0.014691,-1.217987,0.786672,0.10416,-1.658507,-0.898266,1.13587,-0.267416,1.049186,-0.418887,0.727068,-0.197737,-1.335888,0.019919,0.496442,-0.698982,0.966266,-0.080587,-0.666161,0.522562,0.050846,0.35167,-1.598254,0.046541,-0.587285,-0.267337,-1.07468,1.134779,0.973885,-0.879965,0.030301,0.153559,0.499372,-0.626818,0.353837,2.655686,-0.17989,0.472283,-0.884582,-0.670272,-0.276248,-1.0049,-1.176273,1.626008,-0.815243,-0.081698,-0.922164,-0.387179,-2.355755,0.429542,-0.78412,0.954258,0.583346,-0.517332,-1.407594,0.379102,-0.43868,-0.824202,-0.248842,0.450567,-1.13457,0.612398,0.206401,0.229126,0.272449,-1.660882,-0.446986,0.306544,-0.582845,-0.631982,1.773453,-0.003295,1.014681,0.401193,0.806249,0.727469,-0.881243,-0.867614,-0.277624,-0.0769,-1.728839,-0.26954,-0.802998,0.506652,0.133754,-1.878752,2.038487,-2.308513,1.960049,-0.197263,3.292048,0.104063,0.839482,-0.006039,-0.877784,-2.031988,-0.964366,-0.651517,0.120494,0.77858,0.472167,0.086744,0.852412,0.360708,1.693259,2.310547,0.056479,0.184901,0.98625,0.349893,0.319038,-1.007775,-0.531284,0.477049,0.30493,-1.103493,-1.505411,-0.63771,-0.326808,-0.253674,-1.24341,-2.645861,-0.373608,-0.010383,2.208791,-0.340016,-0.206111,1.117695,0.785144,0.496868
1314,13,-0.395481,0.019699,-1.177519,-1.447049,-0.629475,-0.595974,0.425612,0.75604,0.936403,-1.347888,-0.111681,0.577803,-1.145842,0.147983,-1.083494,-0.26906,2.731153,0.384613,-1.529777,-0.522753,0.275906,0.517271,-0.689005,0.394625,0.727275,0.099229,-1.670711,-1.532851,-0.426619,0.454575,-0.335034,1.386291,2.046854,-0.685906,-0.342998,-0.953877,0.120439,-0.312202,0.626776,0.321944,-0.458448,1.004118,-0.00654,-0.793336,-1.977303,-0.766454,0.991817,-0.287412,1.052265,-1.132404,-0.627352,-1.612169,-0.14726,-1.987072,-0.721363,0.871651,1.498113,1.719988,-0.97192,0.534013,-0.240334,-0.210958,0.820696,-0.786054,-2.434318,1.274875,1.393042,-1.405336,0.069665,0.598857,1.274069,0.225305,-0.194622,0.444759,0.720304,0.244088,0.737749,1.107081,0.828358,2.117143,0.927962,-1.958213,0.182368,0.570647,0.184889,-0.167105,-0.401742,-0.643765,0.214224,-0.206206,-0.167341,-0.620688,-0.143041,0.070406,0.459715,-0.401098,-1.412753,0.240252,-0.241385,0.172467,-1.261105,-1.505068,-1.804316,-0.925092,-0.460838,-2.247285,-1.181959,-0.234484,-0.833211,-1.060864,1.602149,0.638161,-0.457133,0.114275,0.5791,-0.791601,-2.017234,1.237308,-0.199589,-0.452234,1.930227,0.567457,-0.487094,0.406135,-0.184616,-1.359911,2.810495,-1.147909,-0.544252,-0.026631,2.01262,1.693262,0.207316,0.385621,2.760368,1.999734,-0.473057,0.114613,-0.464206,-0.504731,0.271373,1.654503,-0.773365,-2.428889,-1.790368,-1.948595,-0.541413,0.016624,-2.088808,-2.567591,0.259168,0.134764,-0.990289,-0.287049,-0.358777,0.669459,0.973678,-2.607679,-1.135572,0.819541,0.456139,-0.721209,-0.299196,-0.417503,-0.865693
1202,8,0.305007,0.220516,0.478018,0.160305,0.366397,-0.567272,0.126016,-1.295381,1.065806,0.190239,0.469004,-1.381972,-0.96474,-0.620713,-2.022754,0.993073,0.593794,0.007039,1.043891,-1.818316,-1.048985,1.041671,0.70978,-0.134835,0.414392,0.096906,-0.475003,-0.545653,-0.987669,-0.067369,-0.235859,0.847149,-1.63968,-0.072702,-0.470771,-0.755434,-0.354664,1.461497,1.72917,-2.161529,0.950998,-1.649653,-1.159485,-0.987712,-1.367033,1.074558,1.558423,-1.808364,0.555871,0.355607,-0.513221,-0.45151,-0.28445,-0.399985,-1.025888,-0.237631,0.06011,0.077072,-1.170828,0.638865,-1.405395,-0.7505,-1.253772,-1.948089,0.066843,-0.886658,1.181744,-0.353395,0.789936,-0.943058,-0.694542,0.412294,-0.563067,-0.990064,-0.040797,1.071868,0.336259,0.444579,2.321862,0.693127,-0.548492,0.119084,-1.241115,-0.37399,1.410356,0.442912,-1.200476,-0.758477,-1.52727,2.20347,-0.501724,-1.261549,1.489183,0.035475,-1.048459,-0.959547,-1.186322,-0.25436,-0.237882,0.355076,-0.944662,-0.618423,0.335931,1.195836,1.941001,1.117317,-1.275192,-0.389056,0.60782,-0.953064,-1.346098,-1.670767,-0.113936,-0.76602,-0.464109,-1.304847,0.294203,-0.86237,-1.29551,-1.185002,-1.369103,0.448887,0.66034,-0.78124,-0.853875,1.984237,0.744343,1.376168,0.47786,0.060884,0.173922,1.506323,2.1337,0.355689,0.101276,0.953752,0.744367,-0.130359,-0.629007,-0.694316,1.561231,-0.3923,-0.31653,-0.357223,-1.216659,0.500786,-0.049545,0.435822,1.405381,-0.194951,0.099746,-0.692227,0.898953,0.440094,1.072171,1.600124,-1.308121,1.581488,-1.247949,-1.037999,-1.965898,1.54553,-0.512909,0.585006,-0.645793
1246,7,1.500224,-1.712935,0.551669,1.498968,0.685515,-0.340166,-1.896628,0.69384,-1.699221,0.929396,-1.17287,-0.142323,-1.641425,0.02184,1.408353,0.200469,-0.042114,-0.199873,-0.761022,0.890066,-1.611514,-0.962001,-0.173175,-1.498485,-1.789248,-0.236846,-1.743573,1.590791,0.835351,1.441321,1.393549,0.957267,-0.884058,0.67968,0.642379,0.267116,-0.669271,-2.546301,0.562296,-0.175826,0.807633,-1.49164,-1.038562,-1.389804,-0.09646,0.555435,-0.108946,1.524709,1.147065,0.624336,1.121232,-0.606291,0.244132,1.409095,-0.690371,0.940541,1.728325,0.933269,2.47537,-0.38419,0.020133,-0.808008,1.256023,0.290199,0.090779,1.45177,-0.690912,0.404486,1.1435,-1.771905,0.55877,0.841986,-1.398467,1.568655,0.44664,-0.438148,0.08016,-0.353657,0.833442,1.342835,0.294041,-0.507294,-0.42106,0.071325,0.105726,-0.559558,1.502366,-2.043462,0.527581,1.629256,-0.596184,1.94135,-0.341712,0.776711,0.463258,-0.935856,0.403215,0.207149,1.147697,0.540964,-0.206819,0.855188,2.256412,0.790529,-0.059152,0.253185,0.188009,-0.420523,-1.486425,-0.653966,1.704491,1.311354,0.573775,0.531964,1.845283,1.456765,-0.092407,0.16852,0.784326,-0.517644,0.5097,0.519161,0.387322,0.411247,0.48236,0.309761,0.233689,0.203029,-0.118491,0.374244,-0.332266,0.055485,-0.098836,0.350382,0.196086,-0.751669,1.312696,-1.305512,-0.141932,0.261665,-0.043009,0.892039,0.450316,1.493141,-1.572762,0.415801,0.817432,0.273364,-1.648275,0.982676,0.766015,-1.202227,0.641292,-1.672973,0.672109,0.099368,-0.05201,-0.012829,-0.583943,-0.544367,0.664075,-1.763744,0.634231,0.173582,1.362266
1185,9,-0.163328,-0.998323,-2.824867,2.178867,0.141369,-0.085058,-0.874569,-0.275658,0.357952,1.244955,0.27826,0.119438,-1.147008,-0.669338,-0.014913,-1.975291,-0.562225,0.006881,1.635071,-1.823961,-1.441177,0.793402,-2.570921,2.287632,0.188918,0.912089,0.587471,-1.775064,0.590875,-1.022685,-0.251099,-0.021001,0.197636,0.791382,0.014162,1.144475,0.294355,-0.598323,0.439015,-0.473988,0.814089,-0.416504,-0.378048,0.9878,-1.908766,0.453632,-0.543828,0.698442,0.620605,-1.00468,0.453987,1.644988,-0.428855,0.764381,2.470158,-1.999006,-0.253483,1.891398,-0.188579,-0.169176,-1.100511,-2.860979,0.755665,0.639431,1.301819,0.568587,-1.0735,-2.013356,0.23004,1.478565,0.394389,0.52673,1.776908,-0.551269,-0.211719,0.952296,-0.467314,-0.796252,-0.469044,0.653953,-0.82637,-0.389826,0.271608,-0.930772,-0.608827,0.171283,0.214966,-0.83913,-0.614274,0.907414,-0.519958,-0.066415,-0.176864,-0.719949,0.68991,-0.333847,-1.831574,1.640587,-0.298345,0.102407,0.272115,-0.490863,-1.170983,-1.015125,-0.666111,0.645844,-0.385414,0.435706,-2.456776,-1.082789,0.051444,-1.213856,0.695462,-0.280336,-0.365197,-1.097008,-0.254472,-1.589281,0.874645,0.250538,-0.383628,-1.181343,0.376447,-0.936827,0.980284,0.627855,-0.80044,-0.281594,1.745079,0.574287,0.934251,-0.606,0.717513,-1.393629,0.598646,0.911783,-0.296377,0.387135,-0.44865,-0.348943,0.184223,0.38125,0.092233,0.412558,-1.099559,-1.558072,0.388808,-2.514679,-1.751319,-1.439304,0.69279,0.600885,3.057117,-0.372969,-0.412004,-0.195828,-1.476709,0.947708,-0.998028,-0.878684,0.121953,-0.592791,0.437568,0.679271,0.72287
1213,24,1.591799,0.230037,1.007724,-0.612631,0.37889,-2.443431,-0.171443,-0.88555,-1.748465,0.58997,-0.031785,0.397896,-1.459813,0.220027,2.077143,0.589162,-1.314377,0.637649,0.119745,-0.706591,-0.867007,0.131733,-2.156997,0.985722,0.672856,0.476915,0.686872,1.19782,-1.455887,0.137709,0.526402,0.664976,-0.451667,-0.114109,0.660885,0.566153,1.742194,-1.779415,0.014446,-0.291459,0.243769,0.029229,-0.674081,0.219651,-1.31992,-1.08663,-1.071599,0.161914,0.72156,1.157048,-1.363889,-0.304717,1.078313,-0.024518,1.322516,1.428088,-0.536906,-0.491757,0.052506,-0.754882,-0.065713,-0.309938,1.761555,-0.024738,-0.629526,-0.028802,0.198203,-2.143665,-1.143908,-1.445927,-0.238114,0.4303,-0.92651,-1.64539,0.623697,-0.505642,-0.124683,0.463639,0.880293,-0.557619,-1.040239,-1.236962,-0.982924,0.079047,2.608526,0.408367,-0.638664,-0.222741,-0.419853,-1.480477,-0.075875,0.301411,0.105516,-0.826226,-0.072186,-0.737187,-0.385672,-1.837603,0.674208,-0.351634,-2.659095,-0.284626,0.600376,2.894149,-0.927867,1.505655,-1.000313,0.948874,0.680907,-0.240073,-1.144715,-1.059132,1.029999,1.45134,-0.282357,-0.243912,-0.691487,0.056271,-0.525918,1.02275,0.836229,0.433855,-0.998725,-1.4629,-0.562698,1.305759,0.718216,-0.17117,0.873795,0.551048,-0.909798,1.469329,1.071539,-1.19432,-0.340857,0.804145,1.617473,1.284925,-0.97713,-0.52718,1.2217,-0.720244,0.261737,-0.345136,0.558943,-1.367961,-1.316911,-0.990286,1.951754,1.935187,1.782163,-0.609545,-0.955153,0.378044,-0.338589,-1.155228,0.50402,-1.062075,1.114271,0.228979,-0.375895,-1.353148,-0.074448,-0.036805,0.603604
1275,5,1.078412,0.035057,-0.13428,2.12797,-1.721731,1.025478,2.040353,1.360424,8.362463,1.122356,0.175398,0.572273,-0.426951,-0.299093,1.246076,-0.677228,-1.082399,5.999673,-1.26129,0.546764,1.581491,1.84686,-1.96747,4.86808,0.711754,0.592478,-0.032135,1.230221,0.972188,-0.238542,-1.800093,-0.154519,0.778885,0.634839,0.939181,0.614986,-2.015657,-1.151983,1.652842,11.480909,1.128177,1.17938,-0.116952,1.095509,-0.684317,0.722362,0.06114,-1.270616,-1.718379,-1.10922,0.541132,0.243088,-0.101893,-0.049604,4.859593,1.764046,-0.293509,-0.919919,-0.139668,2.879139,7.090731,0.349417,5.298751,0.950396,-1.137302,-0.763465,6.674883,-1.036493,0.147385,-1.08698,4.213735,3.545679,1.096744,1.066112,1.171496,0.623366,0.529564,-0.253588,-0.187859,0.132699,1.0232,-1.901447,1.092815,1.048318,0.044488,1.835041,0.775735,0.295345,0.241622,0.887533,-0.811554,1.56343,-1.884287,6.285856,0.098543,-0.607963,-1.700396,6.396826,-2.5487,0.880251,5.784836,0.347225,0.599371,-1.300305,-0.641567,-2.462708,-2.088094,0.252317,2.119194,0.317077,-0.612456,0.87815,0.561781,7.491364,1.45967,0.814647,0.24579,-1.552501,-0.428965,-0.359669,-0.40736,0.510407,0.192627,-0.612584,0.813435,0.19186,-0.660714,0.434941,6.006446,0.650992,1.451468,3.479869,0.239194,-0.220555,0.446144,1.37882,2.064484,0.074364,-0.664354,2.027744,1.004501,0.438337,1.262473,1.691893,0.917088,0.610086,0.238803,-0.935851,0.592414,2.592284,4.903059,1.643954,0.46765,0.792152,-0.29622,2.440562,0.244237,-0.412127,-0.423097,7.226749,1.325381,-1.728719,-1.279905,-0.456211,-2.46286
1074,38,0.546722,-1.100574,-0.405446,-0.936421,-0.728048,0.189951,-0.175579,0.191279,1.309464,-0.117987,-1.900874,-0.29515,0.080923,1.039474,1.054987,0.969759,-0.23328,0.65827,-1.474143,1.319385,0.446756,0.517789,-0.388063,0.056178,-0.683889,0.577782,-1.357395,0.99146,0.55473,2.067663,-0.040117,-0.095612,0.196898,0.036946,-0.110174,-1.126998,-1.129863,-0.579245,-0.297378,-1.212502,-1.186316,-0.290439,0.756712,-0.195427,0.692138,0.992492,0.78417,-0.430643,-0.413572,-1.904592,-0.698143,0.477748,-1.110967,1.382217,1.46401,-0.376998,0.941645,-1.447711,-1.071151,-0.380419,0.008782,-0.18997,-0.880706,2.007615,0.297244,0.292437,0.695451,0.179163,-0.236173,-0.568461,-1.672089,1.525838,-0.940508,-1.698375,-0.824901,-1.635904,2.035975,0.37281,1.438376,1.484805,0.580496,0.584776,-0.737829,-0.085991,-0.616757,0.043554,-0.714036,1.293132,0.780293,-0.108634,-1.705854,0.698966,0.902641,-0.069704,-1.286997,0.441488,1.072121,-1.956513,0.577956,-1.85269,0.08053,1.782162,0.093611,0.489905,-0.328047,-0.006861,2.397258,1.360558,-0.320515,-0.388537,0.018541,2.237683,0.212995,1.134553,-0.371242,-1.297554,1.349916,-0.077818,-0.799205,-0.706028,-0.684077,-0.618473,-1.569434,1.223984,0.389501,0.993474,-0.350554,0.353356,0.170174,1.196244,0.829881,0.365144,-0.661138,-1.223134,-0.81422,-0.645176,-0.548431,-1.258494,1.689865,0.274521,-2.051601,-1.111075,-1.363414,0.242653,1.084727,-1.003073,0.629471,-0.28093,1.168404,1.388046,0.316133,0.729811,-0.003085,-0.379542,-1.181395,0.332139,-0.071312,-0.389843,-0.077463,-0.188221,-1.053689,-0.535889,1.15912,-0.236484,1.416258
1116,15,0.984133,-0.523296,0.844408,1.606589,-1.01252,-0.886393,0.624255,3.082514,0.482483,-0.0481,1.280647,-0.134068,-1.630477,-0.970706,1.320796,-1.695386,-1.437766,0.794224,0.126429,1.182118,-1.075751,-0.752664,-0.367113,-1.252115,-0.253827,-0.191875,0.840448,-0.10812,-0.419947,0.471128,1.081075,1.013947,0.254638,-0.399849,-0.492161,-1.323293,0.046346,-0.045676,1.619217,0.19554,0.722205,1.281743,-1.882979,-0.664534,-0.256276,0.098234,-1.151459,0.833833,0.880337,0.479345,0.657074,-1.115139,1.11071,-0.630307,-1.90095,0.102255,0.40019,-0.702382,-1.672295,-1.167609,-0.17265,-2.55071,1.001995,0.975705,-0.200778,1.033455,-0.185595,-1.153488,0.60869,0.537133,-0.946213,-1.427884,-1.00196,1.142959,-0.325229,2.780105,-0.677661,0.580968,0.298666,-0.245173,0.81117,-0.876895,-0.077613,-1.192865,-2.199801,0.046688,-1.164506,-1.321146,0.558072,-0.184763,0.362892,1.703587,0.157661,0.430321,-1.210429,0.813975,0.829446,-1.068506,0.633735,0.298045,-0.23417,0.064745,2.397437,-0.665099,-0.352902,0.081814,-0.199755,-1.841374,0.627476,0.900738,1.709334,-0.582162,-1.278199,0.63564,-1.04485,-0.021651,-0.422443,0.170908,-0.464951,0.679941,-0.937505,2.362414,0.761294,-0.643313,-0.982232,-0.204932,-0.486797,-0.843304,1.377658,0.954098,-1.099611,0.54264,-0.002026,0.753868,-0.676563,2.114035,0.062232,1.979615,-0.487472,1.33411,-0.121809,1.652385,-0.194911,-1.079186,-1.087585,-0.647775,0.59207,0.362899,0.106962,1.05007,1.62667,-1.015441,0.994335,2.30325,-0.627924,-0.575779,0.395199,0.220535,-0.546296,-0.079226,1.600943,0.907195,-0.815268,-1.715396,-1.113494
1280,42,-0.027563,-0.920468,-0.583304,-0.085999,0.899671,-1.27037,2.565289,0.50853,7.527433,0.431562,-0.285243,0.030792,1.4543,-1.306776,0.467079,1.080681,1.399603,-0.075164,0.471171,-1.677895,-0.422301,0.228129,0.164609,-0.181058,0.718006,0.99273,0.334009,2.466572,7.954768,0.487898,0.774787,0.251951,-1.139338,-0.40187,0.317887,-1.264978,-0.173029,-0.361202,0.949624,1.178628,-0.900016,1.527993,1.688511,-0.371235,-0.081452,-0.482174,-0.642871,-1.398257,-2.599315,0.232608,1.717614,-1.096514,0.676086,-0.57428,0.219849,-0.136236,0.568382,0.611188,7.352326,6.678186,1.414899,-0.967235,-0.467904,10.550975,-0.823158,1.113678,0.244034,1.27414,0.344268,0.028598,0.177292,-1.535955,0.593381,0.218538,1.134176,0.634532,-0.845581,0.123563,0.615359,0.179871,1.073187,0.202196,0.297679,-1.332048,0.875965,1.318285,-0.481452,-0.82014,-0.162095,1.989633,1.96008,0.287368,-0.843224,-0.554418,-1.099712,3.13432,5.585706,0.396198,-0.339991,0.535361,0.609037,1.885856,-0.625049,1.82155,1.31258,4.372558,0.761675,-0.305355,1.362656,0.598235,-0.249699,1.345948,0.454855,-0.650753,5.761442,11.423084,0.446328,-0.34803,-0.009053,0.90641,1.639964,4.600362,0.783484,0.975056,1.260252,1.688644,-0.813467,0.191257,0.470032,8.0463,9.977728,1.022207,-0.624192,-0.941235,0.189652,0.745425,-1.273459,2.823152,0.439711,7.693915,1.145561,-0.817986,0.509264,-0.016578,9.88747,-1.505733,8.521319,-1.406798,0.624954,6.621217,-1.083634,-0.666603,0.352804,1.017543,0.461478,-1.085892,-0.336529,1.731126,-0.08186,-2.010357,-0.679199,-1.293702,-1.204771,1.238595,-0.49731
1062,10,0.765027,-0.667183,0.083681,-0.029685,0.541699,-0.183699,-0.144857,-0.880618,0.368535,-0.951389,1.776775,-0.020717,-0.229509,0.807783,-0.087108,0.090547,-0.053848,-0.743393,-0.944753,-0.716705,1.159823,-0.643123,-0.415844,-0.460291,0.714836,2.029613,-0.947247,0.561894,0.122259,-0.310381,0.517489,-1.301684,0.852652,0.225967,-1.021401,1.632157,0.871279,1.190223,-1.489641,-0.277945,-0.535151,0.641201,1.386784,-1.950547,0.020732,-0.128972,1.022653,-0.041606,-1.30169,-0.198964,-1.06024,-0.795774,0.043117,-0.491942,0.285481,-1.552315,2.373905,1.289893,0.733873,-1.322763,-2.207169,-0.882998,-0.237651,2.281779,1.335849,-0.53729,1.235351,1.251358,0.015884,1.244189,0.3374,-0.66982,-1.201424,-0.125746,1.020161,-1.385833,-1.647392,0.562167,-2.778236,1.863496,-0.449899,0.749017,1.901268,-1.483587,-1.074223,2.292565,-0.291048,-0.130701,0.232237,1.080462,1.355271,0.112312,-0.342753,-0.037296,0.310026,1.339055,0.138578,1.861116,-0.877479,0.543888,1.795469,1.316777,0.339924,-0.902649,-0.728262,-0.16008,0.31756,-0.254803,-1.488661,-0.754625,0.529316,0.853893,-1.430827,-0.372333,-1.711395,-0.57652,3.622238,0.065016,-0.353124,-0.601927,-1.237206,-1.90041,-0.043112,-0.282538,1.510678,-1.673082,0.445354,1.371587,-2.001392,0.672647,-1.64683,0.534057,1.508954,-0.003888,0.293554,-0.709235,0.295816,1.15773,-0.186927,-0.142496,0.399161,0.841693,-1.673152,0.061427,-0.700171,0.508022,1.060065,0.319381,1.321426,-1.012918,-0.417492,-1.011614,0.061086,0.098712,-0.202116,-1.239246,-0.077789,-0.446696,0.61903,-0.275239,1.190498,0.237396,-1.899389,-0.176356,-1.461705
1104,9,-0.766637,1.740644,0.377695,1.209403,-0.980233,0.625263,0.049571,-0.249683,-0.806321,-0.699763,-1.144247,-0.665459,-0.060614,0.515758,-1.516193,-1.019294,-0.618325,-1.590947,-0.311169,-0.288545,-0.218839,0.353466,0.857301,0.722966,0.2275,0.523931,-0.79299,-0.932231,0.576722,0.499095,2.047895,-0.251758,-0.976053,0.239566,-0.464426,-0.884395,1.259903,1.794621,0.316065,-0.658628,0.206041,-0.088197,-1.358485,0.757456,0.291969,1.15838,-0.563999,-0.051171,-0.145502,-1.675533,2.355409,-2.025362,-1.124521,-0.372264,-1.522832,0.368096,-0.474901,0.039186,0.191816,0.041282,0.064218,-0.172284,0.379332,0.744596,-0.270984,-0.452492,-0.407863,0.268968,-0.37591,-0.388644,-1.462748,1.820631,-1.199931,1.585338,0.742727,0.961522,0.231408,0.454143,0.262192,0.551473,0.789325,1.445395,-0.962632,0.457273,1.538314,1.328258,-0.991539,0.292354,0.261515,0.232301,-2.168604,0.827219,-1.549262,2.101964,0.630917,-0.093672,0.611193,0.140234,-0.509739,-0.085099,0.339634,-0.769292,0.6943,1.082937,1.042736,1.145513,1.262753,0.690765,1.274706,0.071953,0.407759,1.38376,1.886901,-0.324825,-1.387684,2.08864,1.134592,1.782347,0.891651,0.250862,-0.597372,-0.911839,1.424707,0.972415,0.327573,-1.059801,-0.487758,-0.581914,-0.273228,-2.777324,0.239215,1.536151,-0.508959,0.04595,0.28781,-0.9497,0.43829,-0.769661,-0.406694,0.266079,-0.033463,0.113919,-0.874316,0.728609,-1.034658,0.843316,-0.447872,-1.133979,-0.064994,-1.008118,-0.495568,-0.125858,0.78326,0.796674,0.487774,-0.25486,-1.463806,-0.197167,-0.29172,-0.105395,-0.492994,-0.489574,0.805686,-1.279733,0.030019
1243,20,1.159398,0.782152,1.397646,-1.296024,-0.99922,0.209301,0.680415,-1.58303,-1.999566,0.896627,-0.309139,0.646215,0.865516,0.446529,-0.819378,0.886951,-0.380889,0.829017,-1.477366,0.464344,-0.051754,-0.359224,0.654754,0.342076,0.107907,0.348159,-0.87193,0.319954,-1.073253,-1.148188,0.065958,0.269344,-0.828213,-1.063477,-1.177772,-0.53361,-0.691411,1.6373,-1.301799,-0.248818,1.028847,0.216661,-0.019889,1.441481,1.175242,1.206015,-0.459135,0.73141,0.671363,-0.640138,0.899119,0.263417,-0.518261,0.172605,0.30523,0.093594,-0.127786,-1.830814,-0.248921,-0.077958,-1.980292,0.601636,-0.135033,0.650146,0.301899,-0.30626,-1.895844,-0.393305,-1.296078,-0.816703,-0.619934,-0.541117,0.427013,0.533115,0.075135,-1.095517,-0.614125,0.407287,1.717982,-0.702112,-0.727335,-0.705503,-0.179468,0.630298,-0.749563,-0.582259,-0.560939,1.523089,-0.043241,1.0912,1.083634,-0.081356,0.292158,-0.262044,-0.314936,-1.36935,-0.813079,-0.611801,0.669793,-0.462028,-0.999537,0.320981,-0.650237,-0.424575,-0.975429,0.768978,-0.458731,0.246724,-1.112461,-0.589016,-3.139986,0.553956,2.10188,-1.961763,1.641828,1.236784,0.901268,-0.315217,-0.454587,1.258735,-0.481034,-1.295523,-0.688931,0.220502,-0.160598,-0.230999,0.045555,1.956749,0.379457,0.441903,-1.026618,-0.492655,1.046369,0.481582,0.576308,-0.23714,-1.452869,-0.278344,-0.381385,1.730725,-1.069263,-0.644643,1.851023,-0.274996,-0.559774,0.848343,-0.670447,-0.069499,-0.315745,0.619456,-0.329408,0.236685,-1.096393,-0.454605,0.048855,-0.71361,0.580313,-0.080609,-2.151709,1.751741,-0.430668,0.844191,0.595357,0.050514,0.453885
1195,16,-0.485482,-0.33645,1.368174,1.303373,0.303045,0.043538,0.284506,-0.203795,1.07077,-1.63969,0.779206,0.321651,-0.309852,-1.591563,0.285397,-1.135171,-1.232275,-0.17448,-0.257921,-0.067588,-0.793928,-0.109947,1.664539,-0.05448,-0.973558,-0.868879,-0.675512,1.423216,0.464203,1.406442,0.367151,1.63779,-1.838632,-1.630664,0.166742,0.467243,-1.198923,-0.430103,-0.520315,0.619336,-0.89472,-1.127363,-0.640214,-0.892542,0.064149,-0.122493,0.775301,-0.629389,-0.442003,-0.914775,2.058555,-0.831079,0.570969,0.500843,-1.056327,0.741211,0.392708,-0.79361,-1.577122,-0.43894,-0.558668,-1.067776,-0.941425,0.414157,-0.834207,-1.131241,0.074062,1.297592,-1.105137,-1.221919,1.297586,-2.137836,-0.367637,1.241607,-0.177098,-0.667853,-0.027388,0.616569,-0.772637,-0.088229,-0.555818,0.395378,0.231588,-0.729274,-0.149643,0.139217,1.196866,-0.077099,-0.849505,0.054485,1.989263,1.265147,1.360921,-1.39469,1.949224,0.48328,0.293104,0.062311,0.52124,-2.001673,0.980303,-1.396656,1.678833,0.287524,-0.67913,-1.023294,-0.272688,1.514413,-0.033834,0.090441,-0.835305,1.539683,-0.302238,-0.689474,0.327606,-0.641847,-0.262571,-1.701527,-1.652316,0.505085,-0.844343,0.48705,0.402776,0.660101,0.623771,1.049773,-0.184016,-0.38178,1.031081,-1.168945,-0.968189,-1.307204,-0.833336,1.205182,1.323569,-0.483557,-1.490987,-0.800892,0.159717,1.536565,-0.248564,0.914209,0.765667,-1.476525,1.12753,1.28053,0.549132,-0.106603,1.197621,0.556341,0.164695,0.441882,1.458998,-0.974981,-0.211959,-0.48669,0.25295,0.151558,-0.382375,0.250253,-0.127164,1.273877,1.102598,-0.046452,0.091555
1011,44,0.176504,0.014155,-0.977688,0.568088,-2.041876,-0.432859,-0.403941,-0.273266,0.307224,-1.228022,0.588515,-0.180154,-0.650216,-1.366826,-1.183109,0.360325,-0.963849,0.064199,1.061983,1.032643,1.560397,-0.296293,-1.085149,1.020526,0.309604,1.123951,0.011056,1.195646,0.846387,0.716421,0.503523,0.397699,0.233036,0.225906,0.990195,-0.51198,1.735685,-0.106243,0.985382,-0.090241,-0.246666,2.032241,-0.309345,-1.277217,-0.714082,-0.317228,2.155192,0.206756,0.934713,-1.0016,0.352608,0.671478,1.801627,-0.69627,0.603489,0.302584,-1.021715,-0.019456,-0.263475,-2.325365,0.598669,0.540243,-0.438935,-1.338562,1.479881,0.265999,1.016701,1.410322,-0.520907,0.812155,-0.241149,-0.062549,-0.085616,-0.001319,1.11396,0.123828,-0.153733,-0.276537,0.341314,-0.894868,-0.502658,-0.052281,-0.565848,-0.118476,-0.610777,2.003958,1.329061,0.449952,-0.053619,2.190764,0.322953,-0.086846,0.303126,0.305943,1.410318,-0.018965,2.099325,-0.882021,0.69405,-1.001827,1.817101,-0.330565,-0.058189,0.924237,1.255341,-1.111877,-0.346159,-1.394923,0.137305,-0.101373,-0.348934,-0.684461,-0.385906,-0.746395,0.528962,1.51595,-1.930724,-0.115968,-0.418172,0.492369,-0.951767,-0.146436,-1.039592,0.696698,0.099275,-0.161475,0.370188,-0.246483,-1.553821,0.59573,0.28827,-0.15408,0.984925,1.218496,-1.092283,-0.781076,1.547285,1.418852,-0.738393,-1.18071,-0.637568,-0.498116,-1.584066,0.031167,-1.280179,-1.21039,0.916106,-0.683189,-0.071471,0.629096,0.813224,-0.33702,0.044117,-0.825406,1.74738,0.64995,-1.10324,0.004058,0.713552,0.479411,1.82917,1.372319,-0.539306,-0.089181,-1.281541
1169,17,1.18741,1.07606,1.140765,0.141823,0.163228,-1.134773,-0.165005,-0.53287,-0.803934,0.031191,0.103569,-0.684722,-1.672649,-0.23462,0.030409,0.338605,-0.865625,-1.289134,-1.825281,0.003748,-0.574905,0.604569,-1.413786,1.339341,-0.179404,-0.202762,0.155672,0.712474,0.809861,-1.838856,-0.561624,0.451895,0.58736,0.229324,-0.8788,0.428695,-0.174731,0.010307,1.230795,-0.096261,0.464724,1.467852,1.011241,-1.241846,-1.057829,-1.989063,1.066474,-0.164697,-0.532923,-0.077075,-1.162848,0.57249,-0.882481,0.909271,0.269765,-0.054485,0.56416,-0.237868,-0.02069,1.213482,1.685693,0.563419,1.409462,-1.560102,0.152698,-0.001455,-0.452394,0.55005,1.935371,0.536885,1.142501,1.403544,1.351586,0.106177,-0.570533,1.174757,0.906889,-0.410987,1.65035,-0.779358,-1.171776,-0.015477,-1.260863,-0.109151,-0.015327,-0.529502,0.112729,-1.204354,-2.201006,0.852082,0.959731,0.89051,-0.360739,0.493818,-0.286273,1.217904,-1.12125,0.330235,-0.413847,0.745027,0.116474,-1.711802,-0.271311,-0.921401,0.497095,0.893013,-1.138296,0.465998,-0.953239,-0.450223,0.202705,1.24428,0.507739,0.686363,-0.431697,-0.096323,0.658101,0.208323,0.205828,0.44166,1.682261,1.400321,1.453601,0.436507,-0.705692,-1.099977,0.200722,-0.919664,-1.856984,-0.241215,2.254538,0.073795,0.207294,-0.001394,0.220971,-1.245849,0.326536,0.849751,0.324084,0.358103,0.100751,0.781213,-1.050171,-1.880854,-0.414667,0.044765,0.6697,-0.666472,0.235731,0.024654,0.778664,-0.393219,0.681109,0.796525,-0.206591,-0.083832,-0.388093,-0.635697,-0.559574,-0.99847,0.768366,0.459467,-0.063622,0.164026,0.095559
1030,21,0.564602,-0.275617,0.895146,-0.227292,0.616206,-0.950345,0.102028,0.416092,-0.788454,-0.414327,-0.531044,0.73065,-0.716833,0.441734,1.528775,0.361135,-1.606893,0.131013,1.0466,-0.280063,1.115732,0.624883,0.428215,-0.253888,-0.504608,-0.248022,0.071456,0.53191,0.429739,-0.291335,0.075361,0.398122,-1.614051,-0.757032,-0.787432,-0.192036,-0.263322,-0.245303,-0.859811,0.686008,0.291425,-1.628852,0.027513,-1.111857,1.717019,-0.440665,-0.378604,0.099302,-0.184378,-0.042512,1.563402,0.242301,0.851418,1.143856,-0.95786,1.706153,0.70533,0.974408,-0.845964,0.8349,0.431112,-0.519307,2.30081,0.584878,-0.221175,0.212339,0.928718,1.148868,0.600409,1.236123,1.489165,-1.215618,-0.466409,-0.920162,0.116745,1.46284,0.67285,-1.025897,-0.273771,1.048474,-0.511496,-0.076705,0.324449,-1.8015,0.799591,0.362315,0.588526,-0.958659,-0.747993,-0.576833,0.270565,0.090347,0.147817,1.811717,1.325482,-0.699022,-0.633502,1.735727,-0.296971,1.398839,1.618622,-0.522349,-0.249487,0.102831,-0.843761,-0.957863,-0.381193,0.872698,-0.427893,-0.186322,-0.445241,-1.344837,1.504376,-2.322235,-0.634073,0.578726,-1.375843,0.624745,1.272327,-0.83975,0.228511,-1.090654,0.526717,0.108008,0.23511,1.385694,0.490661,1.365419,0.653582,-1.180221,0.280807,0.508884,-1.426231,1.352886,0.087392,0.387434,-0.877163,0.091913,0.319177,-0.306941,0.099943,-2.100314,1.381207,-1.095032,-2.163141,-0.941351,-0.815914,0.562594,-0.894985,0.302991,-0.940873,2.225589,0.56378,1.974587,-0.996284,0.681844,-0.938205,0.596321,0.695694,-1.577007,-1.119316,-1.14935,-1.486936,-0.714579,-0.944068
1110,46,1.614865,0.891398,-0.663348,-1.469895,-0.531221,-0.280037,-0.757727,0.907028,-0.807304,0.56506,0.766584,-1.755228,-0.438236,1.240577,0.828157,0.10638,-1.122935,-0.717855,0.071598,1.245227,0.476858,-0.102684,0.217593,0.761951,-1.768342,-1.005726,0.014615,1.192414,1.06257,-0.795867,0.00758,-0.757288,-0.407311,0.126937,-0.379049,-0.575395,-1.181668,-1.60155,-0.210328,0.17335,0.598365,-0.835514,-0.741094,1.242304,0.396412,0.864648,-0.586845,-0.733193,-1.169074,0.970108,-1.153593,-1.747592,-0.767027,1.244017,0.007878,0.213936,0.096731,-0.06526,-0.186992,-1.420176,1.640468,-0.172062,1.190187,-1.579279,0.520128,-1.197793,-1.309464,0.245557,1.008127,1.344444,1.307788,-0.291164,0.762873,-0.616731,-0.559322,0.222916,-0.137824,0.826734,-1.847596,1.113551,-0.599849,1.4537,1.121747,-1.167924,-0.068964,0.657313,-0.808897,-0.757764,-0.322253,0.724641,0.887017,-0.438642,0.80821,1.451103,0.899835,-0.746758,-0.854618,0.267906,0.802219,0.41137,-0.398893,-0.939514,1.248989,-0.163002,1.842535,-1.155026,-0.342901,-0.651256,1.82103,1.217999,-0.503903,-1.928967,1.135346,0.11914,-1.132124,-1.503947,0.388183,-0.214043,0.13403,0.38366,-0.377025,-0.279992,0.647326,-0.117813,-0.283864,0.627678,-1.973026,1.227339,0.43535,-0.766727,-0.181622,1.214365,0.543979,-1.772647,-1.013447,0.176721,1.768682,0.754679,-0.199862,0.571128,0.013059,-0.302926,0.376372,-2.124473,1.001583,0.531237,-0.438098,-0.850012,-1.198384,0.269263,0.146569,0.174674,1.697542,-2.184423,-0.715487,-0.767711,0.939816,-0.249475,-0.935241,0.206106,0.402904,1.598863,0.252519,-0.435981,-0.498217
1154,3,-0.254436,2.623462,-1.016365,0.647544,-0.443324,0.369585,-0.322803,-0.781939,1.41907,1.114878,-1.707213,-0.132878,-0.3415,-1.560314,0.175655,0.509876,0.059264,0.464884,1.754601,-0.434901,1.244244,2.16301,-2.848669,-0.210409,1.349578,0.348851,-0.587754,1.42338,0.890929,-1.567117,0.828076,-0.161331,0.217263,-1.141079,0.554259,0.180532,-0.909436,-0.312968,1.424039,1.533152,-1.451369,0.519194,-0.27338,-0.482666,0.267401,1.520507,0.56782,-0.921819,0.07832,0.467097,1.122371,-0.040922,0.161833,0.259772,0.670235,-1.826468,1.400093,0.34644,0.04029,-1.045297,0.289975,1.982004,-0.556809,-1.576507,0.463696,0.058452,-0.016667,-1.472923,0.446633,0.662307,-4.233863,0.189236,0.786566,-0.857553,-2.077208,0.121894,2.148928,0.388727,2.260796,0.367725,-0.185036,-0.737913,1.43295,-1.284694,-0.57422,-0.380919,0.325297,0.079646,-1.434834,-1.131223,1.731819,0.121101,0.035356,-0.310954,0.314884,-0.708883,1.138644,0.883069,0.025533,0.944803,-0.126321,-0.383061,1.015766,-0.056904,-0.769748,1.613642,-0.147304,0.484631,1.535051,-1.221603,-0.268832,0.998043,-0.256057,-0.40391,-0.1066,-0.260363,-0.270934,0.440636,0.129219,1.74729,0.363615,1.699994,0.177724,1.767263,-0.08721,1.255866,0.20715,1.647961,-0.728589,-0.41138,0.43633,-0.903087,1.499432,-0.127489,0.573738,1.065796,0.648064,-0.676636,-1.265097,-1.605121,-0.845099,-0.693948,-0.738454,0.499565,-1.296686,-1.557115,0.220563,1.814119,-0.870261,-0.072931,-0.008222,1.11888,0.897045,-0.397098,0.952069,0.109532,0.839091,1.834645,-2.122781,-1.36518,-1.298832,-1.189577,0.141651,0.157333,1.755681
1207,6,0.335777,2.634597,0.714441,1.104031,0.573684,1.569444,-0.541527,-0.63369,-0.418079,-1.350395,-0.964446,1.14109,-0.650859,-0.691084,1.270291,0.549412,-0.481177,-0.657019,-0.203624,0.092345,1.05472,0.385868,-0.875188,-0.164791,-1.327286,-0.537525,1.651291,-1.299467,-0.474672,0.833242,0.223153,-0.266883,-0.727713,-0.812615,0.708543,-0.103659,0.32991,0.660918,-1.426853,-1.702488,0.425647,0.949394,0.00636,0.789603,-1.501061,-0.315316,-0.512329,-0.521892,0.48199,-2.613449,-0.500866,1.006015,-0.358417,-1.114768,0.29712,-1.327692,0.826033,-0.752379,1.32709,0.322238,-1.216781,-0.157715,-0.145004,0.550983,-1.40098,0.838462,-0.95981,-1.830457,-0.235748,-0.790524,0.030886,1.502223,-0.1543,1.63158,1.989836,1.956349,0.211217,1.317438,1.307241,1.267314,-0.006763,1.303685,0.992744,0.294137,-0.879725,0.633749,0.44958,-1.379516,-1.12708,1.213735,-0.227269,0.789999,-0.299432,-1.281241,-0.676968,-2.279744,0.514414,-1.41882,2.106435,-0.823,0.177669,-1.030967,-1.488597,-0.067572,-0.717744,2.313658,-0.271283,-2.379691,-0.00042,-0.896094,-0.506168,-0.807666,-0.974371,-1.67811,0.209247,-0.007,-0.084826,-0.364695,1.58038,-0.72315,-0.512194,1.618131,0.296786,-0.563499,-0.831693,-0.497376,-0.309422,-0.111233,1.472948,-1.384959,0.106739,0.655822,0.675505,-0.255096,-0.759702,0.353993,0.654165,-0.124901,-0.406672,1.333091,-0.250308,-0.108465,1.369176,0.004808,0.007601,-0.235852,1.544048,-0.046007,1.415397,0.793116,0.06564,0.981062,-0.571229,1.947166,-0.74716,0.353712,0.949137,0.331776,1.236879,1.462617,-1.115104,-0.303878,0.54263,0.181941,-0.19882
1236,18,0.470508,-1.087674,-0.126275,-1.243596,-0.472062,-0.740492,2.904526,-0.809033,-0.597319,0.030786,1.905054,-1.111803,1.230302,0.898311,-0.941729,-0.465032,1.924164,-2.135365,-1.543422,-2.228208,-0.984606,-0.053029,-1.189571,0.306691,0.148803,0.590172,-0.272703,-0.235897,-0.756244,1.120265,0.068909,1.047437,-0.949402,0.029326,-0.128527,-1.175611,-0.57055,-1.837243,-0.991435,2.151172,0.015086,-1.492188,0.662645,1.110604,1.964352,0.569843,0.91105,0.139867,-0.915449,0.207533,-0.31617,-1.358169,1.78992,-0.274401,-1.031338,-0.443776,0.972763,-0.261246,-0.780577,1.322337,-0.84767,0.772805,0.022894,-0.627951,1.054712,0.726438,0.791626,0.005748,-0.193363,-3.410345,-0.367298,-0.329547,0.943048,2.46501,0.028145,2.546451,-0.11955,1.141498,1.218702,-1.868016,1.800835,-1.174158,-0.161458,-0.955056,-0.73261,-1.269065,-0.4299,1.506874,-1.253563,1.070692,0.450502,0.769896,0.480529,0.876093,0.759298,-1.100624,-1.573193,1.038095,0.51387,1.686743,0.052716,-0.216746,-0.980824,-2.021975,0.295901,1.554463,-0.184797,0.819487,0.837122,-1.687686,0.280905,-1.183822,0.176334,0.590101,-0.304237,-0.084087,1.12266,2.116552,-1.045084,-0.417592,-0.796381,-1.129791,0.495094,-0.659543,1.157356,1.188436,-0.142869,-1.12189,0.053111,-0.062118,-0.712483,1.282646,-0.188475,-1.149756,0.601826,-1.56713,1.106376,-0.260645,1.455199,0.062086,-1.589556,-0.716297,0.268542,-0.57989,-0.266281,0.497426,-1.586356,-0.565225,-1.195927,-0.036627,0.63439,-0.211632,-1.12356,-0.61496,-0.609336,0.318416,0.461773,0.268675,0.618839,-1.040733,-1.235617,-1.63767,0.746851,0.104174,-1.075869
1041,49,-0.69857,-0.446816,0.548379,1.818685,-1.083607,-0.035958,-0.41619,-0.781224,0.360815,0.512807,-1.440356,-1.061595,1.150772,0.280493,0.483199,-0.531402,-0.411368,0.420611,-0.52711,-1.134419,-0.034018,0.862928,-1.055662,1.013366,0.661223,-0.88943,-0.026945,-0.075655,0.593583,0.626007,-1.324582,-1.369403,0.985424,0.077903,0.379084,0.296577,1.482627,-1.229127,1.044691,-0.844603,0.686315,1.293297,-1.402799,0.36474,-0.308506,-0.321555,0.008135,-1.074695,-0.987439,0.616511,0.802012,-0.595646,-1.473547,2.256494,1.053057,0.32154,-1.052439,-0.609906,0.205706,-0.983139,1.549747,0.101042,0.35402,-1.050605,-0.930392,-0.812663,0.238742,-0.296126,-0.319266,0.277005,0.188183,1.429454,-0.228221,-1.032969,-0.045594,1.408759,-0.579689,0.014126,-0.386334,0.365022,0.219203,-0.832355,-0.258457,0.893255,1.044542,0.874646,0.815551,-0.361187,-0.391496,0.880927,-1.186592,-0.090194,-1.859497,-0.406316,-0.727503,-1.217994,0.536569,-0.756116,-0.394144,-0.286251,-0.756524,1.364857,-0.518288,0.160666,-1.316219,-0.49773,-0.350541,-0.3342,-0.606619,0.108238,1.498681,-0.162706,-0.169144,-0.415753,2.458659,1.552335,0.514864,0.659621,-0.729294,-0.182043,0.174843,0.085504,-0.87253,-0.797075,0.474409,0.27511,-2.099827,0.05916,1.216258,-0.664399,0.204443,-1.458276,0.785695,-1.124665,-1.25884,-0.341877,2.293936,-0.630045,-1.268877,0.422057,0.194032,1.595374,-1.274645,-1.593762,-0.339809,0.3407,0.319763,1.033278,-1.495226,-0.839339,-0.159421,0.792932,0.436413,-0.443604,-1.031251,0.835064,0.900918,2.630183,-0.204346,1.561958,-1.215781,-0.562797,-0.693588,-0.484283,-0.888501
1294,43,0.727873,1.07319,-0.559906,0.505235,0.347873,1.977577,1.070289,1.114157,-1.092876,-1.025357,0.021236,0.624047,-1.401799,0.409401,0.453056,0.550629,1.530585,-1.404002,-1.017151,0.535138,-0.444511,0.482424,0.74531,-1.766242,1.83932,1.661877,-1.463107,-0.523168,0.910488,-0.392045,0.485292,-0.861616,1.297038,-1.274238,-0.138367,0.234411,-1.375989,0.259077,0.239119,0.683412,-1.461459,1.348119,-0.820388,-0.768515,-0.511058,0.640463,-0.271995,-0.23949,0.501465,-0.233358,-0.567992,-0.681593,-0.324309,0.171067,1.190888,0.076374,1.055919,0.771671,1.468995,0.250933,-0.340607,-2.069148,-0.197126,0.458486,0.636434,-1.540762,-0.754398,-0.847407,-0.481884,0.772544,0.565697,1.197575,-1.467647,-1.601144,-0.025376,-0.717357,-0.013344,0.003083,0.797464,1.074688,-0.545539,0.356787,0.51799,1.413726,0.317859,-1.650552,0.373484,-0.314715,-1.385195,1.025823,-0.581863,0.048511,-0.55115,0.068418,0.339661,0.483265,2.020081,1.869997,-0.531903,0.977156,1.362492,0.893634,0.573189,0.159314,-0.259093,-0.722053,-0.649668,0.612271,-0.488909,0.981124,-0.903385,0.990494,-0.812544,-0.942667,-0.434085,1.729283,1.126001,-1.380546,1.522488,-0.254639,-1.723708,1.918135,-0.251957,-0.806617,1.058947,1.237707,-1.450064,0.824488,-0.890721,-1.227093,-0.174653,0.123742,-0.478839,-1.005109,-0.054097,1.29616,-0.345398,1.262578,-0.52923,0.21826,0.191784,-0.92268,1.660297,0.480793,0.256918,0.132173,0.307234,0.864588,1.411054,0.330711,0.337227,-0.255097,-1.002926,0.56052,-1.341405,1.026183,0.138151,-1.021702,0.194392,-1.40108,-0.770081,-1.974364,1.582119,-0.276226,-1.22409
1144,21,0.614788,1.722274,2.159815,-0.632287,0.726343,0.327546,1.637709,-2.479027,-0.639319,-1.752833,1.428326,0.305295,0.700328,0.441335,0.308976,0.441514,-0.403633,-2.064393,0.354764,-0.040778,-0.557451,-0.598524,1.356648,-0.736466,-1.060027,0.696351,1.516614,-1.302914,-0.993085,-1.05572,0.408829,0.588493,1.458328,-0.039566,-0.237276,-0.597972,1.168329,-0.594478,-0.831743,-0.219611,-0.014298,0.420422,-0.628835,1.797477,1.970611,-1.135308,0.158216,-1.01698,-0.27359,-1.247212,-0.278037,0.286688,0.183896,-1.360295,-2.036566,-1.879325,1.255037,-0.17377,0.083266,1.493395,-1.012777,0.434808,-0.679362,0.201737,-1.912458,-0.402461,-0.065235,0.119238,-1.457529,-0.245116,0.911511,-0.086675,0.881711,0.682507,0.255955,-0.369582,0.084293,-0.946419,0.686328,0.337946,1.221108,2.309804,0.872945,0.586898,0.203092,0.877668,1.418688,-0.279571,-1.287339,-1.384499,1.026591,0.485146,0.556434,-1.710101,-0.568112,-1.584511,-1.162597,-0.574842,-0.693616,1.627166,-1.292329,-0.628406,-0.761624,0.080725,0.753696,-0.815315,-1.701144,-0.432199,0.41305,-1.10711,0.999647,-1.037641,-0.655251,-0.457191,1.96267,0.805468,0.366947,-1.030677,-1.138308,-0.711889,1.642765,1.338948,0.153384,-0.71815,-1.79991,-0.462157,0.537245,0.573939,0.404498,-0.716404,0.526717,-0.159423,0.902529,0.263978,0.794371,0.344754,-0.479076,1.209405,-1.057463,0.689722,-0.447007,-0.369896,0.28364,-0.527232,-1.037598,-0.941585,-1.144941,0.032796,0.327623,-0.080903,-1.581159,0.142027,0.970931,-1.156911,-0.912925,0.938933,-0.165953,1.107208,-0.336512,-1.455998,-0.034559,-0.048608,0.306612,-0.858767,-0.463319
1296,2,0.397632,0.330081,0.209934,-0.099164,-0.332113,1.60648,-0.566087,0.006518,0.925245,1.694105,1.79193,-0.588475,0.502944,0.173088,-1.015222,0.317426,-1.336748,-1.055991,-0.579391,1.599167,-1.465766,1.317685,-3.054969,0.231429,-0.320416,0.272797,-0.014383,-0.768078,-0.348268,-0.469947,-0.706925,-1.010035,1.484005,-0.163015,1.668569,-0.36604,-0.187797,-0.455492,-0.514121,-0.593866,0.093195,-0.019605,-0.202097,-1.910634,2.163476,-0.124449,0.077427,0.734904,0.389493,-2.760573,-0.713598,-0.022904,-0.696174,1.293,0.712185,-1.308013,0.283476,1.327015,-0.077556,-1.671905,0.521294,-0.451598,-1.750271,-0.719166,-0.24288,-0.117558,0.714632,0.39393,-1.243389,-0.052864,0.72828,-0.641321,-0.508537,-0.271788,-0.542036,-1.281625,0.324569,0.263942,0.540911,-0.232312,-0.704386,0.410181,0.223576,-0.264054,1.179148,0.891134,-1.548987,-0.245079,-0.378809,1.375956,-1.072062,-0.386855,0.027756,1.984409,-1.546845,-1.311176,-1.218375,-1.765177,-1.50569,-0.798241,-0.901696,-0.202025,-0.701136,-1.650383,0.447121,0.565323,-1.142195,1.351055,-0.967148,0.258228,-1.202955,-0.73638,0.366864,0.071189,1.023395,0.34138,-0.545296,1.495978,-0.798688,-0.916573,0.431392,-0.248459,-0.609398,0.000448,-1.354965,0.745254,-0.406779,-0.439938,0.464653,-1.7873,0.59534,0.116197,0.387277,1.070707,-0.318732,0.185896,1.476842,0.429862,-0.49922,-1.243987,-0.275042,0.940989,0.179155,0.673655,0.809071,-0.319761,-2.059169,-1.29407,1.249441,-0.961578,0.766113,0.617371,-0.611406,-1.421798,1.262087,-0.141767,1.198563,-0.271626,-1.148196,-0.190829,0.046892,-0.052278,1.134034,0.3081,-0.592417
1187,27,0.782097,-1.297914,-0.951616,0.489173,-1.681826,-0.500175,0.187049,-0.528534,-0.892561,-0.085393,-0.417387,-0.558123,0.481348,-0.695809,-0.273127,1.209277,0.834707,-0.0072,-0.227998,0.22932,0.197504,-1.321484,-0.804946,1.076694,-0.989488,1.621402,0.664022,-0.052953,-0.496334,0.099809,0.780612,0.446656,1.322566,0.464895,-0.655645,0.55517,0.749962,-0.100281,-0.906542,-0.775099,0.563289,-0.885319,1.773866,0.752418,-1.803839,-1.0812,0.069451,-1.257839,-0.15183,0.894003,0.635729,-1.092104,0.750851,0.994358,-0.716499,0.62761,-0.62221,-1.33187,1.184657,1.13796,-0.939419,-2.63807,1.00838,-0.619148,0.359972,-1.332366,0.48873,1.072389,0.13101,0.794707,0.303801,0.959953,-0.553052,-0.582771,-1.976239,-0.461248,-0.320596,-1.166239,0.998685,-0.290373,2.97268,0.580318,-0.835988,-0.025379,0.717215,1.063061,1.487753,-0.469399,0.98546,-0.060074,0.937828,-0.134865,-0.054786,0.326712,-0.656634,-0.012045,0.377058,-1.835271,-0.532829,-0.486806,0.999708,0.133486,-0.026876,-0.74524,0.42795,-0.313765,0.962603,-0.285283,-0.054513,0.592774,0.45228,-1.563068,0.190398,-0.063174,-1.867533,-1.233771,0.937707,0.333225,-0.480508,0.927687,-1.748054,1.367982,-0.581801,1.486188,-0.411753,-0.520963,0.285446,-0.266461,1.018372,0.796704,-0.350212,-0.193091,-0.004077,1.724552,-0.036108,1.028978,-0.037076,-0.838087,-1.644031,0.227721,0.478747,0.240079,1.277314,0.723069,1.829753,0.623272,-0.911966,1.126584,-1.064915,-0.143611,-1.298318,0.91844,1.419275,-1.376749,-0.906989,-0.7252,-1.924946,-0.153672,-0.309187,-1.438652,-2.340111,-1.551155,0.187634,-1.606063,-0.075177
1059,31,0.405497,0.211597,-0.675172,1.828871,-1.197783,0.111267,0.16382,-2.133467,-1.363784,-0.898154,0.878939,1.038406,0.68311,0.32467,-2.142647,0.29982,-0.438547,1.265932,1.442774,2.344727,0.79816,0.905568,-0.96358,0.160276,-1.170804,0.987615,-1.129673,-0.137892,-0.75206,-0.396317,0.541391,-0.493136,0.300916,-0.938722,1.49247,-0.575607,1.102898,2.24354,-2.39334,-0.929055,-0.13261,1.262578,-0.415551,0.460249,-0.664971,0.646185,-1.156418,0.923906,-2.961898,-1.845185,1.921745,0.249117,-0.836014,2.312694,1.141353,1.22076,-0.356279,0.705075,0.588562,-1.613977,0.676266,-0.115625,1.381641,1.401823,-0.582957,-0.543487,0.26656,0.738698,-0.347848,-0.045573,0.693488,0.501882,1.256283,0.313684,-0.834582,-1.729761,0.897685,-0.270847,-0.285747,-0.22662,-1.536788,-0.330353,-2.590181,-0.342793,-0.846883,1.947082,0.525222,-0.150664,0.233851,0.813754,-0.70679,-0.168109,-0.296053,2.61102,0.141369,-1.947386,0.882941,2.716936,-0.913903,3.632931,0.001644,1.092079,-0.512878,-0.211271,-1.198387,-1.019613,-2.135821,1.239678,-1.115226,0.444976,0.40334,-0.603177,0.112922,-0.033793,-0.446089,0.114153,0.115024,-0.98694,-1.271205,-0.811213,0.186612,1.485484,1.575256,0.384721,1.036636,0.187612,1.199125,0.192405,0.465376,-0.23313,0.053884,2.017292,-1.176853,0.062258,-0.551013,1.049653,1.932466,-0.263317,-2.804388,0.693541,0.694165,-1.682534,-0.192451,-0.012012,-2.333473,0.754538,0.511303,0.303549,-1.041096,-0.680908,-0.599964,0.55076,-0.963536,1.570142,0.445838,-2.202446,1.798199,0.217479,-0.5172,0.158705,-1.840721,0.249053,-2.49829,-1.009842,1.456583
1286,35,6.807677,0.810753,-0.476258,7.086086,0.808278,5.660158,0.195438,-0.148135,-0.821641,-1.503896,0.269604,1.028693,1.140493,2.30609,7.437843,0.22222,0.163667,5.073713,-1.288648,-0.778086,0.052781,-0.569319,0.827481,-1.274962,1.611234,3.958351,-0.140276,-1.973893,0.269883,0.58731,0.137358,-1.042369,0.942678,4.965547,-1.138085,0.311496,0.543032,6.962244,-0.107934,-0.735853,-0.328744,-1.114465,0.418982,-0.554152,-0.302093,0.080526,0.612363,1.297879,0.49705,-1.184152,13.828883,2.157313,0.120598,-0.180112,-1.248196,-0.354385,-1.167444,1.1237,-1.805231,-0.645769,0.528496,-1.196732,-0.87639,7.969684,-2.107143,-0.676455,2.072432,0.834817,-1.629566,-0.837546,-1.649207,0.518451,-0.751747,-0.589381,-1.306763,0.85191,-3.034545,-1.792756,0.356733,-1.479406,1.057233,-0.219734,0.824578,-0.034322,0.111548,-0.259443,0.327708,-1.787782,-1.595616,0.631606,1.046703,0.037334,-1.155097,7.266469,0.850375,0.453078,-1.217539,1.421527,-1.775784,-0.782559,-2.234337,0.234516,2.049795,-0.179706,-0.49414,-0.47943,-0.24438,0.428703,0.642587,0.128732,1.318772,3.673775,-0.374976,8.527154,-0.270176,1.63998,-0.074745,-1.30511,3.057738,0.937531,1.563338,5.420389,0.788576,0.259119,-0.174422,-1.986972,9.54648,-1.110502,0.682899,0.537832,0.077627,1.54483,0.157596,1.289555,-0.754617,-0.15338,2.481932,0.819864,-1.403857,0.74734,5.216028,0.813016,-1.324812,0.659409,5.460642,0.08778,-1.041121,-0.138881,1.443598,1.382325,-0.733318,-0.0814,1.447475,0.962819,4.14482,0.973545,-0.115435,-0.068686,-0.814997,0.622621,0.450694,0.905134,0.466843,-0.176934,-0.904465
1307,44,-0.124045,-0.240319,0.212559,-1.239399,-0.412104,1.003205,-0.716869,1.965477,-0.169952,-0.972638,1.771497,-1.02455,0.715192,1.122334,1.26554,-0.204205,-1.449912,0.834034,0.002943,-1.463403,0.268454,-0.915835,0.276571,-0.217054,0.825557,0.360735,-0.906634,0.961455,0.894173,2.335237,0.599406,0.179567,0.562303,-0.148322,0.677119,-0.130054,1.357913,-0.167735,-1.075747,-0.554516,2.021919,1.20876,-1.08989,0.030656,-0.117046,2.347,0.293161,0.148074,0.375246,-1.604094,-0.112745,-0.325035,-0.299882,-1.438859,0.635276,0.662454,-0.228415,0.576876,0.908174,0.772312,-0.084057,-1.950582,-1.95661,-0.011826,-0.978284,0.498582,-1.192542,0.055954,1.17392,-0.024077,-1.750454,-0.90235,0.828382,-0.133414,-2.083376,0.425024,-0.944557,1.16429,0.814522,1.292045,0.097915,-0.143671,-1.246449,-1.197851,0.450076,-0.299906,-0.017727,0.435184,-2.022137,-0.334938,0.956832,1.254026,0.884561,2.688686,-0.293927,-0.190138,-0.335323,-0.137509,-0.317524,-0.88841,-0.844892,-0.006989,-0.757417,-0.075817,0.276039,-0.083188,0.034261,0.889421,-1.525217,-0.315617,-0.489317,1.767203,0.608637,0.714661,0.15841,-0.234874,0.451766,-1.85888,1.16222,-1.613476,-0.646123,0.998586,-0.946224,0.44016,0.443197,-1.049527,1.045765,-1.842203,0.088866,-0.799907,-0.275243,0.251212,-0.463341,2.304057,1.273398,1.933212,0.964278,0.005546,-0.166988,0.877998,-1.437672,-1.052782,-1.332954,0.751799,-0.904368,0.368668,-0.048393,-0.581731,-0.165282,0.291695,0.770727,0.640104,-1.683155,-0.251506,1.520717,2.056502,0.700907,1.143392,0.912166,-1.245461,-0.953007,-0.112911,-0.458726,0.382634,-0.520472
1230,48,-0.949447,-1.076984,0.277295,0.248956,0.333231,-0.983094,-1.147532,0.035243,1.527979,-0.99082,0.365377,0.436071,-0.340196,-2.762299,0.55331,-2.050301,-0.168347,-1.542796,-0.815995,0.927981,-2.100205,-1.379832,-0.760255,-0.945553,-0.009394,-0.215805,0.108404,-0.023853,-0.008104,1.639443,-1.046327,0.211625,-0.156421,0.708961,-2.913137,-0.881283,0.355711,-0.118737,1.202935,-1.681029,2.306921,0.411671,-0.396087,-0.840661,-1.029265,-0.709463,0.00399,-0.936719,0.356485,-0.525443,0.563658,-0.902463,0.09298,-0.856225,1.090288,-0.076733,0.243838,1.703886,0.182264,-0.774146,-0.197273,-0.494793,0.653013,1.838906,1.761172,-0.135536,0.02875,1.118766,0.723483,-2.366446,-0.872168,-0.475678,-0.704076,0.056451,0.494084,-1.207037,0.848513,-0.004895,0.684547,1.851601,-0.493245,-1.916599,-0.484296,-0.059331,-0.471296,-0.233148,-1.030124,0.51903,1.428829,0.76116,-0.95161,0.049529,0.43498,-1.001267,-0.093631,-0.83062,1.642853,0.88184,0.204729,-2.017074,0.674143,-1.154971,0.938007,1.235932,1.219921,0.0454,-0.911254,0.318044,0.377133,-3.160043,-0.728665,0.687921,-0.364475,1.311459,0.094167,0.523699,0.504036,0.505368,1.343528,-0.286845,-0.975846,-1.419062,0.145675,-1.232916,-1.074348,0.253327,-0.345796,-0.185911,1.756274,0.376675,-0.535383,-0.010324,-1.087282,0.134801,0.528269,1.431737,0.429598,0.138099,0.341031,0.245572,-0.386872,-1.917086,-0.500992,0.440626,0.609479,0.18039,-0.186959,-0.550613,-0.334096,-1.306847,2.037671,-0.319875,0.136355,0.442672,-0.942678,-1.078572,-0.688801,-0.015122,0.719466,-0.677988,-0.564,-0.879933,0.211187,0.161928,0.791126
1137,5,-0.405704,0.771085,1.013183,-0.357736,-3.105006,-2.105164,-1.025258,-0.971994,0.25562,1.961746,0.633269,-0.175885,1.327342,-0.22885,0.830619,0.339238,-1.988286,0.942986,1.744114,-0.382101,0.741735,0.488119,-0.302226,-0.410427,0.975685,-0.678665,-0.5751,0.824682,0.907134,1.547254,-0.61813,-1.375684,1.070949,-1.578161,-0.442921,-0.247815,1.707466,0.002555,-1.245236,-0.052917,1.316012,-1.846849,-1.353109,1.009462,0.09766,-1.049172,-0.233275,0.047178,-1.184724,-0.60131,1.439371,0.29723,1.10296,-0.060105,-0.589786,0.284872,-0.946954,0.344514,-0.333503,-0.320594,-0.296067,-0.981479,1.35291,-1.543673,0.198531,-1.298606,0.886209,-0.247732,0.161863,0.449772,0.33737,0.162857,0.344886,0.32548,-0.485972,-0.320914,-0.266018,-0.743683,-0.567376,1.3032,-1.467431,1.674142,-0.551372,0.601846,-0.019802,-0.204502,0.537911,1.684333,-0.139671,-0.055008,-0.562506,2.013444,1.15473,1.103918,0.011843,-1.918918,0.460416,-1.808559,-0.649164,0.948695,-0.604,-0.706767,-2.152569,0.696703,0.394462,-0.509719,0.342186,-1.635609,-0.955897,0.172375,0.859513,-0.053808,-1.255448,-0.514471,1.092299,-0.621349,0.229333,0.409508,-0.573605,9.9e-05,-1.818922,-0.603197,0.00919,0.609336,1.276348,-0.503325,0.446348,-0.152484,-0.812434,-0.805611,-0.08608,-0.02036,-0.77763,2.716104,-0.055321,0.634089,-0.295335,2.760216,-2.260115,-0.383348,0.156483,1.160853,-0.083754,-1.020991,1.537836,0.630348,-0.289873,-0.283307,-0.283837,0.125143,-1.741904,0.10116,-0.640898,0.450799,0.294935,-1.0843,1.311163,0.719586,-0.93576,-1.085746,-0.719999,0.30801,1.222355,-0.93606,-0.810948
1131,31,0.56539,0.816606,-0.056567,-1.095409,0.549027,-0.698369,-0.114455,-0.920225,1.742157,1.428807,-0.802924,-1.110347,-0.046226,0.601766,1.199634,-0.052126,-1.180557,0.284814,0.256331,-1.515812,-0.246343,-0.281615,-0.932769,0.215166,1.008171,0.967761,-0.849118,-0.558238,0.662499,-0.31524,-0.332003,2.105872,-2.446033,-0.622411,-0.798401,-0.04831,1.632375,-0.136335,-0.270226,0.152544,-0.289502,0.363256,2.428593,-0.656216,-0.194856,-0.068579,-2.007141,0.578247,-0.058754,-1.87262,-0.256779,0.157926,-0.853218,1.039269,-0.567403,-1.425051,0.766574,-0.130088,0.133255,-1.539009,-1.31959,-0.965817,-0.147564,-0.130351,1.316969,1.468845,0.125576,-0.091611,1.812186,0.055581,0.965382,-0.464862,-0.097855,-0.264747,-0.662066,0.356981,-0.789017,-0.1049,0.393241,2.013493,-1.818485,0.071288,0.626234,-0.330407,0.830735,0.506082,0.465657,-0.400565,-0.205572,-0.216931,-0.944146,0.172241,-1.009066,-0.889231,-1.324186,1.050419,-0.53879,-0.846141,0.756448,-0.399732,0.318687,-0.171209,0.343307,0.180192,-2.064671,1.40013,0.955906,-1.391222,0.8485,-0.217192,0.109122,1.222708,0.947332,0.930029,1.912958,1.037501,-0.574112,-1.219951,0.796771,-1.630895,-0.33505,-0.34386,-0.670867,1.289617,0.30518,-0.214688,0.852525,-0.390705,1.143127,1.946457,-0.124376,-0.157157,1.096662,-1.867084,-1.194798,-0.978319,-1.539911,-0.005028,0.280682,-0.028161,-0.02833,0.869579,1.019874,1.181444,-0.137411,0.015131,1.399927,0.389033,1.25364,-0.453763,-0.044931,-0.612408,-0.022501,0.403223,-0.428587,1.864295,-1.415587,0.821117,-1.037375,0.279741,-0.735595,0.066152,0.065874,-0.763647,-1.163455
1318,31,-0.403688,0.894425,5.95381,-0.63282,1.186115,-0.225395,1.26326,-0.594693,-0.038987,-1.28579,2.550743,-0.797614,0.234683,-0.502248,0.064224,-0.092779,0.674869,-0.558315,1.000102,1.191521,-0.719099,0.876179,0.366069,-1.716833,0.831372,-0.275749,0.606421,-0.160439,0.218264,0.806888,0.759625,-0.493563,-1.511652,-0.193477,4.244186,6.224267,-0.843033,0.38452,2.057254,-2.160481,-0.965604,-0.060712,0.859108,0.864377,0.950558,1.395121,1.581265,0.102709,-0.258408,-1.822908,6.633605,1.244146,-0.013698,0.9764,8.139702,0.23752,-0.814618,2.049535,1.675084,-1.458461,0.317207,0.081638,0.171854,1.029763,-0.196042,0.676687,-0.275562,2.396884,-0.45484,-1.04783,0.447082,-1.083665,3.677142,-0.274612,-0.013833,0.216094,0.163949,-0.03225,0.947616,1.629574,0.810726,0.451965,0.539747,-1.308209,-0.511978,7.605781,0.000866,-1.055128,0.843347,0.672511,0.334173,-0.378032,2.988757,-0.113984,-0.341699,0.533756,-0.546564,0.731914,-0.144216,0.567743,-1.32862,-0.443086,-0.795252,-1.343595,10.165582,-0.411057,0.517301,5.066839,-0.475521,1.863582,1.856667,0.238866,0.574635,-1.551602,0.760138,6.881311,0.89857,0.301317,-0.529654,-1.02009,-0.847342,-0.84708,0.832735,1.411854,-1.472761,5.680516,2.969524,-0.602595,0.651823,0.93785,0.324474,-0.661593,3.732275,-1.033387,1.16481,0.099943,0.463146,-0.550472,0.186704,0.567462,1.114037,-0.256205,-0.568657,-0.071143,4.736294,1.70524,-0.121252,0.09908,-1.267885,0.338276,-1.139561,0.492371,-1.28753,-1.18449,1.168141,-0.898706,3.706926,4.935877,-1.178979,0.120358,0.898326,-0.583349,-0.290262,0.056212,1.091258
1132,40,0.01628,0.768562,1.525438,-1.641063,0.430339,-0.450652,0.006832,0.299431,0.74962,0.381256,-0.026943,1.480164,0.262325,-0.009422,1.07709,-1.090897,-0.898303,1.376208,-0.194419,-1.701333,0.752221,1.137855,-0.743209,-1.248476,-0.057589,0.330943,-0.576261,-0.877886,0.487299,0.493873,-1.516306,-1.070588,-0.319459,-0.60869,0.189475,0.472555,1.744444,0.327013,0.85923,-1.491109,-0.670333,0.986078,-1.393541,1.25237,0.503035,0.110381,-0.130138,-1.119529,-1.040336,-0.518493,-0.425615,1.145945,-0.984127,-0.611358,-1.667033,0.134923,-0.0227,1.015296,1.795736,0.487345,-0.830027,0.192738,0.247947,-0.0765,-1.043755,0.305072,-1.166665,-0.101298,-0.307836,-2.466652,0.554412,1.992244,-0.367359,-0.60715,0.857719,-1.261533,-0.0027,0.206725,-0.552803,-0.090977,-0.82294,-0.569512,0.606499,-0.847578,-0.562808,-0.681272,0.459453,-0.375866,-0.827475,0.291406,-1.922025,-1.820514,0.251291,1.73833,-0.485691,0.29785,-1.335144,0.094133,0.163804,0.521107,-0.724321,1.807595,-0.928135,1.415294,-1.037982,0.727107,1.248546,2.034173,-0.128921,-1.57872,0.780726,-0.689678,-1.034797,-0.573677,-0.877908,0.706205,0.162273,0.632029,0.799175,-0.381516,0.652748,1.135473,1.745707,0.147166,-0.260282,-0.893882,-0.385035,-0.002594,0.227023,-1.285116,-0.393532,-0.201018,-0.571854,-0.589184,0.318965,-0.932907,0.436304,-1.029741,0.194146,-1.062607,1.107307,0.691545,1.260808,-0.803969,-1.25806,-1.259169,-0.222466,0.997249,0.660875,0.628302,-1.176726,1.017495,0.684301,-0.527146,-2.424464,-0.763828,-0.135412,1.485045,0.195203,-0.071142,1.497661,1.466112,0.34968,0.580508,1.179621
1124,28,-1.159649,-0.018865,-1.045933,0.243984,-0.392643,1.954011,-1.223313,-0.821504,0.565481,0.113844,0.44202,-0.2952,0.944253,0.343234,1.317733,-1.35931,0.250188,-0.226561,0.396781,-0.944304,0.807771,-1.336627,0.884869,0.545443,-1.805031,0.395986,-1.943016,0.563155,-1.607511,-0.072582,-0.272095,-1.629587,-1.858935,0.499499,-0.484894,1.087518,-0.048766,2.758172,0.175816,1.768774,0.352241,0.087075,0.544983,-0.754168,-0.642768,1.663452,-0.185326,-1.146179,0.520882,-0.830372,0.08962,1.151032,1.310143,1.841499,1.191994,0.676791,0.569176,0.32044,-0.01428,2.305284,-0.049806,1.707377,-0.088583,1.248034,-2.820666,0.187488,-0.591341,1.616399,1.546984,-0.587247,-0.034024,0.975113,0.352069,0.149067,1.033344,-1.258139,1.675783,0.512279,-2.828759,-0.850612,-0.011821,2.349793,0.064648,-1.434776,1.447275,0.481436,0.078423,1.139128,-0.299904,-0.021963,1.10031,0.540305,1.074715,-0.267283,1.792702,-1.320682,-1.271965,0.61312,-0.199345,0.313833,0.151482,-0.040648,-0.949202,0.423917,1.43159,-0.721952,2.01569,1.693329,-0.724469,0.930559,-0.974722,-0.000435,-0.971704,-0.411358,-1.733909,-0.031519,-0.92404,-0.769926,-1.849649,0.164815,2.030749,-0.239632,-0.026707,-1.014762,-0.346557,-0.732451,-1.43865,-0.769894,-0.39523,0.433131,-0.219454,0.398464,1.412479,1.041472,-0.305016,-1.656736,-0.076782,0.192943,1.106882,0.248958,2.895794,-0.21694,0.766079,-0.809655,-0.901266,-0.195433,0.305019,0.790581,-3.052568,1.224384,1.596268,1.451382,0.947157,-0.028629,0.653424,1.384482,-0.879898,0.763304,0.597448,-0.048132,1.885009,-0.607413,-0.893069,0.041087,-0.542823
1244,5,-0.881152,0.798569,-1.05807,1.165919,-0.643389,0.348853,-0.159266,0.630824,-0.358827,-0.383408,-0.303286,0.272263,1.189109,-1.061631,-2.863192,-0.201731,-0.514623,0.215577,0.021907,-0.480567,-0.254442,-0.156828,-0.899927,-1.118579,-1.092099,-1.48302,-0.161157,0.852708,1.19048,-0.67256,0.350274,-1.071604,-0.105712,-0.34707,1.623319,-0.507782,-0.651818,-1.047547,-1.11656,0.739582,1.415546,-0.75204,-1.29957,-0.753554,-1.560935,-0.299746,1.365439,-1.040299,-0.106445,0.284808,-1.542948,-0.2838,-1.396823,0.377354,0.105905,-0.22446,-2.469859,-0.804404,0.039814,-0.744745,0.537778,0.20284,0.430909,-0.051687,0.638821,-0.558225,-0.476105,0.586792,-1.214663,-1.746155,0.558133,0.947224,0.548758,2.101266,0.03061,-1.815245,-0.587643,-2.162261,-0.329442,0.111319,1.442802,1.725766,0.12115,1.325425,0.733293,-0.589517,-0.655807,-1.725656,-0.344334,-0.334357,-0.899489,-0.112329,-0.683383,1.845994,-1.540636,0.960984,-0.683323,-0.423149,0.298864,-2.1507,-0.625878,0.569798,-1.525967,-1.538349,-2.659199,-0.637974,-1.643093,-0.483542,-0.7641,0.223806,1.202922,-1.728872,-0.869106,-0.916111,1.481363,-0.482457,-1.076075,-1.812731,0.202139,-1.422598,-0.944448,0.591683,-0.00731,0.056482,0.338986,-0.913948,-1.286018,-0.578447,-1.085471,0.782719,0.414406,-0.105715,0.195596,-0.495273,-0.339725,0.800632,-1.63832,0.17195,1.050586,-0.963506,-0.183708,-0.052559,-0.339982,0.714397,0.247193,-0.008463,-0.382729,-1.200609,0.555889,-0.302381,-0.750976,-0.364821,1.723963,-0.785608,0.844841,-1.142466,-1.098239,1.511854,-1.183079,0.003736,1.495893,-1.88718,-0.279928,0.106811,-0.683809
1239,10,-0.623031,0.947717,0.908686,0.049039,-1.535254,-1.330742,1.419389,-0.929721,0.858559,-0.012734,-0.252419,0.477843,1.448495,0.919219,1.421844,-0.849843,-0.414547,1.333573,0.159584,-0.143746,-1.296109,-0.285131,-0.358383,0.667784,0.042323,-1.568762,-1.767995,1.198689,-1.221354,-1.349036,-1.162183,-0.459813,0.43396,0.064194,-0.541296,-0.353457,-0.701417,-0.167313,-0.585439,0.185819,-0.939,-0.313827,0.324863,-0.831625,-0.397277,0.580435,-0.166154,-0.242081,-0.141129,0.165789,-2.522451,0.330783,-0.160924,1.833255,-1.444465,1.254065,-0.112187,-0.302356,0.143476,0.000408,-1.234243,0.373109,0.548539,-1.035219,0.712167,0.140536,0.604749,0.521059,0.11131,1.75058,0.001353,-1.426135,0.792876,-1.598345,0.057073,-0.291217,-2.187395,-1.653999,2.075978,-0.778084,-2.27859,-1.044118,-0.49274,0.791051,-1.666941,-0.110217,-0.14121,-0.346062,0.939921,-0.306295,-2.155447,-0.217209,-0.829058,-0.366445,0.33799,-2.409705,-0.129077,0.081084,-1.229491,-2.037971,1.160072,0.758533,-1.633263,-0.80181,-0.9048,-0.369365,-1.290207,0.514374,0.055171,0.817058,-0.127126,1.504731,-1.109483,0.659165,0.582344,-0.121856,0.360759,-0.357094,-1.397497,-0.258057,0.820471,-2.251738,1.563335,-1.435195,0.637643,-1.233271,0.614569,-0.810971,0.172668,0.060175,0.017143,0.38317,-0.136964,-0.357629,1.213266,-0.442588,-0.097654,0.526714,-0.819701,-0.415555,0.058811,0.010524,-0.173929,-0.483626,0.217726,0.568726,-1.419772,-0.826464,-0.127801,0.149898,0.727874,0.406299,-0.520014,-1.017681,0.303251,-0.73576,-1.03152,0.760481,-0.697071,-0.456668,0.143621,-2.320646,2.495857,1.343588,1.855835
1264,15,1.670324,-0.523852,0.579485,0.886011,0.046524,0.651954,0.388287,0.018509,0.650411,-0.853797,1.142981,8.720542,1.279429,-1.618414,0.230843,-0.277081,-0.064249,-1.4974,-0.684663,-0.185043,0.555216,-0.496849,-1.286059,-0.146617,-0.507425,-0.391549,0.162593,0.662928,3.426652,0.558952,1.145163,-0.10433,8.637033,-0.508662,-0.480347,-0.125559,-1.078238,-0.57293,-0.929748,-0.239602,0.06213,1.035166,-0.252346,-0.316082,0.924259,0.800241,-0.661899,6.130024,-0.46984,0.192527,0.271322,0.353527,7.376216,-0.359124,7.061752,-0.524853,-1.429743,0.743865,9.857084,1.802777,-0.332099,0.122949,-0.234128,1.079906,0.918397,2.460693,0.88906,-0.726591,0.727663,0.166116,0.963536,-0.699901,-1.04313,5.3475,0.486973,-2.003576,2.533527,-0.566009,0.203019,0.491323,-0.380856,-0.884636,0.764992,-0.014205,-1.612228,0.011436,-0.83095,-1.30541,0.062902,0.786823,-1.724924,-0.363991,0.240869,1.620364,-0.98357,0.247544,-0.30518,1.590969,1.048104,0.892416,-0.500609,1.750769,0.260809,3.195508,-1.593268,0.120167,-0.51727,0.696917,0.693016,0.850464,1.636459,1.104585,-0.487716,-1.347536,-1.027516,-0.679566,4.343115,9.374959,-0.942423,0.385964,-0.474703,-1.031138,1.180303,-0.28648,0.308598,0.578961,-0.392684,0.933496,-0.725732,0.384154,-0.519593,0.567112,1.384389,0.194204,-0.200196,0.909743,-0.775043,0.514102,-0.685971,-0.264404,-0.009641,-0.860534,0.592239,-1.643724,0.653881,9.025808,2.671642,-0.52378,-0.802003,0.386569,0.076018,0.192781,-0.643668,0.685837,1.108395,9.613678,0.074467,0.026869,1.270579,2.172195,9.87992,0.143835,7.919934,-0.149996,1.539792
1109,46,-2.268546,0.488441,0.182557,-0.629654,0.93547,1.984016,0.48171,-1.103872,-1.451786,-1.180272,-1.028876,1.105706,0.272423,-0.041632,0.855599,0.003763,0.019903,-0.853704,-0.635876,0.015441,-1.180554,1.640457,0.108103,-0.562045,0.957273,-1.070443,1.039532,0.069294,1.860743,-0.563269,-0.41121,-0.856937,-1.259188,0.23424,-1.071126,0.301949,-0.653603,1.034474,-2.560091,0.398513,0.030234,-0.01608,-0.648324,1.724441,-0.426533,0.406684,-0.279876,-0.376888,0.069653,0.654957,-1.130851,-0.487319,-1.422717,0.378283,-0.869538,-0.761863,0.629481,-0.031451,0.383727,-0.159842,0.38795,0.066566,-1.131841,0.191229,-0.363261,-0.259339,0.258443,-0.569068,-1.076903,1.15889,1.813884,-0.36395,1.12371,0.363798,-0.66085,-0.853697,-0.300266,-0.448745,-0.352148,-0.144212,-1.148131,0.841379,-1.147222,-1.086536,0.900746,0.737768,1.430384,0.115247,-0.662568,1.121889,-0.11554,-0.144358,-0.865894,0.38154,-2.380503,0.504383,-2.017231,0.850311,-1.573737,0.658471,2.446804,-0.297994,-1.184623,1.919442,-0.460893,-1.132195,1.232639,-2.860447,-1.501653,-1.334333,-0.714376,-2.042901,0.801671,1.001531,-0.076553,-0.434305,-1.583294,0.44694,-0.721083,0.594329,0.998598,0.02551,-2.133314,-0.956834,1.343956,0.254885,1.400329,-2.254396,-0.132278,-0.195561,-1.644217,-0.663821,0.958549,0.522268,-0.554405,0.307434,1.173198,-1.098163,0.274228,1.02538,-0.707211,1.284064,-0.107978,1.092,0.906155,0.24711,-0.308779,-0.672651,0.153221,0.194325,1.387994,-0.102219,0.337121,1.669906,0.308194,0.441841,1.593941,0.076346,0.384582,0.740781,-0.131954,-1.128227,-1.477705,-0.21738,1.109988
1245,31,0.211842,-0.287819,0.387701,-0.350999,-1.867058,0.321983,1.642351,0.743973,0.171123,-1.452794,-0.788266,0.641759,0.162824,1.126214,-0.436793,-1.761951,-1.557012,0.260784,0.64382,-0.205153,0.29623,0.171075,0.721779,-0.914095,-0.9821,-0.894075,-0.001568,0.059589,-1.497024,0.055409,0.466529,-0.811725,0.210512,-1.113484,0.134205,-1.210366,0.062646,-1.532098,-1.684184,0.761636,-0.068417,-0.805525,0.902682,-2.189701,0.6812,0.28467,-0.532367,0.076965,1.079313,0.529311,-0.005665,0.293693,1.182005,-0.838254,0.616623,-1.414659,1.451746,0.545196,-0.653565,0.490617,-0.490286,0.224917,-1.110498,0.641454,0.253929,0.079396,0.381065,-0.469803,0.179528,0.452882,-0.761213,-0.613657,1.728363,-0.61702,0.084825,-1.006473,-1.406311,1.140928,1.027823,-1.159519,-2.213103,-0.893855,2.198376,0.483411,0.023844,-0.323267,0.004803,-0.163296,0.989432,0.25745,1.143518,-0.360128,1.548918,0.189457,-0.444925,-1.035917,-0.750955,0.406885,0.836812,-0.664176,-0.66868,1.862661,0.070259,0.753936,-0.090567,-1.083373,-0.490751,-1.603152,-0.643368,-0.870952,-0.675428,-1.001728,-1.628041,0.016058,0.326688,0.078616,1.275203,1.087821,-0.219237,0.335319,0.353835,0.900455,-0.51633,1.820353,0.06135,1.255597,-0.84061,-0.315667,-1.182518,-0.029171,-0.463131,-0.612613,0.777847,-0.472882,0.266772,-1.085675,-1.483198,2.039182,0.612766,0.425999,-0.94626,0.430842,0.043467,0.014045,1.12977,1.541235,0.703628,-0.815691,-0.739738,0.14271,-1.214769,-0.588172,-0.924364,0.508312,1.087919,0.190728,0.966506,-0.213361,0.112916,0.394123,-0.480357,0.576749,-0.592172,-1.131186,0.358475
1191,3,-0.328331,-0.449547,0.007152,-0.614176,0.426081,-0.600239,-2.014971,1.767571,0.338621,0.850349,-0.240754,-0.196447,0.028582,0.087555,-0.178917,-0.897128,0.564846,0.018041,1.915072,-0.841787,-0.410856,-0.090829,-1.964351,-0.900552,-2.028114,-0.691868,0.105144,0.088484,1.010929,0.190351,0.976467,0.499778,-2.252249,0.117678,-1.570903,0.618697,1.244436,1.33615,0.311129,-0.00903,-1.402087,0.717737,0.200639,-0.302332,-1.345123,-1.400018,-0.52048,0.792131,-0.05821,-0.911867,0.754669,1.043772,0.209815,-0.270503,0.238025,-0.168377,0.526778,-1.126665,1.201598,0.016945,2.286906,-2.132855,-0.90127,-1.541368,0.002487,0.365591,-0.624134,0.147401,0.166994,-0.827064,-0.074239,-1.201041,-0.487165,-0.62441,-0.749498,-1.128905,0.287224,-0.082461,1.75108,-2.168493,-0.159103,0.031041,0.49914,0.201084,2.282566,-0.802829,-1.687744,0.515113,-0.892158,0.101819,-0.348569,2.028902,-1.039615,1.555311,0.399637,0.143893,0.072471,-1.074322,-0.005061,0.093013,-0.403605,-1.290849,-0.586692,-0.284445,-0.221426,-1.475295,0.104615,1.096876,-0.202733,1.39974,0.235761,-0.491029,-1.056088,-1.263115,-0.764702,-0.232886,-1.119994,-0.317284,1.704848,-1.993946,0.218796,0.104939,0.32897,0.282727,-0.055162,-0.388433,-0.265429,-0.940802,-0.746322,0.049721,0.036178,0.132446,-0.76003,-1.240582,2.075709,0.464482,0.856058,0.210274,0.711004,0.982392,1.349847,-0.080216,0.513424,0.834444,-1.565916,-0.009728,0.353434,-0.921026,-0.61456,1.117659,0.419758,-0.07086,-0.545664,0.162158,3.339132,0.12124,-1.005017,-1.656614,1.064829,0.494817,-0.941757,1.388642,1.275013,-0.766019,-0.730717
1018,23,-2.102507,-0.301151,-0.827915,-1.233195,-0.547201,-0.122872,-0.266356,-1.454667,-0.48315,2.015833,-1.054555,-1.687093,0.275242,0.596628,0.464044,-1.119718,0.998095,-0.785332,-1.134876,-0.608478,-0.108701,0.714091,0.623832,-0.022499,0.932906,0.08149,0.895984,-1.403869,-1.574174,0.77572,-1.390082,-0.301519,-0.098103,-0.487951,-0.453489,1.392627,-2.529602,0.883874,2.295172,0.023585,-0.018975,0.726371,1.828855,-1.188049,0.087689,-0.186217,0.559381,0.159187,0.659653,-0.421633,0.049002,-0.670342,-0.664291,-0.14154,-0.14201,-1.172484,1.570058,-0.135084,-1.383701,1.101535,-0.748283,0.508281,-0.017017,0.250616,0.171021,-0.575168,0.040946,2.033092,-2.237606,0.065957,0.434981,-1.052272,-1.370348,2.158916,-0.371504,2.078995,0.535763,0.076141,0.475971,0.635005,1.179655,0.435816,0.144611,0.176288,1.351913,0.816968,-1.002022,-0.635629,0.330749,-0.622921,-0.376487,-0.95592,-0.261643,0.423628,0.995162,0.009231,2.07485,-0.076413,3.193423,1.001652,0.496722,-0.499034,-2.824494,-0.155132,0.178218,1.922453,-1.37975,1.905886,-0.251244,0.724057,-2.539846,0.13903,-0.343732,0.682429,0.091225,-1.14224,0.946988,0.694629,0.596768,1.008915,1.100967,-0.021812,-1.357657,-1.384962,1.349751,0.710447,0.102029,-0.434648,0.031557,0.024794,-0.336759,-0.699025,2.164317,0.22856,-0.605805,-1.302062,-0.725694,0.719726,0.758384,-0.218354,0.051711,-0.305052,-1.107836,1.301686,0.372635,2.476355,-0.75617,-0.137533,0.88297,-0.245095,-1.387695,-0.94887,0.10075,0.343367,-0.094605,1.003485,0.992766,0.322779,0.026892,-0.252892,0.551025,0.919626,0.060605,0.449998,-0.324313
1165,19,-1.790507,1.076581,0.280027,-0.987087,0.660271,-2.670142,-1.189766,0.354438,1.544576,-1.148508,-1.376038,-0.023998,0.136913,-0.722625,-0.752085,1.599336,-0.894457,-1.586276,-0.376298,1.342766,0.72902,-0.004909,-1.263909,-0.05711,2.906568,0.640675,1.084654,-1.5595,-0.381453,-0.529628,1.770967,-0.260355,-0.033373,-0.457142,-2.826925,1.174599,-1.872501,-0.551839,-1.555079,-0.575937,-0.437601,-0.489204,1.477501,-1.179757,-0.288593,0.566799,-0.390754,-0.501069,1.97432,0.803316,-0.818048,0.283361,-0.881404,0.479158,-1.412994,0.83078,0.401183,0.364203,0.018073,0.247182,-0.851561,0.083061,0.619568,0.457708,-0.918701,0.59042,-1.187265,-0.715449,-0.841555,-0.593806,-0.10941,0.697485,1.084919,0.467175,-0.728061,0.767289,1.003401,-0.751131,-1.183071,-0.143031,1.960707,-0.292687,-0.16382,0.720555,-1.173713,-1.077853,-0.108799,0.857493,-0.301842,-0.64204,-1.672522,1.602742,-1.25718,1.328275,-0.711061,1.160188,1.724641,-0.87366,0.592989,0.747024,1.268163,-0.304032,1.249925,0.111895,-1.005408,1.016106,1.279235,-0.00641,-0.119244,0.785309,1.703934,-1.23869,1.07599,2.046327,-0.877927,0.585288,0.068879,0.364333,1.264168,-1.598722,-0.505581,-1.382273,-0.311607,1.885439,-1.049094,-0.467443,-0.607037,0.408986,-0.315515,-0.782632,-0.769379,-0.157419,-1.230282,-2.42032,1.176664,0.133354,-0.600056,-0.160418,0.738039,-0.862628,0.031028,-0.53602,1.23622,-2.445154,-1.409225,1.415966,-1.198148,-0.795573,-1.229295,-2.34477,-0.10126,0.681896,0.307963,-1.248449,-0.540132,1.650033,-0.195067,-0.9428,0.888126,-0.304166,-1.891124,-0.869124,0.914999,-0.175415,-0.10539
1126,44,0.869406,1.126977,0.397399,0.333748,0.544646,-0.263601,0.398005,-0.204127,-0.270472,-2.245952,-1.700509,0.430113,0.796314,0.504542,0.165534,-0.233926,0.617935,-0.332081,0.056583,1.53528,-1.304519,-0.529253,-0.181252,-1.827955,-1.11147,1.100584,0.562341,-0.080598,1.340715,-0.915468,1.936733,-0.010912,-0.539966,1.122043,0.567079,0.249371,-0.065888,-1.732021,-1.997273,0.047285,0.993541,-0.73476,0.134431,-1.495436,-1.42809,-0.013562,0.728493,0.771366,1.224032,-0.743037,-0.124235,0.811104,-0.968706,-0.263953,0.034864,0.01772,0.900393,0.453694,-0.399157,-2.253036,0.813937,1.013924,0.535619,0.383582,0.469967,1.224617,-0.471036,-0.03434,-0.949658,-0.185481,-0.779663,-0.778483,-1.926728,-0.068003,1.022287,-2.934246,1.276906,-0.014284,-0.649234,0.320683,-0.226789,-0.058463,1.415706,0.183049,0.375138,-0.247273,-0.157427,-0.881934,-0.106663,-0.753879,1.137243,-0.215541,0.736581,1.283141,1.014289,-0.661295,1.655879,-1.856495,1.413156,-2.475692,-0.882377,-0.065507,-0.69379,-2.072554,-1.465868,0.254159,-1.680332,0.62889,1.1352,1.331321,0.250842,-0.042169,-0.390357,2.710781,1.190095,0.627375,0.334796,1.078436,-1.881639,0.850882,-0.56131,-2.27375,1.090129,-0.748355,0.434098,-0.724194,-0.390787,1.59002,0.330806,0.391201,-1.542673,0.894057,-0.631772,0.466693,-0.998589,0.365819,0.54527,-1.435556,0.317648,-0.873421,1.234443,0.36863,0.057712,3.006828,0.829682,-0.36806,0.86965,0.288278,1.341148,-0.977459,1.944415,-0.491148,-0.36268,-0.712537,-0.286339,1.898974,0.19174,-1.045074,-0.138788,0.256186,0.957158,-0.305439,0.203095,2.914463,-0.118949
1118,17,2.092382,1.620631,1.496649,-0.509143,-0.072147,0.179031,-1.658856,1.715689,-1.396241,0.41549,-1.195464,0.144883,0.835704,0.536042,-0.824235,-0.61754,0.936866,-0.040443,0.137876,0.945795,-2.450706,0.27514,1.266079,1.779302,0.699006,-0.696801,0.976217,1.86821,-0.602218,-0.683662,-0.121641,-0.378576,-1.979909,-2.29965,-1.261638,-0.595162,0.452358,-0.493428,0.199303,1.369101,2.96773,0.88571,-0.935153,1.002173,0.021542,0.361053,0.971276,0.78522,-1.266081,-1.097016,0.285685,0.715255,2.092577,0.613065,-0.336538,-0.45588,-0.677289,-1.253519,-1.261165,-0.523617,0.114482,-0.735726,0.032369,-0.257181,-0.206309,-0.409312,0.301212,0.03438,-2.582198,0.277374,0.120629,-0.581906,0.183127,-0.665015,0.13597,-0.842237,0.684522,0.357307,-1.406708,-0.670585,0.704084,0.41342,0.151541,-1.096652,-0.652544,0.174297,0.304179,-0.001327,-0.800733,-0.210954,-0.471872,-1.126025,-1.064331,-0.780938,-1.459612,0.471395,0.76399,0.878548,-0.752141,-0.726737,0.252659,-0.448938,-0.297236,-0.297897,-1.566932,1.248059,-1.397223,-1.533429,0.793183,-1.066145,1.052225,0.33887,0.352329,-0.367882,-1.377832,-1.155426,0.103162,-0.102584,-1.176381,-1.111583,-0.844212,-0.058876,0.429692,0.882227,-0.360943,1.398914,0.701699,1.441034,-0.852204,0.565785,1.060826,-1.723773,0.899759,0.403491,0.895696,0.168841,1.116339,-0.409322,-0.504941,0.700365,0.704258,-1.305532,1.169341,1.143471,1.000389,-0.705596,1.22654,0.503847,0.901648,-0.048856,-0.415562,-0.682298,-0.592522,0.872467,-0.747051,-0.595687,0.320545,-0.253476,-1.987041,-0.635006,-0.349187,1.562107,0.647068,-0.966671,-1.06619
1078,23,-1.781884,-0.878848,-0.226867,0.133644,0.185694,1.999877,0.644087,0.576938,-0.493125,0.770409,0.678277,0.657348,-0.122096,0.609641,1.505072,-0.802913,-2.15801,0.803212,0.717128,-0.241867,-0.453338,2.726954,-0.474705,-1.22448,-0.487748,0.48467,-0.621427,-0.400856,0.288863,-0.441099,0.111296,-0.057118,-1.071025,0.055451,-1.169265,0.909692,-0.94293,-0.25348,-1.822484,-0.460908,-1.258283,1.464413,-0.138253,0.499949,-1.754912,-1.249166,-0.187866,-1.366296,1.113216,-0.420222,0.127714,0.279518,-0.170208,0.745868,-0.689265,0.340224,1.163775,0.188015,0.100408,-0.352449,0.033785,0.644277,-0.266292,-1.687023,0.137899,-0.172144,0.439198,0.014904,1.529708,-1.212537,-0.98285,0.618974,-1.040459,0.295896,-0.041849,-1.962613,0.63126,1.323908,0.177374,-1.405935,0.748978,-1.052093,-0.146492,0.379123,-0.794734,-1.692952,-0.168177,-0.071199,-0.868248,-0.79604,0.697961,-0.118678,-0.490937,-0.615268,0.135394,0.061129,-0.200142,-1.393562,-0.395293,-0.646812,0.033251,1.098466,0.897342,0.595296,0.076281,-0.349117,0.294931,-0.497966,-0.366243,-0.854694,-0.086697,-0.109454,1.762782,0.505033,-0.402145,0.721042,-0.494726,0.949916,0.723132,2.78314,-1.088723,-0.105983,-0.146147,0.253985,0.657399,-0.982028,-0.73892,0.259191,0.905616,-1.123189,-1.539429,1.075198,0.782726,1.018759,-0.976032,-0.228024,0.185408,0.392567,-0.1499,-0.082586,0.944562,-0.454467,-0.563585,-0.450266,-0.527469,0.092429,-0.236019,-0.45758,1.337803,0.256711,-0.359222,1.183655,-0.564739,-0.035531,-0.124111,-0.586822,-0.403439,0.046602,-1.41204,-0.408431,0.205599,0.230611,0.251644,2.211656,0.603846
1023,17,0.161637,0.538656,-0.080536,-1.246039,-0.790688,-1.255221,0.215397,0.819417,1.025399,-0.732228,0.235025,0.55407,-0.511149,-0.148507,2.123866,0.205123,0.882959,-0.434834,0.041757,-1.714329,-0.02507,1.192278,2.098899,1.196641,0.686856,0.052964,-0.599969,-0.160272,0.612836,-0.785143,0.933125,-0.984116,-1.779244,-1.012099,-1.665381,-1.372336,1.132133,-0.200152,0.21858,1.158114,1.259102,-0.504596,1.328565,0.384598,0.003327,0.442099,-1.425627,-0.786101,-0.108142,0.609708,-0.372031,-0.127319,0.969435,1.411702,0.767133,1.268422,-0.40436,-0.306435,0.318354,-0.301072,-0.50713,1.652144,-0.201181,-0.966014,0.487398,1.835795,0.080809,1.231373,-0.437848,-0.491314,-0.689821,-0.14341,1.836347,-1.155495,1.637239,-1.008448,-0.233811,0.835791,0.630266,0.28203,-1.649366,0.362234,-1.022365,2.568909,-0.213429,0.18872,-1.146701,-0.47888,-1.291042,0.981533,-0.261972,0.562661,-0.684587,-0.501142,1.288181,-0.971693,-1.801444,0.40624,-1.141333,-0.439466,0.911583,-0.818596,0.87845,-0.681225,1.490679,1.325103,-0.471395,-0.213228,-0.831936,0.200002,1.14917,-1.446757,0.917448,-1.323937,-0.859721,-1.787704,2.104946,0.058702,0.244753,-0.676116,1.066967,-2.103177,0.026665,2.206725,-0.382054,0.017148,0.672233,-0.811451,0.022845,0.960995,0.194392,0.370987,-0.349434,0.315601,0.055766,1.455065,0.724395,-0.243682,-2.446812,0.715722,0.755266,-0.916908,-1.998368,-1.141807,0.926189,-1.064781,-0.459525,0.220394,1.224368,-0.018157,-0.100387,-0.548849,1.630653,1.06595,-0.095123,-1.396579,-0.79029,0.579482,-0.721478,0.892273,0.361459,0.292651,0.653445,0.498588,-0.855178
1238,47,-1.528657,0.293723,0.25459,0.395759,-0.021066,-0.113566,0.358731,-1.201404,-0.542674,-0.243934,0.343089,-0.0461,-0.698199,0.876275,0.271295,0.109753,0.455857,0.164111,1.215792,-0.141628,-0.975134,0.402868,0.5158,0.804636,0.586215,-0.096641,1.520322,-0.579727,-0.643804,0.68107,-0.664542,1.172234,-0.855058,0.200032,0.186019,-0.453471,-1.735901,0.277824,0.272619,-0.004457,-0.467842,-1.251428,-0.639873,-1.750114,1.680952,-0.328454,1.199369,-0.121024,1.475686,-0.56787,-0.686301,-0.762542,0.099555,-0.857984,-1.368432,1.467302,1.308176,-0.633493,0.894215,-2.256432,0.225496,1.95326,1.949646,0.770767,1.127731,0.268384,1.508077,-0.33827,-2.268433,1.105675,0.160412,0.065394,0.647221,0.694747,-1.271359,0.163507,-0.635845,-0.240832,1.15274,-0.035508,-0.55327,0.149616,-0.097554,0.099505,0.871718,0.057469,-0.36164,-0.165213,-0.964155,1.42479,0.663043,-1.772859,-0.075007,1.252991,-1.544044,-0.33116,1.783545,0.426327,0.804729,-0.91069,1.570874,0.585751,1.388124,-0.896358,-0.487841,-0.862665,0.407048,-0.886984,0.1214,1.515972,0.860039,-0.56597,0.544007,-0.893742,0.826993,-1.094795,0.754266,1.020393,-1.230348,0.986334,1.366808,1.585931,1.471163,0.745028,0.767709,-0.523786,1.952478,0.209717,1.08745,0.740132,0.141657,-0.964073,0.754791,0.273662,-0.803656,1.650138,0.495709,-0.302394,-0.377479,1.430045,-0.254626,-0.228485,-1.754142,-0.09788,-0.460565,1.048123,1.450135,1.200478,-1.355974,0.451448,1.560154,-0.088824,-0.034086,0.090391,-1.272882,-0.239203,-0.027184,0.358636,0.234049,0.171286,-0.239723,2.047652,1.405309,0.900885,0.392031
1265,32,-3.728496,0.336912,0.803814,0.707527,-0.575014,5.163147,0.356728,-0.31915,-1.922725,-0.103472,0.667241,0.879872,0.023104,0.206534,-0.741072,6.946683,0.789288,-0.17656,0.611708,-0.199375,-1.006911,0.881921,0.717172,-1.003859,0.253303,-0.832388,0.470022,6.36845,-2.016441,-0.052427,-1.817015,-0.869638,-0.167099,-0.760219,-1.696409,-1.046035,0.23419,6.31249,-1.163678,0.254561,-0.017052,-1.208098,-0.954167,-1.331971,0.850589,-2.837842,-0.393549,-0.446303,-0.980346,-0.526176,-0.369376,8.058146,4.906765,-0.242279,0.780766,-1.372505,11.205356,0.420405,-0.818678,-1.74147,6.516871,-0.514071,2.297386,1.126693,-1.322511,-0.062338,2.795729,0.473699,-0.307245,-0.274716,4.022632,1.816073,0.123145,1.324937,-0.392422,0.208012,-0.655473,-0.095339,-0.51479,0.103544,0.512864,0.131317,8.032287,-1.122136,-0.300056,0.454281,6.54938,0.677389,4.289479,-0.276711,0.41913,2.174548,0.243764,0.764447,0.422296,-0.093927,-0.32452,-2.149351,9.929545,-0.473433,0.579531,-1.088997,-0.500277,0.26274,0.280135,1.17792,-1.41914,-0.820573,0.773183,-1.779115,0.939779,0.499792,-0.532588,-0.748305,0.077815,-0.759886,0.488826,-0.872506,-0.069999,0.397883,0.126062,0.755423,-0.10881,1.156106,-0.823387,0.738367,7.075666,-2.209819,2.092221,-1.147189,0.162112,-0.571653,-0.541236,-0.909407,0.782146,-1.698584,3.876063,-0.24088,-0.445837,-2.707385,-0.467573,4.200362,3.88876,-1.632125,0.178141,-1.280404,-0.04658,-0.040327,-2.093612,-1.197407,-1.069469,-2.127216,1.003918,-1.071019,0.090849,-0.713224,-1.48509,0.589155,0.029957,-1.371862,-0.499827,0.430951,-1.28665,0.520335,7.657725
1208,21,-0.798157,-0.533207,1.193646,0.314963,1.426473,-2.16419,-1.135895,-1.279025,0.266342,1.600332,-1.406628,-0.108132,1.341919,-1.071446,2.218406,-1.171939,-0.863881,-1.792203,0.506248,-1.702437,0.051356,0.020115,-0.617766,-0.468695,-0.423003,0.354509,-0.760504,-0.852048,-1.175553,1.01185,1.35813,0.51006,-1.596221,0.022862,0.496663,0.94472,-0.049587,-0.837357,2.078386,0.00557,-0.78324,0.409497,1.139907,-0.35749,0.531935,0.221332,-0.211088,-0.320749,0.295361,-2.95731,-0.133809,-1.24659,-1.110116,0.337817,-0.385877,-0.317387,-0.111729,-1.961334,-1.654663,1.413713,-1.047374,-0.438013,0.482377,-0.328252,-0.142175,-1.985933,-1.233684,0.193901,0.138272,1.023674,0.65642,-0.528418,0.06574,-0.691376,0.595923,-0.760988,0.427386,0.382791,1.355537,-0.943429,-0.037738,-1.419341,0.941966,-0.244064,-0.673122,-1.110637,-0.80485,-0.345389,-0.352702,1.369915,-0.281593,-0.02083,-2.039115,-0.641206,1.944498,1.693151,-2.255636,1.576048,-0.253596,-1.336858,0.570051,0.745098,0.708111,0.431297,1.523036,-0.109947,0.569031,2.535322,0.113012,-1.540866,1.463207,0.136506,-1.162566,1.710206,1.097594,-0.129909,0.264857,-1.796712,0.13675,-2.207777,-1.259533,1.544013,0.191021,-1.839787,-0.694447,0.784891,-0.266686,0.054962,-0.235783,-1.25443,1.270086,-1.79488,-0.358218,-1.444908,-0.275257,-0.081881,-0.25847,0.143178,0.669693,-2.025818,-0.012786,1.184507,1.559316,0.8688,-1.397973,-0.770953,0.814934,1.12524,-0.480213,-0.341433,0.683324,1.049619,-0.50308,-1.072645,-1.748409,-0.749271,-1.648743,-0.838739,1.082734,0.355578,-0.564511,0.940652,-1.50076,0.431436,-0.625592
1094,49,-0.595904,0.260297,-1.10513,0.252026,0.134077,-0.552099,-0.78535,-1.169421,-0.37661,0.424501,-0.112151,0.178856,1.295267,-0.30145,0.317681,0.854796,0.540018,0.411234,0.103405,1.959546,-0.052039,-0.364391,0.617772,1.666344,1.445367,0.057588,0.860847,0.52638,0.100305,0.680269,0.647062,0.166698,1.756168,-0.352835,1.425373,2.133119,2.147741,0.300179,-0.15781,-1.577684,-0.031628,2.475951,-1.54681,-1.525201,0.866396,0.646449,-1.804657,-0.031903,0.367699,-1.494716,0.989942,-1.304241,1.162004,0.229462,-0.673788,-1.588289,-0.317137,-0.06983,-0.104967,-0.570661,-0.186363,0.899541,-0.88822,-0.185156,0.485292,0.002407,0.89199,1.583623,-0.331089,0.240254,-2.922916,-0.325058,0.695735,-1.101075,1.357023,-1.867299,1.376833,-0.49632,-1.002973,-0.466172,-0.246241,-0.998018,-1.365415,-0.505269,0.970691,0.426856,1.366606,-0.593145,-0.33794,-0.316601,0.162357,0.481157,1.781006,0.723324,0.182466,1.377629,-0.768277,-1.301491,0.685902,0.183732,0.13648,0.951064,-0.320097,-0.097051,0.395908,0.666911,1.002667,0.132462,0.28044,-2.412556,1.241599,-1.560268,-0.030918,2.556102,-0.314896,-1.574612,1.629989,-0.5438,-0.151716,-0.153774,0.749081,0.791172,-0.11254,1.125515,-0.893602,0.687707,-0.613875,0.711164,-0.659577,-0.430201,1.488746,-1.116098,-1.167533,0.583985,-0.260699,-0.422245,-0.134369,2.133878,-1.029219,-0.263225,0.173788,-0.934665,-0.02834,0.492319,-0.904947,1.125015,-1.138674,-0.138734,0.342354,3.191437,-1.74663,0.287361,2.529141,-0.592579,1.095134,0.21919,-1.426733,0.398874,-0.887128,0.090414,-1.49734,0.73466,-2.412825,-0.166967,1.291576
1105,11,-0.730406,-0.941276,-0.197624,-0.313651,0.27707,1.342551,-0.1026,0.565541,-0.545612,-0.455947,0.306999,-0.633835,1.192081,-0.375179,-0.137997,-0.997346,-0.405235,-0.95863,-0.457288,-1.715849,0.008884,1.725883,-1.815273,1.718566,-0.099772,0.885155,-0.968496,2.004209,-1.036794,-0.057643,1.541869,-1.233927,-2.272197,-0.054373,-0.737257,-0.93842,-0.881922,-1.423214,1.39211,1.213814,-1.325837,-0.089393,-0.43746,1.099014,-0.810123,1.611713,0.01775,-0.762418,-0.074311,-0.562395,2.23975,0.159123,-0.463013,0.106522,1.468758,-0.938178,-1.652354,1.307919,0.617775,-0.434273,-0.068343,1.105709,-2.685709,1.270448,-0.164376,0.680266,-0.041921,3.074406,-0.60544,1.100154,-2.576986,0.047006,0.790461,-1.527277,-2.009788,0.103083,1.014086,1.185602,-0.674689,0.351178,-1.399355,1.743815,-0.564086,1.275996,-0.262892,-0.323176,1.62069,-0.862829,1.293902,-0.3508,-0.871632,-0.831112,1.128315,-0.076222,-0.349994,-1.501439,1.174905,1.049447,0.3249,0.778628,-3.241422,-0.529122,0.162644,0.106378,-0.566683,0.23784,-0.728432,-0.653767,-1.244125,0.137794,-0.720966,-0.502489,1.384772,-0.04302,-0.03568,-1.534962,-0.523461,0.981637,0.55127,0.053146,-0.176084,0.066161,0.397605,-0.325238,-2.487204,1.965257,1.135862,-0.154569,1.410582,-1.306029,1.289288,0.190869,0.888078,-0.345799,0.150608,0.584018,1.047944,0.51384,0.443025,-0.592519,1.716301,0.207879,-0.226148,-0.324691,-1.203134,-0.739218,-1.523664,0.203246,-0.082029,0.218082,-1.250692,-0.422806,-0.642319,0.990385,-1.492195,-1.520094,1.283072,0.359967,-1.569235,1.347985,1.491272,1.14063,-2.063992,0.119008,-0.866248
1311,12,-1.240149,-0.730257,0.775699,-1.89721,0.64248,0.605267,1.264548,-1.350653,1.122907,1.171987,-0.81191,0.604039,0.199708,-1.261178,0.568563,-0.030977,-1.33706,0.399945,-0.030651,0.659483,0.473539,-0.409535,-1.002271,1.176345,1.349497,-0.743773,0.786156,0.369628,0.077906,0.768866,-0.032226,2.559072,-0.51838,0.37854,-1.679679,0.412884,-0.787691,-2.606066,-0.203608,0.582327,-0.617696,0.132183,-0.3602,0.126183,-2.110402,0.442616,-1.107368,-0.003012,-0.032032,-0.237554,0.731709,-0.924725,-0.393964,2.261197,1.392147,0.590114,0.418294,1.07938,-0.411913,-1.128901,-0.153209,-0.78031,0.457969,-1.202687,-0.022871,-0.025399,1.08756,0.449761,-0.112761,-0.779116,1.859883,0.088917,0.363351,0.017213,0.203487,-0.472079,1.307165,1.511733,-0.033456,1.108164,0.026812,-0.673666,0.335599,1.703752,0.729401,-1.084915,1.158814,0.785651,0.356392,0.97599,-0.613705,0.355605,0.706663,-0.390675,-0.737063,0.662418,2.206159,-1.702444,-0.237043,-1.614582,-0.207855,-1.299676,-0.059511,-1.058541,-0.512745,-1.058913,1.361965,-0.082706,0.143172,-0.350108,0.057719,-0.586325,0.059,-1.284549,1.062028,-0.177673,-0.382814,0.540984,0.333075,1.066533,-0.859321,-0.615686,-1.070803,-2.1322,-0.495025,-1.411726,0.193656,-2.23119,0.344583,0.633332,-1.355262,0.686655,-0.304135,0.292863,-0.43693,-2.89801,-1.188553,1.427239,0.358465,-0.523345,-0.152159,-0.017352,0.415418,0.222864,-0.372601,1.003345,0.6763,-0.6988,-0.187018,-0.947509,0.033045,-1.564538,0.339218,2.614737,0.497724,-0.253189,-1.067653,-1.898781,-1.928017,-1.000128,-0.895036,0.603173,-1.204065,-0.71809,-0.747862
1224,34,-2.587612,-0.895135,0.005969,-0.218142,-2.114749,-0.072341,-0.410396,0.934993,-1.14398,1.584371,-1.090718,1.707557,-0.036236,0.931277,-0.278242,-1.196201,1.296262,-0.392062,1.074915,-0.896487,-0.914129,-0.129567,1.327218,-0.493654,2.321041,0.069837,1.616663,-1.424811,-0.293519,0.965593,1.299928,-0.321632,2.329494,-0.94506,0.345767,1.573537,1.03515,0.411724,1.202788,-0.603969,0.990396,-1.33223,-0.903572,1.129099,0.979206,-0.134335,-1.00247,-0.145733,-0.582162,1.6248,2.47622,-0.800537,0.456085,0.494499,0.647873,0.441698,0.962036,-2.156879,-0.450073,-0.576396,-0.33112,-1.23221,-0.497177,-0.385692,0.537437,0.377018,-1.052083,-1.186964,-1.599063,-0.551542,-0.577288,-0.540393,0.7655,0.193852,0.883349,0.323621,0.451859,1.016034,1.054347,2.58248,0.009345,-0.470144,-1.736919,1.062622,1.778139,0.096569,-0.285236,-0.888921,0.039719,-2.470668,0.800028,-0.77284,0.539826,1.801012,-1.705659,-0.349242,-0.941249,-0.990028,0.964218,0.94482,0.614987,0.521343,-0.364171,0.252398,0.858009,0.894123,-0.339399,0.493209,-0.60863,-1.423957,1.953804,0.087861,0.023146,-0.699988,0.150315,-0.478689,0.767454,1.511224,-0.486602,-0.793472,-0.022967,0.177422,-0.380181,-1.391744,0.35569,0.14139,-0.032951,-0.577939,0.052282,-0.178453,-0.829946,0.128745,-0.179401,0.389293,-0.19243,0.483479,-1.527878,0.000476,-1.589137,1.625357,-0.046119,0.519949,-0.267889,0.271973,0.245848,-0.296469,-1.520937,-0.827594,0.290558,0.656507,-0.393617,-0.721957,-0.07803,-0.615605,0.469573,-2.031833,-1.221986,0.896338,0.16376,2.335204,-1.026913,1.276446,0.262475,1.723815,1.559034
1171,43,0.734582,-0.656782,-2.281389,0.387169,-0.962455,-0.121456,0.460635,-1.365903,0.353566,-0.838962,-0.653202,0.654767,-1.53279,-0.65573,-0.331929,0.90266,-0.178956,0.559222,-1.178232,-1.573302,-0.255702,1.436349,0.408821,-0.526738,-0.718576,1.219772,0.522135,-1.510312,-2.033213,1.801173,0.055943,-0.084031,0.255553,-0.184404,-0.244383,-0.161551,-2.062523,-0.427005,-0.562181,0.950963,0.863911,-0.474826,-0.227212,-0.022522,1.835615,0.950598,-0.761226,1.323579,-1.018794,1.012446,0.002667,-1.25338,-0.529202,-0.283109,0.95793,1.190065,-1.821525,-0.579797,0.96263,0.398838,0.41123,0.545267,0.652707,1.183065,-0.481038,-2.298266,0.379409,-0.727512,-1.733521,-0.050059,-0.838854,-0.166871,-2.124307,0.41334,-0.160194,0.07759,-0.827702,-0.904131,0.83044,0.516222,-0.366555,-1.294537,0.389932,-0.601818,0.718459,-0.798408,0.063691,0.239216,-0.65077,0.414221,-1.455615,1.1718,-0.522882,-0.528843,-0.291437,-0.466355,-0.803782,0.07186,-0.72319,-0.408929,0.047267,-0.317436,-0.898835,0.659871,1.794716,-0.699412,0.736338,-0.807309,-0.378854,-1.174058,-0.681384,-0.852261,-0.21467,-0.437097,2.005338,-0.961994,0.492481,0.695889,-1.827229,-1.771915,0.738437,-1.24929,-0.412122,-2.679515,-1.153292,-0.343945,0.998544,1.887813,-0.698345,1.326901,-0.089181,-0.31143,-0.296199,-0.312918,-1.562175,-0.155238,-1.181079,0.255673,2.56737,-1.348941,1.537349,-1.169257,-0.400473,0.928757,0.424243,1.090597,1.243593,-0.344253,-0.586146,0.543981,0.426945,1.596271,-2.155692,0.931651,0.420897,-0.353654,-0.857478,-0.8374,-0.829154,1.509575,-0.037672,-0.324087,-0.008277,0.488841,0.673805
1135,24,1.426738,0.834768,-0.707264,0.3939,-1.795626,-0.313224,1.503751,0.658914,2.172425,-0.500422,1.17311,0.110793,0.326649,0.264882,0.787712,1.35416,0.069724,0.392072,-0.095647,0.300138,-0.813948,1.028087,0.726453,0.342702,-0.001878,-0.663776,-0.949247,-1.119227,-0.791239,0.948369,0.449962,-1.43628,-0.970421,1.37824,1.716647,0.879959,2.17221,-0.67622,0.472611,-0.620315,2.29,0.474823,0.466846,0.417835,-0.655063,-0.014125,-2.275247,-0.405247,-0.972528,0.85239,1.414192,0.332039,-0.986369,-1.057517,0.814357,-0.210618,-0.203436,-1.03374,0.313732,0.272124,0.883892,-0.883368,0.03664,-1.370788,0.300943,0.078465,-0.304146,0.986491,-1.220712,1.657644,0.491824,0.663429,0.359707,-0.635292,-0.491512,1.050077,0.063928,0.40398,-0.271807,0.940062,0.745842,-1.233656,2.072832,1.144071,0.929265,0.418693,0.0301,0.9577,2.712118,-0.004848,-1.027783,0.055133,0.16071,1.058537,-1.16136,-0.362091,-0.237687,1.073945,1.209223,0.285714,1.166999,0.189769,0.182625,-2.238685,-0.83421,-1.066831,0.528765,0.145881,-1.02832,0.10576,-0.067905,0.451254,-0.504552,-0.672136,1.286522,-0.216199,1.078176,-0.845271,-0.181777,-0.281543,-0.936842,0.766519,-1.316706,0.280859,-2.11605,0.737631,0.080421,1.176979,2.072617,-0.651684,0.048067,-1.262086,-0.426736,0.096034,0.071136,0.825794,0.534882,1.017695,-0.654093,0.177573,-1.015395,-0.142374,-2.720553,-0.078248,0.077744,-0.439312,-0.381772,-1.690435,-0.630627,-0.577909,0.242572,0.479018,-0.423986,-0.122666,0.375628,-0.876004,1.035758,2.062531,0.399627,-0.464302,0.238151,1.187972,1.291033,-1.326931,0.343279
1098,3,1.600007,1.813013,0.004405,-0.233131,-0.494002,-1.685966,-0.680142,-0.518459,-0.021567,-1.002681,-1.903344,0.6521,1.721451,-2.129233,-0.137164,0.856444,-1.165824,-1.435323,0.034985,-0.231673,-0.635042,1.645874,1.501704,0.659475,-0.0616,-0.31969,0.892023,-0.225407,1.498889,1.259192,-0.591316,0.775665,1.583857,0.673239,-0.925998,-0.246727,-0.317265,0.145556,0.057536,-0.324751,0.887943,1.384964,-0.530546,-1.440549,0.408404,0.04437,0.462134,-0.641623,0.335456,-0.865021,1.137534,1.730412,-0.879733,-2.54571,-0.435528,-0.4712,0.25283,0.07899,0.554372,2.775562,-0.495432,-0.31033,0.497685,-1.784677,0.853234,-0.555029,-1.368912,-0.77694,0.573155,0.912621,1.320004,0.511564,-0.64788,0.632171,-0.002347,2.416974,-1.97976,1.692086,0.851527,0.490801,-0.008458,-0.47719,-0.879106,-1.47201,2.126778,1.026694,0.763659,0.454409,-1.825306,-0.185034,0.216534,1.254319,-0.906614,0.36897,-0.140472,0.12845,-0.680817,0.461534,0.181944,-1.768378,1.316462,2.301147,-0.773839,1.25522,-0.873596,-0.422277,1.868472,0.308931,1.626057,0.403886,1.123816,-0.052147,1.548488,1.903842,0.795942,-0.447784,-0.249123,-0.823993,0.726584,0.643462,-0.575032,1.041773,-0.452885,1.944903,0.951584,1.717507,-0.584376,-0.866969,-1.696117,0.777119,-0.992572,1.475935,0.277767,0.897978,-1.147583,-0.45683,0.320165,0.873875,-1.149208,0.480524,-0.688334,0.949142,-0.08859,-0.158285,0.575215,1.294452,-0.101263,1.362627,-0.856134,0.422581,-0.976997,0.352583,-0.770417,0.174076,0.759965,-0.823777,-1.61011,-0.03595,0.658481,0.36884,-0.768169,0.969915,-0.151929,0.899761,-0.744334
1149,40,0.036765,1.104334,0.411016,-0.561209,0.978074,-0.240463,-2.137159,-0.043568,-1.139494,0.574033,1.558598,0.350185,0.600773,-1.145336,-0.716042,-0.518114,1.973926,-0.353821,0.325895,-1.739116,-0.43841,0.176299,-0.080861,-0.231331,0.478648,0.529367,-1.129679,-1.25573,0.596292,0.842356,-1.282959,0.712351,-1.319904,-0.114731,1.298967,-1.553018,0.041817,-0.166673,-1.06785,0.793494,-0.876787,-0.611436,-1.040468,0.470022,0.590141,1.378145,-0.199032,-0.775144,1.506384,-0.569357,0.706482,1.627513,0.816574,-1.756566,-0.994712,-0.739554,0.858107,-0.735712,0.78863,0.244667,0.189316,0.007616,-0.71555,1.375292,0.148147,1.510711,-0.874192,-1.649036,1.404267,-1.13349,0.130397,-0.353651,-0.138057,-0.313543,-1.071663,-1.174261,0.218158,-0.69655,1.708121,0.083694,1.387561,-0.466499,0.792416,-0.587711,-0.930268,-0.239421,-0.198058,2.567343,-1.320012,-0.650907,0.700728,-0.166902,0.136763,0.760613,-0.144294,-0.716136,-1.353465,-0.076464,0.529656,0.196884,1.149885,-0.422095,0.265518,-0.839996,-1.916846,0.561312,-0.476691,0.62288,-0.626589,-1.546616,-0.916159,-0.313098,-0.699782,-0.299068,0.525568,-0.036484,0.444809,-0.172673,-0.700017,-0.995403,-2.20116,0.558779,1.065642,-1.007709,-0.969536,-0.876463,0.30783,0.066946,-0.259661,-0.079814,-1.679757,-0.157335,-0.218007,0.448565,-0.737835,-0.556219,0.177557,2.621697,-0.627758,1.987926,-0.943499,0.027198,-0.951105,1.326152,0.1061,0.172497,0.99472,1.269496,-0.673927,0.226318,-0.507065,1.130461,-2.101567,2.146874,-0.243873,-2.071037,0.262253,-0.848544,0.016304,0.107183,1.043275,-1.827405,0.375166,1.129945,-1.302356
1218,1,-0.299313,0.131969,0.928533,0.536601,0.792577,-0.515935,-1.381929,-0.858615,-0.381587,0.512805,-0.397629,-0.752784,-0.420006,0.328082,-0.414528,1.105846,0.598509,0.325596,-0.61061,1.716842,0.398477,0.983562,0.562777,-0.372283,-0.356797,-0.316304,0.841358,0.504872,-1.606622,0.599311,-1.549126,-0.570311,1.290889,0.042511,-0.247829,-2.647085,0.667175,-0.271573,-0.099002,-1.305244,-0.982906,-0.087119,-1.956482,0.699898,0.681162,-1.069055,-0.94061,0.078811,-0.030181,-0.864757,-0.137236,-1.098358,-1.620469,0.744277,0.403253,-1.336757,-0.005339,0.121904,1.521492,1.27548,1.436981,-0.352973,1.067726,-0.713035,-1.016136,2.159561,-0.942718,1.320992,-0.524975,-0.642537,1.862735,-1.964356,0.030407,0.464663,-0.794666,-1.091,-0.998697,2.152602,-1.898327,-1.186182,-0.408618,-1.41475,0.721671,-0.978991,-0.526291,-0.161319,-0.908094,0.293251,-1.512281,-0.206874,0.753392,0.933138,-1.392735,-1.625433,1.978778,0.842681,-2.053978,0.884622,0.235993,0.44252,1.495966,-0.200099,0.583525,-0.517086,1.50625,0.593176,1.246463,0.426865,-1.367433,-0.082143,-0.115187,0.258569,-0.901549,-0.644201,-0.661664,-1.27241,0.197442,-0.777847,1.296591,-0.624801,-1.892193,0.045807,1.115632,1.120699,-0.85361,-0.496858,-0.412787,0.386491,-0.589536,-2.829297,0.955814,0.500235,-1.247503,-0.270858,-0.585877,-1.093463,0.096424,-1.263996,-0.259184,0.569106,0.763108,1.786814,0.046047,0.463848,0.50027,-0.688806,-2.021961,-1.096167,-1.922112,-0.001814,1.448438,0.628919,2.227008,0.284792,2.534334,1.845941,0.701807,1.79275,-0.490883,-1.21868,0.470215,1.557783,0.690327,0.751863,0.064225
1205,33,-0.684909,-1.381281,0.391459,0.076846,0.1403,-0.117453,0.318932,-0.653297,-0.922551,0.384077,0.335902,0.512036,0.394973,-1.197324,-1.144598,-0.709522,1.803806,0.581261,-1.093631,0.969058,0.732844,-0.455382,0.671906,0.168977,0.007693,0.281525,1.163063,0.663676,-1.700518,-0.594717,1.34548,2.162051,-1.070172,1.137515,-1.443839,1.23229,-0.228098,1.140832,0.603558,-0.766123,-0.946456,-1.210815,-1.779241,-3.182444,-1.044829,0.08654,-0.354687,0.506495,-0.451229,0.636613,0.434413,-0.409909,-1.188716,-1.888792,0.65771,-0.037177,-1.82267,-0.78858,-0.371989,1.552439,1.035664,-0.20355,0.6752,-1.487447,-0.455871,-0.407236,-1.344501,1.2136,-0.376896,1.284613,-1.585884,0.925215,0.796824,-1.045487,0.308205,0.260592,0.666361,-0.414627,-0.892501,-1.013126,0.172831,-0.60269,-0.01689,-2.384034,-0.270554,-1.757182,0.14896,1.317428,0.325464,-0.284824,0.893318,-2.034885,-0.525327,1.044294,-0.505109,-1.863973,-1.013656,0.49395,0.533164,0.168834,0.941933,0.128695,0.248376,1.015981,-1.795512,2.747401,0.406492,2.2651,0.213506,1.328676,0.577755,0.472423,0.151443,-0.143476,1.520484,0.898611,1.714463,-1.403965,-1.807154,0.550291,1.685811,-1.090286,-1.011506,-0.856344,-0.100158,1.091493,-0.056331,0.327627,-1.564536,-1.855741,0.314877,0.349611,-0.664791,0.259522,0.166976,0.663547,-0.550886,0.029285,1.778075,-0.803158,-0.37961,-0.529749,0.783796,-0.883453,-1.312174,-0.738025,-1.421153,0.284879,1.874512,0.669608,0.568983,0.472579,-0.316474,-1.541168,-1.017285,0.912058,-1.411,1.725492,-1.114082,-0.404148,-0.860499,-1.194404,-0.455646,-0.203892,-0.261557
1039,32,1.075385,1.306555,-0.878135,1.048958,0.715936,-0.066577,0.448264,0.787388,1.738175,-1.082151,0.561341,-0.173203,-0.239607,1.103542,0.777743,-1.04029,-0.314277,0.1924,-1.43359,0.823524,-0.106819,0.128656,0.300337,1.758412,0.004323,-0.385596,1.691248,-0.528168,-0.55105,-1.404705,1.039421,0.238594,0.435944,0.133952,-0.164119,-0.807285,-0.802622,0.397743,0.092928,1.585165,-0.781308,-0.511088,-1.038773,1.334955,-1.248373,0.73489,1.394417,-0.166911,0.689014,-2.132199,-0.41015,-1.667901,0.142482,-0.018475,-0.787732,0.907075,0.324557,-0.544266,-0.533681,-1.480158,-0.20993,2.068872,-0.72889,0.389877,-0.568285,0.768539,0.40913,-0.256215,-1.788269,-0.533462,1.160798,-0.266477,0.596484,-0.50007,-1.869824,0.396398,0.291396,-0.596647,-0.391071,0.261807,-0.610324,0.317453,-0.225588,-2.354415,-0.166681,-0.614135,-0.851178,0.373944,-0.506562,0.5099,1.05726,0.118181,-1.553259,-0.74605,0.879456,-0.278289,-0.820071,-0.111441,0.475289,0.234102,0.616446,-0.83689,-0.292969,-0.270406,-0.042756,-2.092431,-0.254533,-1.34677,1.353403,1.517752,1.641208,0.78044,-0.499893,0.928723,-0.217826,0.585176,-0.911136,-0.599502,0.440884,1.733527,-0.043054,2.209689,2.70618,-1.285209,-0.044685,-0.95861,-0.154872,-0.545296,-0.083316,0.936642,0.911593,0.2404,-0.013618,0.100958,0.109464,0.551323,-0.010577,0.481459,-1.310043,0.768689,1.712308,0.166315,-1.41257,1.320882,-0.340294,-2.970094,-0.230241,0.584634,0.365647,1.212944,0.600205,0.109529,-1.96783,-1.11539,0.164037,0.656551,-1.029322,-0.618507,0.451818,-1.902318,-1.93869,-0.240517,0.236586,-0.486773,-2.282404
1054,17,0.172751,1.063609,0.928739,-2.674691,1.341558,-0.521294,-0.583761,1.392178,-0.291326,-1.394807,-1.349775,0.033621,0.88347,1.477133,-0.194531,-0.492075,1.599463,-0.481067,1.434625,0.211176,0.214024,-0.258464,0.273674,-0.487466,-0.702055,-0.158197,-0.673142,0.281261,0.062438,-0.285023,-0.222467,-0.25133,1.716061,-0.032021,-0.616714,-0.31862,0.63943,-0.223458,-0.173702,-0.279281,0.141516,0.367371,0.420315,-1.65858,-1.090311,-2.650875,0.777504,1.084128,1.275991,0.119746,1.12454,-0.061016,-0.144741,-1.564019,-0.805983,-0.615545,0.893783,1.633658,-0.49256,0.348217,0.251627,-0.797219,-1.744305,-0.776767,-1.460365,-0.340147,-0.166271,-0.205691,-0.193121,0.457618,-0.956024,0.861554,-1.695443,0.036396,0.362111,-0.816835,-1.618842,0.610921,-0.699289,0.753679,0.740212,-0.0329,-0.028671,0.958394,0.348477,-0.958644,0.140138,0.525291,0.174798,0.161618,-0.174336,-0.145486,-0.959781,-1.453716,1.094601,-0.66181,0.194063,-1.522877,0.13034,-0.851694,2.928281,-1.041714,-0.988818,0.911097,1.104539,-2.124502,0.225854,0.846473,-1.245551,0.652247,-0.552591,-1.021073,-0.377056,-0.487383,-1.410537,2.196454,-0.481093,-0.770751,0.820534,-0.100682,1.29701,-0.294233,0.320505,0.063812,0.136758,-0.235738,-0.132512,1.636164,-0.704766,-0.571542,-0.370246,0.537529,0.369355,0.899506,-1.359316,0.228454,-0.203903,-0.3132,0.133628,-1.982693,0.241983,0.114395,-1.445985,-0.123307,1.507834,-0.413743,0.559111,-0.252519,-0.833593,-0.941608,-0.422814,1.260022,0.780258,-0.728573,0.960794,-0.155417,-0.713481,0.397771,-0.932001,-1.583789,1.253302,-1.837964,0.50803,-1.537986,-0.057247
1155,25,0.321785,-0.093195,0.693837,0.455739,-0.433264,0.716148,-0.467607,-0.061159,-0.120641,-0.557895,-0.610632,0.0917,-0.093971,-1.190237,1.668513,1.705282,1.64757,1.184074,-0.071074,-0.908992,-0.979748,-1.690935,-0.30077,-1.678303,0.125788,0.281424,-0.513831,-0.516433,-0.047594,0.572975,-0.317475,1.680186,-0.862636,-0.594278,-0.461868,-0.187924,0.220674,0.543945,-0.313017,1.564191,-1.816399,0.267496,0.047012,-1.334218,-1.401978,0.102786,1.122169,0.38773,-0.084754,-0.317443,-0.492704,-0.40206,0.612938,1.036819,0.518883,-0.686581,0.543499,0.991097,-1.80323,0.293071,-0.545057,0.093406,-1.261111,-1.052822,-0.130948,-0.55845,-0.503094,-0.88274,0.400768,1.017038,-0.961211,0.226726,-0.457651,0.222356,1.054865,0.220782,-0.146182,-1.04819,1.061527,1.567,-1.889541,0.534158,-0.198655,-1.267681,1.649126,0.481244,1.998878,-0.794953,-0.483289,-1.485982,0.037267,-1.665911,-0.340528,1.079577,0.485008,0.904348,0.094019,0.710359,-0.148568,-1.260397,0.432759,-0.094187,-0.806086,-1.106899,1.140892,-1.633074,-0.843944,0.31505,0.55546,0.194199,-1.503068,1.019869,-0.144652,-1.462503,1.013802,-0.130718,-1.81981,-2.615133,-0.193954,-0.652139,0.225105,0.106896,-0.796995,0.376644,0.180159,-1.066847,0.724408,0.156716,-0.217191,0.300597,-0.821613,-0.810236,-0.143082,-0.952329,1.436519,0.203213,0.667898,1.7081,1.371609,2.009492,-0.86101,1.575911,-0.423393,-0.222406,0.185352,0.065688,-0.032116,0.289123,1.470791,-2.138932,-1.427627,-1.271105,0.281027,0.100756,0.371275,1.838062,0.026626,-1.387647,0.417114,1.763059,1.923838,-0.063421,0.148567,0.321357,0.581894
1033,30,2.153116,0.008462,-0.96996,0.927601,0.820662,1.222924,1.787258,-0.939336,1.059522,1.139599,0.000364,0.245164,-3.002782,-0.573949,1.787963,-1.786845,-0.535693,0.287936,0.575563,1.631542,-1.762824,0.042766,0.859672,-1.313649,-0.039689,1.884796,1.316506,0.539498,-2.614081,-0.130334,0.386421,-0.308475,-0.065439,3.083424,-0.214469,-0.96963,0.242867,-0.315673,-0.309748,-0.087098,0.774041,0.237506,-1.201443,-0.132705,0.474448,-0.467725,1.148944,0.777128,-0.990768,0.319794,1.983775,1.560183,-0.056272,0.897612,-0.673863,-1.448077,0.55432,0.246537,0.514151,-0.024699,0.325972,-0.512915,0.473259,0.833081,-0.05841,0.814146,-1.770943,-0.786224,1.444514,1.761673,0.250597,-0.103355,-1.267965,0.363576,0.778439,-1.481789,0.558898,0.490667,0.440865,-1.127527,0.541843,-1.497941,1.488596,0.135183,-1.163652,1.345186,1.15401,-0.650431,2.204104,-1.004143,0.313419,1.182438,-2.270672,1.001463,-0.064718,-0.0157,-1.076862,0.331524,-1.109784,-0.96846,-0.447737,-1.227331,1.572731,-1.328718,-0.75477,-0.316362,0.003571,0.792331,0.818303,-0.302859,-0.384079,0.035031,0.822033,0.697483,-0.516367,-2.059202,2.143053,0.951436,0.263315,0.340442,-0.521593,-1.001058,-0.33248,-0.222467,-0.625249,-1.457151,-0.312575,0.576559,-0.494894,0.021973,-2.070732,-0.207625,-0.121958,-1.226089,-1.729535,0.411827,-0.809652,0.488365,-0.420208,0.623207,-0.338796,-1.506619,-0.086466,-0.328264,0.657372,-0.45059,-0.393071,0.859878,1.166311,0.759444,1.03779,0.454206,0.770354,0.878255,0.40376,0.062933,0.142155,2.404853,0.013678,-0.236808,-0.36426,-0.033345,0.244209,-1.131131,-1.980568
1284,10,0.856922,-0.951138,-0.371537,2.482743,0.589326,-0.425991,7.385342,-0.439001,-0.675373,0.490352,1.402918,10.454696,8.547932,1.309657,1.306941,0.294897,-0.308615,-0.69575,-0.092176,-0.598307,-0.25914,-1.722187,-1.870115,2.631167,5.934863,0.104642,0.953321,0.778113,-0.070382,-1.181849,1.140199,0.532066,-1.114137,0.671208,-0.197089,2.181309,-2.370452,0.486989,-0.927809,6.26278,-1.814214,0.209157,-0.180564,-1.646275,4.487213,0.151423,-1.079058,1.073189,-0.229193,0.029342,1.131818,-1.369554,0.087431,0.722479,-1.413129,9.765424,8.66759,-0.870243,1.490633,-0.304791,-0.597875,-0.995366,0.59223,-0.141329,5.739149,0.288653,-0.259385,-0.024496,-0.239015,0.587796,0.359759,-0.988249,-0.533311,-1.027143,0.144603,9.191359,-0.040185,1.558162,-1.626599,7.708169,1.068107,-1.014,4.456867,6.558135,4.584171,-0.627717,3.747182,-1.536519,4.389776,-0.836101,6.864907,0.013789,0.25994,-0.394255,0.050878,-0.408776,-0.03681,-0.346581,-0.036378,1.297215,0.902702,-2.091942,-0.382991,-1.570673,1.436338,-0.466484,2.0656,-0.088609,-0.890106,0.987098,-2.69644,8.520833,0.933615,-0.090601,-1.468501,-1.238669,-0.196661,-2.141538,-0.123399,0.620664,-1.271623,-1.224223,6.365493,-0.189335,-0.438915,8.267194,-1.588058,-0.084108,0.366067,1.467403,0.519602,-1.624167,1.021999,-0.92262,-0.217871,0.937566,0.787633,-0.682886,-1.539096,1.070784,0.075564,0.272036,0.485336,0.039902,1.786619,0.037526,1.140721,0.765774,-0.747192,0.284011,-0.245569,-0.133209,0.609684,-0.01688,-0.919702,1.375837,-0.271361,1.56376,0.343368,0.885027,0.00728,-1.326173,-0.070301,-0.067,5.179603
1312,45,0.254342,0.583905,1.318101,0.096696,-0.408302,8.769962,0.905553,-0.160573,1.563669,4.950542,-0.470674,0.250005,-0.507156,0.270788,0.710862,-0.183875,0.876841,-2.603218,-0.127818,-0.053818,-1.976939,-0.353072,-1.13012,2.463443,-0.342276,1.597469,-0.883144,-1.250014,0.879998,6.850166,0.838822,-1.670928,0.124555,0.081113,1.107884,-0.566918,0.434983,-3.140791,-0.976579,-0.241498,-0.911405,0.56773,-0.846877,-0.300622,0.472699,-0.142423,-2.540178,-0.326923,-0.097695,-0.049762,9.363154,-0.17966,6.727776,0.117248,-0.151957,13.443385,-0.545417,8.394218,-0.676098,0.17523,-0.271514,0.827366,-0.014164,1.388523,0.102161,-0.428045,0.008553,1.3192,5.224553,-1.181451,1.144007,-2.505023,0.490622,0.619425,0.085951,0.285042,-0.043519,-0.511141,-1.349118,3.52409,-0.455878,5.922383,-1.876699,1.371671,1.186171,1.999561,0.203676,1.258821,-0.463411,0.418143,0.140617,-1.065885,-0.248784,-0.051505,4.31904,0.437374,7.544831,-0.768146,-1.216272,1.055657,0.784879,-0.263537,0.591769,8.015168,-1.026867,0.154092,-0.237751,0.470012,-0.740878,4.774081,3.538085,-1.171053,0.254978,2.10797,0.676307,-0.012753,1.289011,1.054155,-0.645348,0.87431,1.244069,0.740726,0.55736,-0.279243,0.137081,1.949852,-0.868253,0.833073,-0.11707,-1.311667,0.763703,8.035347,1.303186,2.363239,1.303741,1.622862,0.131864,-0.068592,0.141338,0.1688,-0.076353,-0.061701,0.194592,-0.081296,2.690742,-1.295967,-0.15147,2.104876,1.303505,0.07089,0.115412,1.029924,-1.868515,1.753574,-2.070699,0.40871,-1.112857,1.913897,0.577901,14.783961,-1.845161,-0.24352,1.269638,-1.440819,1.598792
1083,43,-0.21311,0.149143,-0.613786,-0.842421,-1.0644,0.02629,-0.758515,0.863207,-2.027958,0.565465,0.532241,1.195426,-0.231598,-1.445924,-0.884834,1.113345,-0.283842,-0.388544,-0.556203,-0.050784,-0.209502,-1.502826,-0.56934,0.991115,1.420062,-0.107468,-0.491269,1.33071,-0.161284,-1.134377,-0.111897,0.686914,1.526985,-0.46317,0.535355,-0.310957,1.120135,0.261376,0.265152,-0.946814,-0.300924,-0.305414,-3.493722,0.842814,-0.000306,-0.193022,-0.341967,0.034254,0.24385,-1.262476,0.130321,0.119318,0.035757,-1.437043,-0.12731,-1.239708,0.347837,1.288795,0.85552,-0.32209,-0.518126,-0.54242,0.347736,-0.639323,-0.512715,-2.430993,-0.819188,-0.754469,-0.516764,1.188492,-1.312441,-1.285816,0.591247,-0.947864,-0.152472,0.175777,0.021816,-0.748446,0.899793,1.46382,-0.969964,-0.258147,0.920226,-0.195694,-0.967016,-0.411738,0.814811,-0.96193,0.252959,0.377167,-0.627835,0.555363,0.654053,0.975701,0.91227,-1.442701,0.875365,0.571727,0.955569,-0.819901,0.884377,0.367531,-1.119043,1.242732,-0.750895,-0.979221,0.392406,-0.58026,0.357528,-0.23145,0.281642,0.799125,-0.024944,0.851037,0.830341,-0.804818,0.838191,0.608245,0.138848,1.093333,1.615074,0.746366,-1.414454,0.441075,-0.117819,-0.250751,0.344913,-0.306265,1.593439,0.278598,0.030267,0.77209,0.78891,1.159467,0.627587,-0.021077,0.145495,-2.078685,-1.408823,1.021504,-0.302531,1.771536,1.761284,-1.198593,0.315507,2.813814,-0.747957,0.397993,-0.207511,-0.218122,-0.254639,-0.001053,0.75521,-0.763222,0.505361,-0.668265,0.524386,0.32315,-0.737129,0.152705,-0.696236,-0.8031,1.149966,-1.748448,0.558498
1008,8,-1.61905,0.883321,2.702279,0.717113,1.263704,0.542087,-0.985016,1.336673,-1.234575,-0.210665,0.278852,0.88291,0.415986,0.386835,-0.761488,-1.289371,0.061481,-0.710195,-1.307786,-1.265946,-0.490128,-1.852579,-1.347469,-1.635137,0.182259,0.407984,2.007141,-1.49753,-0.679597,0.912611,-0.216774,-0.326998,1.70917,-0.338406,-1.156195,-1.31694,0.335694,0.305242,-1.371702,-0.985396,0.534713,0.577267,-0.643222,0.622216,0.571855,-1.783082,-0.312064,0.415126,-0.573076,-2.138932,-0.283015,0.752093,1.580406,-2.190783,2.613321,-1.127136,0.956971,1.234198,0.983017,0.149618,-1.161418,0.626559,-0.715233,-2.522695,2.828899,0.708102,1.818077,-0.911623,1.467503,1.589869,1.55455,-0.021206,-1.202462,-0.177313,-2.202769,-1.702012,0.091939,-0.991398,-0.164447,-0.109,1.930727,1.297627,-0.044873,1.2089,-0.779713,-0.336897,0.910224,-1.241661,-0.278981,-1.320846,0.117472,1.632516,-0.752097,0.225879,-0.897322,-1.149549,-1.23585,1.454752,2.362435,0.483044,-0.716293,0.704892,-0.334324,0.801398,0.290994,0.279704,0.607276,-0.579494,-0.404368,-1.721246,-0.441869,-1.422333,-0.144681,-0.957631,0.101234,0.453239,-1.420123,-0.813279,-0.943312,0.746493,1.706362,0.851537,-0.349419,1.465006,-1.514108,1.499358,-0.656214,-2.780293,2.650805,1.578023,-1.031884,0.169009,-0.214499,0.102221,-1.483286,-0.681494,0.467961,0.222696,1.199239,0.07975,2.349222,-0.715732,0.259332,-1.916318,-1.253133,1.328526,-0.942803,0.530675,-0.061771,-1.044549,-0.348249,-0.514234,-0.487366,0.753608,0.652345,-0.577426,-0.907103,0.282337,-0.100015,1.028282,2.655294,0.842924,-0.03473,-0.172044,-0.856694
1087,46,0.161552,0.482587,0.072493,-1.11936,-0.106028,-0.178508,0.064217,1.489657,1.696959,1.583364,-0.629005,-0.743705,0.025871,0.438707,-2.053782,-0.609224,1.79438,-1.237857,-0.734278,-0.703159,0.491321,-0.061508,-0.320896,-1.514973,0.612821,0.004759,-0.663109,0.027666,0.7908,-1.474668,-1.549714,-1.020244,-0.87269,-3.048428,-0.602181,1.114158,-0.32936,1.018251,-2.876282,-0.112361,1.389045,1.5737,-0.499336,-0.825199,0.385474,-1.218082,-0.364308,-1.67258,0.082846,0.005441,1.630563,0.358343,-0.660404,-0.09233,-1.290337,0.034378,-0.214402,0.421979,0.934304,-2.003213,0.328072,0.739049,-1.200415,1.90375,-0.721964,2.46777,0.785836,0.969543,0.270765,1.011598,-1.037825,-0.807799,-1.965775,0.543615,-0.711659,0.753505,0.598232,-1.343137,0.703106,0.259753,0.201603,0.46155,-0.026425,0.012109,1.057522,-0.997504,-1.205175,-0.762603,1.037549,-0.322885,1.919367,-3.089527,-0.715345,-0.447083,0.27116,1.340246,-0.186975,-1.019333,0.839498,1.552971,-2.561984,0.580801,0.296877,-0.835246,-0.477071,0.289845,0.028117,-0.249569,-1.170305,0.285739,-0.666462,0.086368,-0.588973,0.198926,0.748168,0.234885,0.658128,-1.390934,0.464064,0.28956,-0.629017,-0.166312,-2.805961,0.077615,-0.412812,-2.274012,0.504929,-0.642656,0.275061,-0.242674,0.481227,0.083253,-0.291819,0.490499,0.830573,-2.274292,0.022393,-0.600561,-1.113441,1.302285,0.957189,-1.040836,-1.123445,0.814228,-0.633281,-0.332484,-1.979846,-0.141181,1.131483,-0.467458,-0.12388,1.740832,0.872504,1.41917,0.624863,1.195031,-1.671969,-0.827876,-1.66278,2.216918,0.175324,-0.132131,-0.762403,-1.022335,-2.812846
1021,33,-0.591325,-2.073053,-0.916741,-1.802542,0.437357,0.061417,0.914052,0.356542,-0.634758,0.346201,-0.390425,0.609062,0.315373,-0.988573,0.002199,0.055334,-0.307711,0.894907,1.713051,-0.367734,-0.350698,-2.248063,-0.128919,-0.436183,-2.161179,0.288494,0.591013,-0.734107,-0.372612,-0.966484,0.762542,-1.517444,-0.313261,1.951072,0.051588,0.467932,-0.146654,-1.174426,-0.032671,0.406474,-1.022642,0.341614,1.24491,1.069689,-1.582745,-0.97528,-1.613679,1.071155,0.610329,0.703141,-0.87835,-1.166666,0.076908,0.100984,-0.854253,0.142176,0.644568,0.228016,-1.03938,-2.112662,-0.25888,0.164355,-0.260084,-0.42835,-0.691445,0.715638,-0.052375,0.123221,-0.971524,-0.620422,0.163798,-1.005418,-1.259299,-0.329151,1.200971,0.190952,1.4596,-0.131523,-0.310065,-1.392237,-0.576225,1.435184,0.32755,0.733121,0.705098,-0.009545,-0.204806,0.119184,0.671302,0.457866,0.491972,0.154144,-0.769934,-0.261595,-0.941453,1.004658,-2.102044,-0.217864,2.387212,-0.341535,-1.134785,-0.017955,1.289376,-0.16045,0.613349,0.099953,-0.372873,3.150288,0.071151,-0.537158,-0.489983,0.380574,0.409217,0.772012,0.141144,-1.431618,0.531922,-0.308963,-0.2861,-1.48291,-0.573525,-0.726838,-0.036464,-1.453419,0.050656,0.124336,-1.119768,-0.624656,-0.857554,0.907614,-2.528264,-0.343325,-1.660527,-0.431672,0.846741,-0.630611,0.138389,-0.844775,1.939483,0.913196,1.127191,-1.328181,-1.101079,1.079758,-0.194368,-0.257922,0.333783,-1.255177,0.772867,0.018324,0.47924,-0.670614,0.51323,-0.704882,0.954381,1.129646,0.911886,0.516464,0.633816,-2.705927,0.834884,-0.27404,0.094945,-0.283706,-1.391137
1209,30,1.118666,-1.199197,0.566757,-0.187117,-0.325848,-1.698085,-0.159603,-0.179577,0.001951,-0.268187,-1.179579,1.394689,-0.2718,1.093899,-0.381842,-0.896898,1.170905,1.080454,-0.476004,0.088702,0.394994,-1.456196,-0.578694,-2.109276,0.874913,-2.000306,-0.276628,-1.40634,-0.179463,-0.327809,-0.591685,0.405172,-0.424921,0.766505,0.191741,-1.190927,-0.407795,-0.041608,0.711304,1.133294,-0.290974,0.220708,-0.106485,0.224411,-1.089418,-0.712306,0.710991,1.172418,0.198329,-0.344286,0.397466,-0.726483,1.619983,-1.427565,0.180349,1.102721,-0.430945,-0.980043,-0.592076,0.144166,1.033223,-0.088917,0.396754,0.6778,0.245592,0.54724,0.464198,0.607583,-0.844065,-0.639133,-0.747204,1.833739,-0.224039,-0.458622,1.107721,0.45739,-0.400805,1.056043,-0.922498,-1.108093,-0.861257,1.275086,-0.04925,1.115587,-1.152207,-1.809058,0.219598,-0.346795,-1.926777,0.176373,1.960938,0.195173,-1.393692,-0.73389,-0.81914,-1.988815,-1.054527,-1.139692,-0.512451,-0.550668,0.070718,0.418882,0.363991,-0.042306,-0.936237,0.062705,0.155108,3.303226,-0.39026,0.268791,0.639857,0.70447,-2.04415,-0.260222,-1.511961,0.818641,-1.554521,-1.964762,-0.981026,1.773045,0.899372,0.95592,-0.655159,0.287372,-0.993131,-0.255854,1.051175,1.015515,-0.159836,-0.912911,-0.540445,-1.661578,-1.727619,-0.466794,0.364557,1.118617,1.613007,-0.119531,0.642098,-1.92103,0.510562,2.387374,0.646109,1.485232,0.796297,0.839977,1.127599,-1.178967,-0.466567,1.370896,-0.696808,1.2346,-0.745376,-0.286445,-0.785078,0.946206,0.314643,-2.15899,-1.188934,-1.14907,0.489558,0.333797,-1.866557,0.496342,1.140697
1029,24,0.038484,-0.853031,1.468371,-0.693825,0.683718,-0.315771,-1.226978,1.387975,-2.54011,-0.879542,0.406574,-0.383253,0.725451,-0.125381,-0.478551,2.138421,-0.244447,-0.182069,-1.107353,-0.771688,0.626882,0.541592,-0.020395,-0.722535,0.665223,-1.725504,-0.362397,-0.272667,-0.866146,0.133698,-0.6867,-0.821811,1.785446,0.724624,1.183786,0.035854,0.950009,0.76696,1.199947,2.3559,-0.239067,0.247387,-0.062675,-3.526731,-1.406988,0.009244,0.624602,-0.584385,1.12768,1.276636,-0.420119,1.417836,1.745978,0.458993,-0.986418,1.464097,-0.167679,-0.381035,0.113464,-0.540202,1.070431,0.775724,1.217916,0.580359,-0.794666,-0.159633,0.87538,-0.406942,2.919973,-0.242302,-0.586389,1.148903,0.747738,-0.027926,-0.230244,0.426503,0.835533,0.762714,-0.301662,0.431913,0.843952,0.76497,-3.086336,-0.890263,-0.775865,-0.230325,0.179086,0.921434,0.617685,-0.126953,0.023142,1.75912,-0.612764,0.304489,1.565499,0.345924,-2.043516,0.374928,-0.387355,-0.113101,1.051014,0.469534,-0.264042,0.89201,0.435278,0.105141,0.301008,0.253115,-0.339524,-0.4591,0.025161,-0.954244,-1.258884,1.300911,-0.239693,-0.024002,-0.135044,0.023406,0.022711,0.065125,-0.804946,0.932023,-0.692095,1.034905,-1.918814,-1.061525,0.992124,-0.14815,-0.671021,0.375174,-1.045526,0.076872,-2.215153,-0.452361,-0.649845,0.539616,0.875771,-0.854548,1.608911,-0.592033,-2.055924,-2.379709,1.538961,-0.087537,-0.647328,-0.747898,-1.092216,1.352234,-0.083883,1.790208,-0.199003,-2.350293,0.844434,-0.368195,-0.237078,1.567273,-0.263388,1.161993,-0.004992,-0.751981,0.507315,-0.600682,1.228295,0.959887,0.062734
1080,41,-0.306112,0.794508,-1.240503,-0.198489,0.239392,-0.464435,0.989966,-1.103392,-1.197992,-0.352736,0.775791,-0.307178,-0.583214,0.752836,0.19719,-0.52089,0.101064,-0.245668,0.56566,0.119709,-0.781289,-0.474342,-0.413933,0.337743,0.342109,-0.812889,-0.19882,0.277956,1.033533,0.222089,1.849988,0.006839,0.686042,-0.33009,-0.969894,0.084079,0.444505,0.292029,0.121197,-0.33615,-0.802874,-0.305937,0.430177,0.896564,-3.168391,0.565329,1.018297,1.191434,0.347864,0.623119,-0.444249,-0.102764,0.485849,-1.068223,-0.775971,0.170262,-1.296521,0.031848,-1.440402,0.168135,0.008152,-0.55748,-0.921365,-0.504554,-2.165059,-0.399062,0.094636,1.135942,-0.506284,-0.18648,1.312876,1.64557,-0.486141,0.985345,1.108653,0.475725,-0.964323,-0.921501,0.534535,2.217779,-0.190596,1.484686,1.798167,-1.216384,-0.593372,1.429622,0.917211,0.507634,-0.029828,0.585514,-0.624673,2.382654,-1.124777,-1.742921,0.123999,1.367103,-0.490901,-0.070354,-0.998998,-0.089904,-0.994633,-0.981292,-1.432875,-0.545147,1.768923,-0.074983,0.16612,2.126765,-0.627677,-0.97725,0.482336,-1.20185,0.300497,1.091366,-1.056918,-0.519714,1.612335,-1.037307,-0.673729,0.209328,-0.323093,-0.838424,1.518242,-0.578316,0.299199,-0.414592,-0.240326,-1.339892,0.871438,-0.432791,1.206933,-1.139274,-0.484903,0.440593,0.086284,-0.651023,-0.1506,-1.26754,0.033176,-2.569644,0.146647,1.285332,0.840111,0.799486,-0.423659,0.452054,-0.406722,-0.106895,-0.116206,-3.259543,0.869945,0.418356,0.790792,-0.934682,0.647701,0.443636,-2.169068,-1.716904,0.030602,-0.658864,-0.035782,-0.635618,1.420047,-1.84841,-1.331785
1301,47,-1.216391,0.781913,0.791375,1.916353,1.329259,0.949444,1.093237,-0.091492,0.247316,1.087931,1.695264,0.162343,-0.290686,0.721557,1.013651,-0.51762,-1.535466,-0.529002,0.471012,0.594077,0.274553,1.781509,-1.817145,-0.822203,0.498328,1.363154,-1.756255,2.255722,-0.172942,-0.628439,-0.830834,0.885774,2.724057,-0.210479,1.746996,-0.360449,0.798534,0.918693,0.026048,-1.133897,-0.223081,-1.687072,-0.41716,1.78488,0.406445,-0.537529,-0.898519,-0.615328,-2.077163,-0.010252,-0.609692,-0.044485,0.279663,-0.938822,1.511418,-0.250355,-1.992384,0.972978,-0.247699,-1.525668,0.625455,-0.118169,0.335805,-1.556604,-0.660133,-0.337372,-0.927038,0.049193,0.440902,0.535769,0.91121,-0.03258,-0.557518,-0.651962,-0.776571,-0.35287,1.161061,-0.644917,1.644516,-0.484786,-0.741945,-0.361258,-1.066796,-1.536923,-1.203046,0.965552,1.072615,-2.155029,0.859373,-0.138924,-0.045949,0.804613,0.888903,0.956231,0.18374,-1.273909,0.971492,-1.81538,0.516202,-0.834346,-1.661649,0.353743,-0.212252,-1.122097,0.312793,-0.689424,0.349801,-1.199202,0.349299,0.482043,-1.206344,1.308489,-1.510476,0.468271,-0.817025,-0.653133,-1.152699,-0.195436,-0.283025,-0.838815,0.367836,0.498543,-0.261719,0.416745,-1.372603,0.217447,0.088456,2.647933,-0.935773,0.376184,-0.545647,1.025085,0.412333,0.732234,0.412896,-1.691044,-0.612291,-0.209442,-0.645347,-0.615672,2.512157,-0.790994,0.892753,0.050056,-0.120216,1.516706,0.009515,-1.228867,0.154602,-0.709244,1.645894,0.550925,-0.085372,0.438236,0.98251,-0.876945,-0.040821,-0.38996,0.279125,-0.163854,1.34277,-0.90126,0.997733,-0.4079,-0.965003
1190,21,-0.23641,-1.099672,0.582793,0.84778,-0.91935,-0.101447,1.073216,0.36746,-0.915604,0.873339,-0.881845,1.533893,-0.04085,-1.96042,-0.92133,0.77533,1.819112,0.338673,-0.331353,2.316718,-1.379959,1.023349,-1.601594,-1.823612,-1.143524,0.801378,0.223448,-0.236352,0.396419,-0.764013,1.518549,0.07053,0.514117,-1.370407,-0.10792,-1.276881,0.661537,-1.699794,0.71719,1.034945,0.544157,1.262994,1.5377,-0.334674,-0.529145,-0.515638,-0.04421,-0.251534,-0.271366,1.721432,0.036013,-0.481282,1.481612,-1.18854,-0.111389,0.52401,0.629294,-1.328231,-1.438887,-1.28297,-0.892346,1.150805,-0.137858,0.300122,-0.911777,-0.587882,0.605136,0.307078,-0.342629,0.938031,-0.649254,-0.614053,-0.49488,-0.660716,0.769813,-1.551245,0.383171,-1.940534,-1.820596,-0.060929,0.236717,-0.20421,-2.13144,1.134559,1.050266,-0.91649,1.270962,-0.669797,-0.014255,-0.847001,-1.089428,-1.604376,-0.349346,0.61561,-0.430395,0.569531,0.810818,1.467719,0.985596,-0.005705,0.218144,-0.179207,-0.896725,-1.260464,1.67676,-0.941954,0.524419,1.44797,0.176109,-0.597828,0.355872,1.53556,-0.989113,-0.934834,-0.543153,0.746483,0.779757,-0.604094,0.045819,0.872401,-1.226002,-0.165774,0.399986,0.665812,0.657526,-1.454666,-0.103023,-0.612273,0.203115,0.40569,-0.133497,0.208157,2.166372,1.829456,0.930069,0.030072,2.032258,-0.667226,-1.810648,-0.2225,-0.971118,-2.369893,-1.127805,-0.445564,-0.493222,0.331816,0.580859,0.573502,-1.197952,0.695199,1.577089,-0.286637,-0.269775,0.433688,0.570359,-0.016697,0.370989,-0.99525,-1.837592,-0.649043,-0.457875,-0.131926,-0.599377,-1.002278,0.146481
1304,48,0.12396,-0.528229,0.56812,0.057082,2.348731,-0.449204,-0.215276,-1.467451,-1.330357,-0.434414,0.441316,-1.770501,-1.061046,1.281663,1.627569,-0.146147,0.817549,-1.098468,1.889519,0.142387,1.207205,0.089429,-0.239199,-1.670256,-0.362547,2.970954,0.7246,0.909742,0.177339,0.301035,1.20826,-0.612005,-0.582128,0.588264,0.561576,-0.151173,0.550137,0.655488,-0.02566,0.228955,0.375504,-0.044921,0.031101,0.441764,-1.457432,-0.20919,0.225551,0.398418,0.664268,-0.511662,0.923968,0.958377,0.040179,-0.934894,-0.32643,-0.200401,1.094828,-0.328043,0.519389,-0.680877,1.460195,-0.51446,-0.293165,0.798974,0.252475,-2.065415,-0.074861,1.348418,-2.217394,0.302543,-1.712531,-0.971926,-2.039048,0.836705,0.895314,0.698657,2.986324,-0.440766,-0.115698,0.869247,-1.440072,0.04889,-1.373357,0.895367,0.909644,0.248367,-0.930105,-2.01675,-0.852449,0.773403,-1.185973,-0.069215,-0.547611,1.340932,-1.081442,1.125434,-1.074294,-0.423623,0.747095,-0.261373,-1.462941,-0.549352,-0.038212,-0.250632,0.635115,0.337386,-0.014807,0.542101,-1.086716,-0.49702,-1.958927,-1.01119,-0.632236,-1.724157,-0.011441,2.219152,1.649151,0.030124,0.786497,-0.879027,0.587378,-0.406546,0.447614,-0.690918,0.954288,1.03575,1.34826,-0.373537,-0.696674,1.04903,0.322862,0.831708,1.589412,-0.878261,0.420547,-0.180906,-0.163088,0.473123,0.726911,1.580225,1.184323,1.98765,0.451218,-1.863933,0.226135,-1.135042,0.09114,0.295785,0.001115,1.920994,-0.717047,-0.714679,0.529438,0.540414,0.946412,0.090296,0.351188,0.844212,0.358859,0.47261,-0.494944,-2.152455,-0.231362,0.677958,-1.008132
1192,16,-0.033183,0.492981,1.080012,-0.596473,0.277802,-1.307929,0.630138,1.065768,-2.780918,-1.214608,0.331509,-1.621741,0.020028,0.57012,0.109362,0.684321,-0.101349,1.064272,-0.314143,-0.495406,-0.95105,-1.796343,-0.151252,0.008829,-0.224008,-1.004286,-0.448859,0.952768,0.172159,1.191338,0.412747,-0.455841,2.195441,-0.934785,-1.681222,-0.650573,0.217073,0.765675,0.24368,-0.577236,1.397946,0.360955,0.189486,-0.488167,1.703926,1.270666,-0.850438,1.218778,0.276395,-0.24969,1.177327,-0.616877,0.116026,1.270023,0.221079,-1.353547,-0.637516,0.258924,-0.693161,0.0406,0.719269,-0.543738,-1.230988,0.362362,1.687341,-0.104661,0.465719,0.58121,0.373624,-1.200639,0.5034,0.597165,-0.739822,0.465132,-0.755798,-1.035576,-0.824677,1.142574,0.942915,0.200912,1.692639,-0.706296,0.933809,-0.415176,-2.042576,0.858836,0.323555,-1.400347,-0.352637,0.511651,-0.333273,0.800815,-1.514139,2.206492,-0.115192,-0.718607,-0.512071,-0.654101,-1.600343,-1.120714,0.190112,0.816662,-1.193707,0.394294,-0.408479,2.235127,0.639767,0.775715,0.361295,0.496457,-0.204852,-0.77061,1.664876,1.433098,1.105709,-1.028369,0.008837,0.718486,0.115164,-1.753554,-0.014073,-1.328891,-1.109295,0.554814,-3.158658,1.14989,-1.04097,-0.488829,-0.176758,-0.406122,-0.258717,-0.770965,0.128409,-1.093114,-0.096826,0.001279,-0.264798,1.199695,-0.172564,-0.561131,2.156126,1.449854,0.586142,-0.272536,1.541758,0.344085,-0.135851,-0.127476,0.944708,0.310491,-0.59125,-2.142413,0.768726,0.081406,0.850124,0.248619,0.999823,0.527869,-0.019068,-0.164784,-1.889894,-1.532111,2.075239,-0.86784,-0.679956
1051,34,-1.734102,-0.372299,-1.30715,0.090326,-0.165261,-1.869107,0.699079,0.725897,-1.335995,0.134829,0.683597,-0.282951,0.816345,0.176025,1.024222,0.172437,-0.164632,0.484064,0.745234,0.232217,-0.43912,-0.76696,-0.367476,-0.559993,0.18726,0.152869,-0.09255,-0.013327,0.153875,1.494373,1.14586,-0.567284,0.393146,-0.329379,-0.106984,-0.248386,-0.615431,-1.324592,-2.385299,0.178284,1.123967,-0.888046,0.471779,-0.388145,0.252929,-0.793816,-0.239989,-0.123715,-2.309978,0.190111,-0.150658,-2.411115,0.607705,-0.05156,0.177648,0.328581,-0.422042,-1.058703,-0.450587,-0.433653,2.122473,1.759069,-0.493369,-0.422194,0.288722,0.522903,-0.692729,-0.991772,1.84595,0.997198,-1.528085,-1.733644,-0.825166,0.187245,0.504121,-0.3563,-1.591671,0.185561,0.556298,-0.028677,-0.508208,0.529593,-0.083281,-1.116066,0.062664,-1.285657,0.906371,0.425956,-0.996756,0.176393,1.1858,-2.113618,-0.165618,1.571236,-1.539397,-0.192792,-1.416599,-0.095866,-2.368436,-1.610893,-0.553935,0.104442,0.338686,0.384414,1.090199,0.65087,0.690192,-0.986262,-0.182936,3.080026,2.185238,0.780047,0.693163,0.936745,-0.42491,1.887403,-0.397654,-0.110251,2.102044,-2.068691,0.324916,-1.718883,-0.670455,-0.119874,-0.375519,0.140547,-0.783636,-0.131502,-1.19596,-0.410763,-1.393829,0.615165,-1.303364,0.652375,-0.437305,-0.3286,1.132304,0.076752,-1.896801,0.462493,-2.889836,0.233345,-0.42521,-1.410528,0.0479,-0.334131,1.950707,-0.462901,1.888996,1.336851,-0.633793,-0.836986,1.276145,-0.164589,0.128218,-0.281925,-1.227888,-0.398908,-0.980511,-1.54678,-0.32068,1.73909,1.57322,-0.091272,0.104687
1038,2,0.595877,0.005062,-0.955015,1.334163,-1.789451,1.813179,-0.683385,1.514048,-0.09778,-1.378317,0.040975,0.276657,0.485657,1.002591,-0.947291,0.436217,0.679563,-0.324722,-0.986578,-1.006405,0.691985,0.741232,-0.880039,-1.38771,1.178812,-1.601474,0.103825,-0.857053,-1.802748,0.068323,-0.244738,1.377494,2.206044,-0.24283,0.965158,0.984524,-0.5766,-0.918545,1.547172,-0.41937,-0.081437,-0.345616,-0.188512,-0.657108,0.689083,1.193924,-0.427408,-1.429582,-0.005653,-1.536371,-0.692507,1.168675,2.253849,0.318179,-1.116136,0.720214,-2.291659,-0.747361,1.45989,0.685433,-1.429745,-1.711266,0.794947,-0.103426,-0.646722,0.3543,-0.62742,-1.968346,0.748507,-0.700904,-1.054247,-1.382996,0.192672,-0.856938,0.565097,-0.32206,1.019334,-0.440466,-0.706526,-2.015637,-1.149126,0.660741,2.984222,-1.301247,-1.08822,0.280479,0.41924,-0.729258,0.022768,-1.655047,-0.351805,0.840819,1.570637,-0.221979,-0.313117,0.395082,1.046379,0.429769,-0.801879,0.299942,0.908143,-0.76383,-1.38378,0.452145,0.309987,0.907404,0.034202,-0.694955,-0.488458,-1.076957,-0.99512,-0.61136,-0.533734,1.055883,-1.272637,-0.099584,-0.63777,1.428737,0.209657,-0.42219,0.759891,0.016167,-0.523282,1.477159,0.657669,1.671049,1.101912,0.722657,0.083461,-1.126186,0.65808,0.025155,0.625133,-0.054345,-0.731686,-1.045918,0.650115,1.239474,-0.330912,0.407293,1.331145,-0.873503,-0.381962,-1.156038,1.128513,0.21768,-0.501554,-1.687819,-0.220893,0.949385,-0.3354,-0.462957,0.595549,-1.265662,0.011234,0.553814,-0.814358,-0.86356,0.206442,-0.138252,-0.273572,0.166681,0.182014,-0.95781,-0.700394
1156,30,-0.460992,1.512468,1.493696,0.020962,-0.566313,-0.603765,-1.113223,-1.195433,-0.265127,-0.700141,0.270867,-0.497778,-0.895259,-0.37648,-2.433561,0.353929,-0.237395,1.333112,-0.437525,-0.149369,-0.888458,2.0239,0.265191,1.184375,-0.329455,0.568757,-0.923054,-0.603453,-0.298854,-0.871783,0.701068,0.807755,1.146661,-0.895091,-0.574746,-0.052879,0.622445,-1.237906,-0.274585,0.984474,0.080404,-0.121243,-1.112618,-0.342609,0.655736,0.967647,-1.652101,0.363141,-0.380574,-0.934331,1.758291,0.616444,-1.080186,-1.023053,0.137971,-1.47093,-0.237397,0.44365,-1.322967,0.126681,0.376568,-0.681474,0.316305,0.594187,0.365136,-0.698509,0.778385,-0.368983,0.151099,0.009364,-0.05556,-2.001972,0.957083,0.412222,0.071615,0.540447,-0.459793,-0.195881,0.436912,-2.144205,-0.773614,-0.631572,-0.348953,-0.57637,-0.808145,0.178617,0.701546,0.381669,0.932459,0.438359,1.373946,1.4798,-0.500196,-0.841747,-0.631087,-0.39359,0.648752,0.449663,0.1527,-0.702536,-0.459865,-0.247096,0.160342,-2.973205,0.188584,0.42344,-0.754667,1.32589,0.692722,0.623304,-1.594133,0.715797,0.095594,0.137625,-2.279606,-1.559743,-0.350962,-1.356541,1.215995,-1.146111,0.666136,0.299628,2.691888,-0.001986,1.392643,-0.47685,-1.159952,0.296048,1.194698,-0.571881,0.966179,0.523789,-0.029453,0.159986,0.091447,-0.631022,0.102659,0.369256,-0.75454,-2.578593,0.586866,-0.700844,0.504525,-0.872157,0.337597,-0.260803,-0.351483,-0.088623,0.309185,-1.748914,1.173067,0.950572,0.276772,-1.631747,0.783982,-0.035042,1.564491,-0.487656,-0.224625,0.922328,-2.126501,-0.420446,-0.209837,-2.294604,-0.960584
1266,38,2.484612,-0.016621,0.85323,0.92775,0.658911,-0.605858,0.501866,-0.293442,-0.564637,1.247595,-0.289943,-0.225834,-0.529735,0.631408,-0.456591,-0.15413,-0.002684,0.054064,0.005842,0.128724,-0.015677,-1.143859,0.905914,-0.461886,-0.260648,-1.091727,-0.587882,-0.644427,-0.068942,-0.800701,-0.180688,-2.08749,0.876023,1.24128,-0.989874,3.539113,7.994586,-0.267283,-2.676866,1.168317,-1.530352,0.737435,1.851966,0.189186,4.754792,-0.827406,-1.572277,0.098258,-0.531939,-1.189704,0.412369,-0.128601,-0.72025,0.481727,-1.653054,0.024989,-0.779174,-0.490995,-0.785381,0.736043,1.190338,-1.326963,0.51532,0.329209,-0.127502,10.385387,6.760345,-1.843539,0.032513,0.466707,-0.277429,-1.351223,-0.306542,-1.574855,6.278776,0.641223,1.578822,-0.666422,0.291701,9.212184,5.669858,1.105149,-0.747139,0.359159,1.333373,0.504116,4.388038,-0.299586,0.61926,-0.072059,-0.619851,-0.558526,-0.866055,0.883174,-0.631003,0.569427,0.490178,1.11684,1.785709,-0.47931,-1.25212,-0.047651,1.536305,0.533192,-0.207608,1.681167,0.119956,-0.059634,2.112549,-0.73989,-0.130979,1.013776,-0.142286,0.003098,0.143074,5.749896,-0.564014,1.460133,0.192858,-1.821807,5.153487,-0.931593,-0.857564,1.570561,0.784722,8.713484,-0.029209,-1.20359,-0.375818,0.415508,0.522875,-1.987008,-0.5537,-0.486669,0.42832,-0.965506,-0.188629,-1.806508,2.412836,9.293495,0.274451,0.052538,6.5916,1.228073,-0.705213,-0.338177,-0.41313,-0.544684,0.594248,-0.616817,-0.256356,6.436548,9.755776,0.925879,2.733094,0.940428,0.286135,0.479237,0.616712,-0.833775,-0.04295,1.887002,2.118055,-2.575882,1.836192
1100,26,-0.569575,1.202283,-0.708011,0.282181,0.738112,0.945448,-1.190582,-0.373706,-0.089581,-1.819019,0.694434,0.37665,0.495026,-1.387056,0.173551,0.423495,1.010607,-0.523943,0.662538,1.935176,-0.437204,-0.41381,-0.326972,-1.482029,-0.365315,1.601596,-0.92434,-0.196753,1.178336,0.55458,0.221455,-0.335055,-0.117747,0.007514,0.676595,0.0741,0.926773,-1.847246,0.808169,-0.525253,0.009773,-0.420625,0.633192,-0.118258,0.616807,-0.796285,0.186675,1.212616,1.10109,-0.35232,0.141126,-0.364749,-0.117652,0.017651,1.197222,0.576718,1.441963,1.518565,-1.248438,0.306603,-0.437925,-1.592674,-1.063116,-0.493769,1.652367,0.088485,-0.180486,-0.025418,-0.735775,0.173637,-0.086474,-1.602894,-0.519458,3.312379,0.626133,-0.091163,0.66071,-0.95229,0.093866,0.868437,-1.574094,-0.716803,-0.387749,-0.271992,-0.497174,0.273298,1.007267,0.344577,1.012319,1.032495,-0.57895,0.273731,-0.360795,0.652258,-0.335889,-0.174964,1.672259,-0.166481,-1.520726,0.125377,0.29871,-0.487113,0.077155,1.008331,-0.498408,-0.174384,-0.683928,0.333505,-0.112821,-0.893631,-0.141404,1.800269,-1.657679,-1.342537,0.34075,-1.343999,1.920153,-1.445267,-1.263599,-0.4904,1.06714,0.796364,0.5695,0.303234,1.283553,-1.763677,0.283508,1.410051,-1.02983,0.32595,1.208143,1.235065,-0.119186,1.831462,0.507194,1.059512,-1.031874,-0.723236,-0.727908,1.737532,-2.261301,-1.776975,0.792798,0.157395,-2.872369,-0.37214,-0.284247,1.193907,-1.850556,-0.502447,1.052831,0.758145,-0.880713,-0.263852,-1.42254,1.344618,-0.401826,1.25526,0.795763,-0.844855,-0.124084,0.648434,0.448191,1.502332,1.105717
1233,12,-0.017906,-1.303756,-0.16081,-0.33132,-0.449237,0.240051,1.794255,-0.431289,0.717103,0.219421,-0.324521,0.704198,1.359654,0.772166,0.29339,0.555072,-0.433987,0.996515,0.344399,-0.181528,-0.507635,0.342277,-1.247703,-0.461771,-1.385662,1.484866,1.596054,0.446785,-0.97182,-0.110551,1.773448,0.774894,1.197147,2.410626,1.987543,1.142098,0.430802,-0.271338,0.094791,0.845953,1.189411,0.433755,0.139352,0.707984,2.013197,0.678193,-1.395739,0.143687,0.361273,1.207812,-0.905059,-0.510274,-0.988631,1.590709,0.302119,0.858818,0.97794,-0.05766,-1.760548,1.834066,-1.718658,0.28923,0.573886,-0.154932,0.384184,0.247593,0.340388,0.514525,-1.693491,-1.576522,1.156811,-1.169279,0.294763,1.593799,0.363336,-1.123589,0.143452,-0.016373,-0.074737,0.56932,-0.592218,0.388862,1.338226,-0.303865,0.578281,1.51291,0.587636,-0.410185,-2.142737,-1.295474,0.476974,-0.120351,0.108185,3.472041,0.698249,-0.41921,1.603935,1.551802,0.153941,0.595065,0.413798,-0.058935,-0.867262,1.304049,1.056811,-0.734658,0.444697,-0.587893,-1.011939,0.621073,0.030708,0.029054,0.293627,0.6315,0.709978,-0.69213,0.166412,0.76592,-1.196201,0.294933,-1.149527,0.032857,0.815486,0.342378,0.056824,0.120386,-0.912074,1.20161,-1.03606,-1.805384,-0.373506,-0.802404,0.49362,-0.315814,-1.028685,-1.063036,-1.148034,-1.57861,-0.06604,1.617329,-0.897463,-0.884067,-0.282852,-0.24244,-0.084905,1.305421,-0.121659,-0.031249,-0.022883,-1.133235,-1.029723,-2.249937,-0.690699,-0.789155,-0.115868,0.99608,-2.144813,0.718089,1.697512,-0.075123,0.074273,1.657873,0.715228,0.42899,-0.845705
1146,5,0.0955,-1.658111,-1.345483,1.01766,1.046205,-0.813133,-1.526738,-1.97918,1.162551,0.348665,1.919012,1.277453,2.039554,0.838026,-0.557523,-0.336,1.118049,-1.425653,0.574096,-0.411506,1.293417,-0.555813,-0.733542,0.961569,-3.227098,1.069312,0.295198,-0.600026,0.666402,-0.485155,0.627622,0.091343,0.759172,-0.957186,-0.676761,1.849849,0.308985,-0.183287,-0.910274,-0.524814,0.233432,-1.217459,-0.046866,-0.262537,-1.969691,0.005671,1.222932,-0.440707,-0.218677,0.2551,-0.60939,-1.75455,0.02536,-0.452789,-0.654023,1.386625,0.105291,-0.753518,-0.69455,1.591545,0.80711,-1.789651,0.601505,-0.504492,-0.591303,1.12089,0.713366,-0.856533,-0.0235,0.634306,-0.124249,0.410841,-0.705258,1.291905,1.452938,-0.66705,-1.42999,-0.478639,0.864987,0.203391,-0.059464,0.177676,-1.488601,-0.048565,-0.107961,-0.639342,0.789954,-0.662717,-0.646631,0.698429,0.63144,0.068752,0.228344,0.388861,0.334993,-0.987352,0.835093,2.019262,0.38437,-0.267071,1.176979,0.628843,-0.75441,-0.098011,-0.578667,1.028617,-1.318844,1.257982,-0.68163,0.298098,-0.438559,0.383751,1.164607,0.629777,-1.221651,-0.260023,0.13501,1.888798,-0.515237,-0.403026,-0.778028,-0.053274,0.663028,-0.995606,1.409579,1.267175,0.80859,0.627117,2.456156,-1.064156,-0.552829,2.163306,-1.232524,0.315779,-0.172644,-0.940569,-0.953101,-0.215775,0.272102,0.494785,0.596102,0.069867,0.031871,0.614222,-0.639012,-1.336461,0.842243,-2.091838,0.561503,1.283379,-1.257263,-2.245169,-0.860183,0.307406,-0.975562,1.036876,0.645355,-0.997538,0.770223,-1.451848,-0.458978,0.226693,1.332667,0.79363,1.507225
1313,39,1.245731,1.522144,1.699588,-0.587205,-0.852177,0.184133,-0.201398,1.395936,1.372065,-2.405829,0.206174,-0.232743,-1.00449,-0.385181,0.146168,0.14499,-0.759065,-2.694021,-0.719863,-1.341839,1.316593,1.763791,-0.296201,-0.691419,0.179242,1.463275,-0.102542,-1.195906,0.812599,-2.036092,-1.718295,-0.11829,-0.328187,-0.308251,0.740503,2.035798,1.103594,0.684133,1.152368,0.568959,1.862526,0.071762,0.999385,1.414275,0.405126,0.870797,-0.103153,0.313178,-1.633552,-0.036437,-0.037818,-0.270986,-1.663926,-1.4073,-0.79721,0.069864,-1.118132,-0.800837,0.813304,1.000691,0.139134,-1.644425,-1.110483,-0.519239,-0.933312,0.230827,0.843134,0.137489,1.009559,0.20253,-0.334799,-0.702364,0.986499,0.075465,0.621697,0.276856,-0.813277,3.273418,1.017353,0.634941,-0.542125,-1.760458,0.612643,1.458014,0.376294,0.598148,0.191471,-1.304809,1.1099,0.053396,0.839565,1.808277,1.614278,-0.187279,0.79078,-0.740784,-0.932171,-1.447305,0.06384,1.331738,0.835156,-1.136609,0.985841,0.404097,0.288674,2.332989,0.662771,0.660715,0.955863,0.534868,-0.551753,-1.794338,-0.281702,-0.089064,-1.995698,-0.91579,0.441642,-0.556434,-0.844995,-0.157028,-0.632426,-0.142912,0.69793,0.460902,0.333516,0.78585,0.88907,-0.453409,0.632788,0.84764,0.651785,1.7405,0.67914,-0.153819,0.945139,0.986082,-0.243772,-1.534906,-0.287191,0.668504,-0.685937,-0.33968,0.436348,-1.137119,1.453164,-0.148666,1.047516,0.970836,-0.282887,-0.138045,1.557336,0.86486,-0.63587,-0.259626,0.043688,-0.663601,1.583025,0.941777,1.606366,0.899756,0.512798,1.172568,3.064086,0.598011,-0.140078
1193,8,0.281165,-1.995349,-2.55785,-1.72296,-0.433712,0.822478,0.426253,-0.546572,0.820644,-1.437928,-0.379269,1.102995,2.757079,-0.696528,-1.062903,0.207724,0.244825,0.769351,0.572024,1.647118,1.936901,0.703249,-0.970055,-0.239705,0.202433,-0.193922,1.241891,0.712901,0.3127,0.068207,0.992997,-0.723877,-1.179436,-0.413854,-0.995848,-0.497052,-2.447034,-0.049422,-0.666872,0.764202,1.004385,0.617667,-1.571586,0.217666,0.312643,-1.093536,0.49909,-0.820715,-1.510661,0.442568,-0.495286,2.141629,0.229688,-0.510422,0.164605,0.02902,-0.131801,-0.896993,-0.779209,1.573931,-0.784906,1.669902,-0.784281,0.836414,0.018026,1.414923,0.137729,0.070267,-0.496495,0.263172,0.636643,0.923993,-0.165964,-0.011236,-0.123502,-2.053422,0.239975,-1.198687,0.046312,-0.557092,-0.488819,-0.05774,-1.244545,0.020469,1.593462,1.615155,1.827585,1.200722,0.475096,1.984556,0.014594,0.959914,0.628199,0.239024,-0.799623,0.360935,1.932993,0.405423,-0.260586,0.274548,-0.303664,-0.009237,-0.758451,0.807764,-0.290704,-0.105127,-0.009611,-1.55009,1.509474,1.776592,-0.605473,2.628332,0.132074,-0.383095,0.352339,0.495389,-0.491887,0.467416,-1.239628,0.809994,-0.588063,-1.439954,-0.000348,-1.232032,0.972815,1.580659,-1.111136,-0.475033,-1.156719,-1.169195,-0.879387,-0.080725,-1.428567,0.804131,2.267534,-0.9814,0.03973,-0.534594,-2.544394,-1.962123,1.802801,-0.042584,1.62637,0.098672,0.900374,1.141183,-0.473903,1.434282,1.364509,-0.233074,0.108371,-1.124706,1.653208,-0.904125,0.102389,-0.516881,-0.388818,0.985396,0.229001,1.200944,0.047659,1.184394,-1.024556,-0.695965,-3.414187
1315,7,-1.514401,-0.391149,-0.660248,0.597584,-0.801095,-2.270682,0.220077,-1.089265,0.016865,-0.234693,-1.2942,-1.486929,0.648016,-1.466307,0.240281,0.665565,-0.852144,-0.853704,-0.399722,-0.418227,-0.149279,-1.392525,-0.556384,-0.585976,0.302314,0.149906,-1.49862,0.079411,-1.335565,-1.299038,0.020115,-2.928344,-0.633851,-0.075342,0.034879,0.763153,0.234075,-0.252764,0.143217,-0.327467,-0.5432,-0.027894,0.463223,1.677888,0.564845,0.468781,-0.342675,-0.708327,-1.144432,-0.395336,0.781717,0.872226,-0.067935,-1.190983,0.238243,0.23321,-0.147217,0.900479,1.211899,1.341732,0.566318,2.108351,-0.033233,-0.089359,-0.016149,-1.162691,0.283088,0.632627,-0.436884,-0.519284,-2.326419,1.730091,-0.716216,0.170371,1.039296,-0.247203,0.762358,0.669307,-0.384991,0.904146,1.283692,0.19062,0.810621,0.46146,1.061195,0.128082,-0.387669,-0.99075,-0.268444,1.203013,0.973498,-0.545275,0.119668,-1.084943,-0.625459,-0.989976,-1.833239,-1.299591,-1.125242,-0.928129,0.64574,-0.28391,-0.851079,0.600334,-0.039181,-1.6563,0.757876,-0.278213,-0.087386,-0.260595,-0.607367,0.206131,-0.126087,-1.586315,0.715015,0.374827,-1.604596,-0.014587,-1.133657,0.670862,-1.491762,1.10238,-1.124336,0.53407,0.923541,1.923252,0.252974,0.154097,0.492201,1.239733,0.262653,0.62534,2.590343,1.184709,0.107144,1.347549,0.519372,0.380276,0.36045,-1.432933,0.203132,0.131816,1.270509,1.388662,-1.482783,-0.46889,-0.502925,0.266199,-0.291743,0.823256,-2.035925,0.523987,0.423284,0.371224,1.184267,-1.261045,-1.126519,-0.307274,0.611913,0.722205,-0.763084,-0.032354,-0.165416,-1.493177,1.306729
1139,45,-2.630514,1.843485,-0.059485,1.235912,-0.270207,0.508413,0.593998,-0.643501,-0.605804,-2.929062,0.526593,-0.188484,-0.257259,1.194657,0.319612,0.204184,-1.926832,0.127076,-0.322753,0.955224,-0.527289,-1.256811,-0.260437,1.823527,-0.902174,1.260806,-0.198728,-2.063095,0.594986,2.33688,0.428379,-1.099767,-0.246284,-0.914202,2.853633,0.530457,-2.407212,0.801821,0.426062,-1.055676,-0.641,-0.09929,1.706111,-0.55694,-0.788844,0.936465,-0.665998,-1.07536,-0.165266,0.800886,0.121248,-0.402629,1.418254,1.372097,-1.63752,-1.191123,-0.95437,-0.246261,0.142013,-0.105832,0.046249,0.42534,-1.318235,-2.221288,0.270319,1.225716,0.169234,-0.440695,0.537781,-0.349863,-1.331876,-0.406619,0.744192,0.303626,0.664253,-0.521767,0.537462,1.413017,-0.349195,-0.514081,1.217125,0.084116,-1.189844,-0.433556,1.300822,0.349308,1.855224,0.625622,0.246846,1.045598,-0.6221,1.059971,-0.095949,-0.259862,0.388793,-0.474125,-1.134605,-0.904731,0.513284,0.293297,0.07738,0.71635,-0.895639,-0.413711,1.624999,-0.953825,1.276579,-0.269645,0.523859,0.23565,-0.254985,0.111702,0.956905,-0.696813,-0.947827,0.860304,-0.394804,-0.168921,-0.184792,-0.422167,-1.796717,-0.094888,-0.460059,-1.344041,-0.558695,0.236891,1.726172,-0.538543,1.336624,-0.451162,0.464455,-0.251352,0.747696,0.141819,-0.385927,-1.532514,0.987725,-1.491509,-0.600823,1.764797,0.243638,0.089333,0.131264,0.249914,-0.334222,0.346113,-0.154856,-0.323762,0.474058,0.637116,0.358002,0.952809,1.866472,1.718451,0.112437,-1.074847,1.150337,0.12773,0.782361,-0.336367,0.866132,-1.0862,0.18808,-1.315368,2.023764
1005,23,-0.464508,-0.839836,0.784328,-1.148099,-0.484357,-0.029601,-0.978679,-0.957325,-0.475623,-2.10044,-1.445478,-0.413034,0.148231,-0.18576,-1.773969,-0.463786,0.798438,0.555866,-0.078748,-0.88737,0.631216,-0.578929,-1.169248,-0.802186,1.448345,0.22018,1.159247,-0.479336,0.938149,-0.601504,-0.157427,2.48635,0.767149,-0.50117,-0.084819,0.326223,1.210458,-0.489133,-1.741319,-0.279642,0.015385,0.109538,1.31669,0.316687,0.812917,-1.101114,0.867901,2.09622,0.772909,0.253556,0.153988,1.787142,-0.927181,-0.111102,0.460208,0.744001,-0.437328,0.307321,-0.277921,0.120471,-0.132092,-1.141594,-0.021114,0.877152,-0.967018,-0.241092,0.66478,-1.069865,0.182638,-1.06013,1.134631,2.312821,2.022255,-0.219181,0.740199,0.120998,0.102106,1.547757,-1.31918,1.055295,-0.048976,1.408541,0.187233,-0.672672,0.27714,0.735967,0.035764,0.488038,-0.521675,-2.133884,0.900024,0.69916,0.148178,0.068411,1.036296,-0.457107,-0.706534,-0.18855,1.189097,-1.387113,1.19183,-0.639253,-1.100743,1.260062,-0.09689,-1.300234,-0.358733,0.931052,1.192074,-0.427099,0.406321,0.714085,-0.644626,0.355036,-0.031878,-0.536024,-0.492148,0.067034,0.029853,-0.56549,-0.425945,1.113337,0.213827,0.885094,1.201822,0.588842,2.270886,-0.825304,0.80841,-0.318144,1.855783,1.70044,-1.954211,-0.968866,0.664313,0.789867,0.736564,-0.070865,0.455121,0.653021,-0.077871,1.027302,-2.259497,0.633794,-1.034053,0.958678,-0.228684,-0.888787,0.373902,-0.911333,-0.912768,-1.567294,-0.026708,0.496824,1.023026,-0.141728,1.047855,0.017961,-0.093288,0.573563,1.058393,-0.341434,-0.243762,-0.160831,0.082769
1020,42,-0.465138,-0.127316,-0.000114,0.107496,-0.170864,0.999246,-0.008679,0.174061,-0.051453,-1.003024,-0.829967,-1.050007,0.192649,-0.713493,-1.061388,0.238106,0.525032,-1.760809,1.689673,0.032281,-0.105167,1.066775,0.069812,-0.603859,2.194574,-1.074396,-0.097621,0.847195,-1.069645,-0.102028,0.386565,2.401647,-0.892797,-0.047662,0.658707,0.081045,-1.202847,0.408129,0.10755,0.445631,1.131466,1.013196,0.407762,0.310586,-1.098472,-0.134315,0.220322,-0.401015,0.097609,-0.82532,1.534326,2.152079,-0.389546,0.400359,-0.234159,1.262861,0.434997,0.077334,-0.223663,0.126127,-1.000371,0.675532,-0.713995,0.534882,0.129635,1.094943,-0.016993,1.023071,-0.922353,0.609445,-0.224097,0.194218,0.07175,0.936291,-2.019613,0.323082,-1.494499,1.206817,-1.972743,-1.003782,-1.673879,1.639236,-1.288999,0.113915,-0.535793,-1.799762,-0.337288,0.662735,-0.184268,0.94108,-0.361925,0.006858,-0.384799,0.343568,1.898912,0.362241,0.194441,-0.618415,-0.75548,1.464069,-1.112238,-0.913142,-0.097451,-0.42631,1.956189,-2.366232,0.361362,0.71271,-1.120494,-0.644577,0.43261,1.629513,-0.920513,-1.579222,0.97247,1.523743,-0.335032,-2.213787,1.451864,-0.19853,1.123898,-0.043482,-0.375647,-0.451913,1.473445,1.434451,-2.13785,-0.936255,1.777079,-0.367293,-1.360473,0.004466,-0.108367,-0.097345,-0.479563,-0.310077,-0.455908,0.333907,-0.81274,-0.289644,-0.144074,1.305741,0.373411,-0.1097,0.536188,0.406118,1.087835,0.506513,1.793911,1.344617,-0.041001,-0.41451,0.882556,0.516629,-0.094569,-1.476952,-1.832374,0.348259,0.770842,0.803435,-1.287172,1.037344,-0.534157,0.388422,0.416691
1178,6,0.739371,-0.219892,-0.600023,0.307501,-0.461186,-0.037472,-0.725068,0.462105,-1.654843,-0.098051,0.555741,0.855952,0.537903,1.281016,0.246366,2.537863,-0.50693,-1.98804,-2.146735,-1.861931,-0.030361,-1.689285,-1.455882,0.672683,-1.775093,0.052046,0.843144,1.144884,0.217011,-1.387711,-0.990806,1.399991,1.550719,-0.435253,0.8458,0.730295,-0.355221,1.019262,-0.893138,0.567481,0.584081,-0.160332,-0.568293,1.518215,-0.796383,-0.889671,-1.393648,-0.232203,-0.194954,-0.813387,1.099235,0.116354,0.57297,-1.376005,-0.321783,1.547558,1.048849,0.465673,1.146461,0.739506,0.322849,0.42152,0.499952,-0.371626,1.76999,2.42746,0.201799,0.011131,2.378943,0.498278,0.633449,0.523956,0.153743,-0.27262,0.852964,-1.38698,1.117877,1.563773,-0.151596,-0.301879,2.026861,-0.092056,-0.47203,1.009022,-1.012112,-1.98543,0.083181,-0.436149,-0.697736,-0.65625,-0.538123,-0.223053,-2.189218,0.84973,-0.261405,-0.302293,-0.239653,0.884188,0.369112,2.273537,-2.082861,0.886146,1.03444,-2.822757,0.624816,-0.058035,-0.077308,0.043966,0.448966,-0.329412,-0.668929,1.014937,0.050258,0.8862,2.709569,-1.305599,-0.848201,-0.663967,-0.059669,1.714148,0.488661,1.13554,1.934281,-1.944122,-0.312512,-0.642013,0.460796,-0.991956,1.661895,-0.46457,-0.732491,-1.011769,-1.278066,-0.011921,-0.560994,0.344042,-0.451357,0.486472,0.238716,1.117858,0.757218,-0.5092,1.265099,-0.540928,-0.875706,0.903479,-1.231286,-0.658572,-1.500611,-1.475133,0.309604,-0.909886,1.684071,1.460526,0.362196,-0.653124,-0.011991,-0.246098,1.133061,-1.888836,-0.160994,0.084423,0.407221,0.699279,-0.388703
1082,25,0.841948,-0.085598,0.439108,-1.130711,0.035624,0.155899,1.368141,2.047248,0.307212,-0.338895,2.118924,-0.092114,-0.044392,0.105966,0.452478,0.685284,-0.536876,-0.094334,1.79896,1.535257,0.435164,0.272164,-0.20687,0.987864,-0.477432,0.131141,-0.420637,-0.579501,0.05092,0.018847,-0.536319,-0.046906,0.07935,-0.431138,-0.607445,-0.115568,0.682075,1.067817,0.192266,-0.240988,-0.012933,1.832463,0.885408,-0.888288,-0.033479,-0.487419,-0.33027,-1.584475,0.042796,-1.274012,-0.542869,1.459009,0.966484,-0.809262,-0.965973,-0.849838,-1.775667,-0.915723,-0.239622,-0.978589,0.736266,-0.031502,-0.488217,1.681991,0.691643,0.084417,1.776651,1.268313,-0.653226,0.325918,-0.398752,-1.349432,1.825631,1.447091,-1.19202,0.486971,-1.545792,1.041738,-0.03218,-0.259028,1.21783,0.027755,-0.228645,0.889735,-0.270773,0.851764,0.020638,0.80764,0.61793,0.773986,-0.943208,1.817693,-0.135583,1.703519,-0.551593,-0.242445,-0.232366,1.126353,-0.389518,0.417971,-1.482221,-0.440149,0.233983,-0.084424,-1.777532,0.499362,-0.907341,1.880005,-0.163889,2.188532,0.657261,0.461707,-0.44177,-0.093,0.454756,-1.853016,0.97649,-1.106793,-0.229201,-2.61188,0.456734,0.737841,0.291997,0.329525,-0.339115,0.165541,1.183696,-0.391494,0.502992,0.719992,-0.207682,0.248075,0.229519,-0.459144,2.366395,-0.399599,1.670757,1.051162,-1.946467,0.261129,1.014834,0.80633,-0.855215,0.268516,-1.140982,-0.986994,-0.213726,0.200109,1.571194,0.364011,1.043326,-1.144208,-1.101985,-0.452909,1.714414,-1.279438,-1.516169,-0.05664,1.169667,-1.563598,-0.228856,-1.299846,1.420991,0.68722,0.28153
1096,47,-0.741491,-1.992834,-0.653895,-0.294901,-0.540204,1.120397,2.178171,0.277898,-1.887129,0.936778,-0.748446,-0.060758,0.736478,0.263753,-0.172498,0.182309,0.653842,0.522823,1.966622,-3.101104,-0.888668,-0.691474,0.718592,0.115227,0.745037,-1.533899,-0.325902,0.538334,-0.15866,-0.506758,0.165655,1.540876,-2.215979,1.480943,0.170888,-0.964087,0.550752,-0.067217,1.100936,-0.913515,0.859383,-1.014162,0.211281,0.587929,-0.189289,0.532802,-0.703766,0.954379,-0.610921,-0.811685,-0.223655,-0.159061,-0.945599,0.689684,-0.230762,0.498296,-1.600108,-1.421762,-0.37291,-1.099256,-0.239578,0.4538,1.007943,1.362833,0.67932,-0.813055,0.443616,-0.629768,0.435695,-1.160039,1.23917,0.308102,-0.391583,-1.465539,0.176163,-0.630943,0.146477,-0.816945,-0.647215,0.517034,1.374317,-1.368571,-0.298276,0.286758,-0.257204,-0.542554,2.061196,-0.942953,0.257792,-0.590853,-0.199138,-2.388193,0.784522,-0.312974,-1.067843,1.560954,-0.378813,-0.715021,-0.947427,0.965158,-0.072223,-0.410829,-1.425495,-1.00426,0.243891,-0.122408,-2.114007,-0.975094,0.125608,2.582147,-0.854234,-2.324256,0.664841,-0.58078,-1.422277,0.462109,-0.333503,-1.064826,-1.413047,-0.224345,-0.014552,-1.879192,0.884223,-1.370168,1.299662,0.23064,-0.287707,0.234578,-0.69396,-0.16649,1.545866,-0.672254,0.71608,-0.998417,-0.120239,0.8632,-1.302433,0.234967,-2.251004,-1.247625,-0.518991,0.78179,0.616194,-1.014992,-0.232073,0.085254,-1.664681,0.322686,1.250048,1.142906,-0.691807,-0.508812,-1.036515,-0.596116,-0.350437,0.581215,-0.018143,-1.028928,0.719063,0.780159,-0.710968,-0.347238,-0.202699,-1.744449,0.035166
1058,4,-1.171046,1.221765,2.188206,0.473023,-1.063605,-0.758822,-0.240131,-1.18763,-1.155784,-0.165099,-0.085741,0.700568,-1.105439,1.967794,1.156696,0.985852,-0.556457,1.835143,-0.248234,1.911494,1.166775,-0.802294,-0.359452,1.967055,1.097164,-0.060296,0.299371,0.293896,-0.67813,-0.105069,-0.565163,-0.333711,0.562314,-0.862993,0.822385,0.205259,0.858768,0.98565,1.343284,0.724423,0.803481,-0.084942,0.665304,-0.806692,-0.151345,0.845439,0.043114,0.541874,-0.963079,1.465401,-0.482773,0.491442,0.072274,1.029633,-0.288203,-0.907027,-1.806711,-0.212113,-1.101636,0.630827,1.539766,-2.135391,-1.197676,0.404662,1.332382,0.401279,0.419791,0.602081,0.671598,1.743153,0.709089,-1.149741,-0.379212,0.305212,-0.719451,-0.167139,-0.432885,-0.608834,0.791089,-0.296211,-1.002149,-0.623806,0.13222,2.21575,0.35418,1.585343,0.591341,-2.06486,0.475022,-0.761902,-1.266709,-0.98884,1.892057,-1.493022,-0.529244,1.258866,0.762508,-1.626834,-0.018098,-0.425644,-0.103116,0.849823,-0.486731,-0.22895,1.561946,-1.762263,-0.282222,0.565443,-1.162053,-0.542519,-1.230985,0.248731,-0.535561,0.884284,1.12004,0.138318,-0.290849,0.353752,0.1494,-1.134712,1.170559,0.318499,0.885498,-1.2811,0.974006,2.213238,0.711165,-1.370919,0.127383,0.03059,0.309741,-0.145768,0.589402,-0.37909,0.321,-0.605159,0.188737,1.092594,-0.406151,0.761209,-0.806266,-0.28697,-0.15037,1.345351,-0.685126,1.316631,-1.390835,-0.072235,1.008061,0.788585,-0.93227,-1.148117,0.972156,-1.187356,0.671402,-0.440133,0.074511,2.423589,1.651122,0.933673,-1.305825,0.408127,0.138546,-0.01686,1.435157
1321,16,-0.937251,1.25957,2.277405,-1.077096,0.351423,2.415923,0.063165,7.367355,-0.830695,0.629169,-1.078957,-0.315086,-1.192248,0.592604,-1.00671,4.122185,2.254974,9.469981,0.397278,-1.257628,0.81193,0.438115,0.942577,-0.17202,3.018798,-0.355744,1.170413,0.388825,0.264046,10.656123,1.018185,1.130135,5.4567,3.494716,2.952882,-0.079117,-0.576098,-1.031453,1.312554,-0.329712,0.223159,0.754459,-0.460562,2.633702,8.389126,-0.012365,6.15605,-0.906995,-0.748294,1.815262,0.301225,-0.250136,-0.213574,2.162426,-0.826195,-0.499609,-0.666682,-1.061998,-1.285604,0.83332,1.260527,6.523397,0.986796,-0.451103,-0.323427,0.968417,2.574801,1.252357,-0.460447,0.927005,-2.274451,0.615599,1.145701,-0.557915,-0.666238,1.603464,-1.102076,7.710334,-0.649478,0.395822,-0.014605,4.51118,0.415993,0.693367,-2.629405,-0.722771,5.659213,0.709781,1.478045,-0.378734,-1.01092,0.44228,-1.470314,-0.460669,0.673868,-1.134906,-0.686664,-0.246123,-0.4238,-0.75827,-0.242423,-1.140344,-0.461628,0.992879,2.000456,0.39316,0.592941,1.499879,0.865069,0.800067,-0.857376,0.019959,-1.772702,6.148168,-0.808628,1.210165,-0.219967,0.015454,-0.29238,0.532526,0.946855,-0.433316,1.359499,2.461986,-0.4873,-0.913631,0.645772,0.823272,0.034191,-1.498892,-0.916719,-0.050607,0.780031,1.489349,7.691461,0.428445,-0.023237,1.053982,-0.653425,-0.769601,0.968,3.484505,0.86016,7.747167,-1.041386,-0.958351,-0.389237,0.625746,1.396388,-0.524235,1.685637,0.37613,0.108255,-0.68361,8.905502,0.579225,-0.502012,-0.240879,0.698883,-1.16283,1.01175,-0.094251,6.764307,1.218718,-0.533837
1150,8,0.789977,-0.547528,-1.912383,0.138479,-0.484029,1.535426,-0.244475,0.686171,0.333866,0.178641,-1.241501,-0.732579,0.090997,-0.092891,-0.117361,0.752425,0.035889,0.698538,0.076811,0.362692,-0.529197,-1.498147,0.82965,0.845691,0.630887,-0.810498,1.08033,0.085402,0.15622,-0.676141,-0.497439,-0.63786,0.353007,-0.691493,-0.038553,-0.553892,-1.281699,0.041249,0.115271,0.062347,-2.938345,1.01273,-0.020627,-0.959753,1.880118,0.013361,0.720631,0.11629,-2.302793,1.173625,-1.139511,1.060431,-0.13929,-0.863469,-2.435905,-0.480632,-1.009663,0.018594,-1.100742,0.694703,-0.539899,-0.459013,1.950254,0.762744,-0.653041,0.34737,-1.610881,-0.756518,-0.189594,-0.750251,-1.007877,0.617135,-0.612454,-0.817389,-0.610963,-0.667083,0.760448,0.269738,-1.498326,1.299884,1.045088,-0.300441,-0.995404,0.000639,-0.586433,0.488145,-0.059345,1.228159,-1.619417,-0.627549,0.255055,-0.508545,-0.435586,-1.156558,1.855097,-0.200217,0.660452,-0.7882,-0.478808,-0.095792,1.589525,1.321235,2.017144,1.468294,1.435551,-0.23208,-0.702562,1.261596,-0.724295,0.500183,-0.624139,-1.051126,0.036583,-0.89894,-0.323511,0.834433,-0.211654,0.957599,-0.461546,0.315679,-1.012659,1.266824,-2.019058,0.25504,0.523337,-2.575397,-1.62862,-1.515728,-0.107021,-0.283277,-0.357468,0.573565,2.201986,-1.019695,0.323612,0.017225,1.038394,-2.106379,-1.609638,-1.080237,-1.088674,0.207717,-0.495514,-1.999415,-0.760477,-1.613671,-0.778704,-0.221528,-0.802753,1.1612,2.171373,0.45566,-1.5465,1.364775,2.015559,-0.216383,0.335921,1.03994,0.161565,1.195258,0.509237,-0.633303,-0.513056,-0.279433,-0.702797
1107,19,-0.079264,-0.457671,1.680049,-0.292382,-1.616661,-0.031378,-0.737608,-0.744954,-0.451479,-1.313082,-1.939695,1.947762,-0.131247,-0.941156,0.619117,1.330564,-1.754375,-0.452187,0.276639,-0.849901,0.446355,-1.243637,-0.671952,-0.126603,0.423866,0.033862,-0.687379,-0.374543,-2.122982,2.131558,-0.415368,-0.301045,0.259784,0.566081,0.337633,-0.684743,-1.66616,-0.181036,-0.805683,-0.560174,-0.00878,0.234245,1.286725,-0.154702,-1.736328,0.578225,0.920763,-1.654831,0.599088,0.179225,-0.552194,0.163093,0.381245,0.584244,1.14089,-0.021579,-0.015012,2.410156,-1.080005,-0.283478,-0.364071,0.760406,1.100049,-1.33239,1.224464,-1.199451,2.60487,-0.68027,1.098319,-0.276446,0.702435,-0.757809,0.124733,0.015053,0.084998,0.788148,-0.449264,-0.332219,-1.325505,-0.146733,-0.499823,0.877874,0.664336,-0.732139,0.435866,1.308937,-0.217188,-1.181803,2.458236,0.547682,0.697903,2.501591,-0.806273,0.299546,-1.904523,0.48692,0.389729,-0.790516,-0.859811,-0.182405,-0.23726,1.579068,-0.250987,-0.165147,-0.182971,-1.607965,-0.494503,-1.360575,0.120261,-2.203575,-1.133449,0.247662,-2.110806,-1.56825,0.988434,-1.341208,-0.017064,0.299772,-1.070426,-1.699517,1.521095,-0.566907,0.509114,-0.769443,0.356466,-1.323372,-1.38538,-1.056122,-0.637644,-0.637715,-0.339598,0.424917,-0.54594,0.927028,-0.67289,0.654505,1.304408,1.734337,-1.999412,1.7189,-1.776118,1.41214,-0.021403,0.34365,-0.955115,0.928141,0.678988,-0.56203,-0.625226,0.850362,1.025911,0.762157,-0.388559,-0.003884,0.932549,0.831499,1.122987,0.135937,-0.710911,0.283121,0.446972,-0.538871,0.442694,-0.844714,0.251336
1258,4,0.455361,0.924649,-2.098654,-0.458058,-1.557729,-0.774815,0.150541,-0.994587,0.905911,-1.116867,0.056523,-0.570277,-1.102348,-1.293973,-0.673727,1.37732,-1.385108,0.374787,-2.409983,0.58965,-0.927291,-0.5023,0.333072,-0.171729,0.328101,-0.233952,0.116047,-1.549049,-0.559275,-0.466858,-1.665513,0.268104,0.152969,-1.260265,-0.225122,0.297273,-0.65876,0.413404,0.543644,-1.321371,0.756681,1.341661,-0.914639,0.550568,-2.046575,-2.554232,-0.15615,-1.261443,0.74066,1.68145,-0.45471,-0.8091,0.501016,0.552457,0.481251,-1.07914,0.414499,0.033281,-1.640332,-0.698692,0.814579,-0.715619,-1.941182,0.476925,0.701926,-0.69217,-0.322966,0.1207,-1.189023,0.043096,1.239544,0.611295,-0.073956,-0.612117,2.20103,-2.009858,-0.31008,-0.932913,-1.119333,-0.409307,-0.488767,1.302782,1.547847,1.110399,0.472354,-0.615149,-0.680833,1.512151,0.464704,-2.100095,-0.682337,-1.650811,-0.032953,0.881491,1.205832,-0.253551,-0.133447,-0.37742,-1.832769,-0.724102,-0.329483,0.130559,0.35366,-0.311986,0.339706,-1.828136,-0.02681,-0.238059,1.731108,-0.805388,1.059017,-0.289842,0.011158,0.168821,0.743643,-1.745498,-2.217168,1.164261,0.682306,1.115633,-0.485165,1.231006,-2.149956,-2.437747,-2.66945,1.075464,0.015903,0.359979,-0.679342,-1.179382,0.33905,-1.270208,-0.367447,-0.173147,1.517036,1.008881,0.205039,0.154937,-2.053669,0.727033,0.309061,0.471474,-0.302473,-0.299856,0.594819,-0.373471,-0.90537,-0.021249,-0.115062,-0.7709,-1.701875,1.003845,-1.982109,1.280041,-0.068463,-0.16176,-0.410056,-0.495071,-1.032813,-0.44669,-0.865276,0.63565,-1.919477,-0.922455,-0.836176
1262,18,-0.063573,0.149981,0.264395,-0.218733,-0.177188,0.1509,0.689939,2.154242,-0.144453,0.700227,-0.34092,-0.446639,1.909099,-0.218881,1.770436,7.028372,1.277845,-1.102977,-1.440214,1.910858,-0.317939,-0.445363,4.818865,0.033988,-1.664617,1.488854,-0.114367,7.119638,1.869941,0.531279,-0.946201,0.702344,4.850191,0.182428,0.166065,0.109462,-1.078652,0.757568,0.553106,4.950211,7.377088,8.134223,1.771475,1.136169,0.391415,-0.553521,0.227448,0.235196,5.248833,-0.259154,-1.658231,1.674968,-0.924023,0.529334,-1.265791,-0.612834,-0.786483,-0.916134,-0.960135,0.587199,3.596504,-1.479997,1.014576,0.775801,0.150159,0.348409,0.156533,-0.995701,0.798402,0.29069,4.21367,0.516798,0.132704,-0.861241,0.763712,-0.870011,-2.377114,1.028997,-0.76063,-0.057361,1.217043,0.025857,0.36597,-0.939913,-1.033564,-1.228553,0.305489,-0.52326,-0.68836,0.306268,-1.344244,7.095221,8.201508,0.816069,1.31366,-0.047024,-0.85692,-0.054032,2.475066,7.324137,0.761119,-0.344209,0.60816,1.009297,-2.803013,-1.144432,-0.713584,0.124236,-0.941148,0.331944,0.08298,-0.458423,-0.003304,-1.459574,-1.179056,0.382048,-0.707931,0.098032,0.254501,-0.986124,-1.481825,0.851725,1.22982,2.004173,0.431444,0.797846,-1.287818,-0.692584,0.4361,-0.77843,0.098852,1.298581,-0.401883,-0.240177,-0.413906,0.395372,0.603111,0.345218,-0.923301,-1.096653,0.996935,2.184469,1.04211,2.393445,-0.663587,0.401724,-1.869384,1.089863,0.379181,-0.851002,-1.137078,-0.701416,0.322389,-0.35334,-0.439494,-0.918072,0.129178,6.646368,-0.16611,-1.549153,1.15845,-1.216253,0.056369,0.167813,-0.334084
1073,6,0.457446,-0.692987,-0.864031,0.115181,0.053372,1.511317,-1.666212,0.521953,1.652996,1.3967,-0.393758,-0.699039,-0.507679,0.308491,0.194172,0.358468,0.613898,-1.097502,-1.157001,-1.258148,-1.376738,-0.101832,0.319338,2.597206,0.547071,0.017467,1.455517,-0.753265,0.348192,0.998737,0.806678,0.41422,-0.357738,-1.273593,-0.157263,-0.610777,0.706506,-0.139874,0.576002,-1.650247,0.997837,-0.874232,-1.60199,-1.411269,-0.644092,1.152021,0.73136,-1.203283,0.08869,-0.107695,-1.607536,-1.015896,-2.08892,-0.891855,-2.717126,-0.815451,-0.959674,-0.817023,-0.84399,1.185124,-0.35701,0.247155,0.773456,0.92276,0.696929,-0.567335,-1.124259,-0.797321,-0.484145,0.00498,-0.087986,1.122337,-0.105677,1.835518,1.054523,-0.493623,0.880934,-2.943248,1.410069,0.421203,0.406381,-1.723544,2.579581,-0.260618,-0.146816,1.151707,-0.198597,-0.870747,0.673562,-1.037566,0.759658,0.140569,1.152764,-1.239128,1.273819,0.300283,2.019121,-0.666547,1.899154,0.719508,0.80685,-0.744191,0.570735,0.685003,-0.84999,-1.18355,-0.790796,1.495452,0.160007,0.957895,0.295405,0.118796,0.226985,-0.420241,1.248488,0.176879,0.229799,-1.415645,0.315749,-0.690577,-0.512519,1.059824,-1.116951,-0.204675,0.642615,1.177506,-0.530255,0.32637,0.291936,-1.154458,-2.188147,-1.971075,0.612844,0.10432,-1.370413,-0.654672,-0.409257,-0.366446,-0.031487,2.255316,-0.79978,0.145735,-0.787668,-0.643171,-0.900509,-0.236308,-0.565724,0.356192,0.216711,-0.913428,1.958781,-1.1958,0.362528,2.215187,-0.729595,1.353925,1.44965,0.345162,-1.889531,1.450377,0.093619,-0.559712,1.303084,-0.741349,1.086989
1035,49,-0.363139,-1.356767,-0.459106,-0.376255,1.226445,1.996732,-0.718742,-0.336891,-0.122916,-0.325888,-1.220552,0.116738,0.386214,0.410329,-1.181624,-0.088677,-1.714425,0.939246,-0.993576,-0.24804,-0.422225,-0.556168,-1.031472,-1.739684,1.761162,0.284276,0.294452,2.128186,-0.071098,0.582341,0.050945,1.217499,0.532287,0.345151,-0.224357,0.31086,1.195109,-2.045288,-0.097378,-0.385999,-0.268308,-1.943837,0.763553,-0.81317,-0.194534,-0.471341,-1.637438,-0.413579,-1.809201,-0.909875,-0.282444,0.028185,0.088183,-0.104712,2.170678,0.468405,-1.188634,-0.579142,-0.624315,-0.144274,-0.570247,-0.822224,1.682289,0.077222,-0.303873,-0.218961,-0.183471,1.426252,0.511918,1.156828,-3.084347,0.360192,1.093398,2.007773,0.063932,-1.68221,0.623726,-0.564217,-1.7569,-0.58368,1.091266,1.237237,0.75706,-1.012386,2.552883,-1.133303,-0.041398,-1.408366,1.353997,0.483018,0.925518,0.127938,-0.030283,0.212646,-1.849841,1.032868,0.952444,-0.353075,0.027133,0.339614,1.610415,0.472505,0.083443,-0.467793,-1.461852,-0.554296,0.113738,-0.209504,0.11864,0.788811,0.479172,0.31941,0.700728,0.231108,0.014171,0.515047,-1.682148,1.298657,-1.243003,0.88351,0.059767,1.155292,0.082846,-0.896287,1.121714,0.233279,0.167513,0.13043,1.050907,0.867681,0.28051,-1.500258,-0.353126,0.156968,1.846569,0.436428,-0.039755,1.24856,-0.058542,0.025093,0.210423,-1.444337,1.011222,0.479698,-0.228479,-1.08791,0.268101,1.454671,-0.586402,-1.006654,0.475243,-1.54121,-2.16565,-0.38887,-0.634171,-0.220849,-0.49506,0.388862,-0.16427,-0.542088,-0.400688,0.688702,1.015957,0.961775,0.754909
1180,25,0.950571,0.626568,-0.188355,0.533666,0.112766,0.709153,-0.163002,0.104871,-0.740252,-0.397609,0.233669,0.338235,0.410419,0.92394,-0.722666,-0.746684,-1.657146,1.325758,1.976034,0.40286,0.668182,-0.746034,0.158922,1.458414,0.349663,-1.397584,0.329728,0.034977,0.917855,1.700824,0.089479,0.545861,1.036475,-0.832145,-0.176987,-1.630207,0.301572,0.773018,0.40415,0.503785,-0.715081,-0.791893,1.344606,0.718747,-0.311684,0.658607,-0.715671,-0.945411,0.401103,-0.038867,0.35195,2.439296,0.474073,0.22741,2.124715,-0.742797,-0.09032,-0.428655,-0.032162,2.35637,-1.901821,1.336293,-1.282526,-1.551004,-0.102482,-0.043237,-0.257442,-1.071756,0.727082,-1.249653,0.684266,2.910312,-1.266152,0.326413,0.181695,-1.494115,0.074102,1.053573,1.01542,0.759113,-0.51872,-0.051003,-0.825977,1.255507,-0.678797,-1.022144,-0.521273,1.790163,-1.553234,0.972681,0.847369,-0.478697,0.287674,-1.435352,0.466423,0.549376,-0.694585,0.261029,0.108897,0.661914,0.792307,1.173622,-0.024526,0.680568,0.989415,1.776573,0.198039,-0.38435,-0.573745,-0.010908,-1.658815,-0.995402,0.777579,2.141677,1.486323,-0.528643,1.333798,0.452602,-0.424583,1.449094,1.027952,1.015637,0.692793,1.100791,-0.189892,-0.194805,-0.491156,1.022001,0.596003,1.103777,-0.218525,-0.165817,0.100195,0.132561,-0.118527,1.559636,0.307318,-2.53168,-0.504895,0.371518,0.276563,0.179211,-0.097642,1.660895,-0.689629,0.892732,1.072455,1.113685,2.350622,-0.75914,-0.517873,0.523311,0.675874,0.716812,-0.539949,-0.244737,1.72852,0.826705,0.824184,1.000133,1.967578,0.003389,0.468257,-1.451406,-0.197392
1234,39,0.767134,0.98368,0.140538,1.360769,1.593648,-1.818446,-0.264486,-0.472961,0.391033,2.573639,-0.801631,-0.731261,0.775071,-0.907002,-0.329417,1.146479,1.476595,1.699886,1.179613,-0.212871,-0.007494,1.318622,-0.384612,0.77739,-0.516155,1.047918,0.787817,-1.239843,-0.394262,-0.438493,0.878073,-0.250257,-2.129062,-0.026667,0.244824,-1.196237,1.339601,1.1929,-1.360821,0.107519,-2.432807,-0.872074,-1.27748,-0.166847,0.180562,0.220964,-0.528002,-0.524221,0.491888,-0.534334,1.515231,-0.104755,-0.137951,0.66429,-0.317324,1.028024,0.882782,0.322676,-1.152732,-0.090622,-0.218559,0.303374,0.249699,-0.194762,-0.069256,-0.098115,-0.821864,-0.212255,-0.646717,0.013872,-1.286982,1.854646,1.108284,0.348489,-0.503681,0.530502,-0.326953,1.058669,0.124144,-0.027186,-2.008773,-0.793549,0.274727,-1.190269,-0.200288,0.882806,1.471299,-0.510739,-3.057956,0.027073,0.596517,-1.582352,1.257242,-0.102942,1.596715,-0.063,0.178415,-1.048852,0.730247,0.279987,-0.683864,0.620758,-0.454427,1.631348,0.56448,0.007396,-0.177998,1.836504,0.108868,0.490556,-1.016024,0.77627,0.115519,-0.740108,-0.963124,1.062732,0.022743,0.63765,0.750175,1.550068,1.367557,-0.432428,-0.234132,-2.029921,0.0224,0.287379,-1.596049,-0.001435,0.020787,-0.095558,0.139756,-1.169035,-0.002636,2.096946,-0.096075,-0.542216,-0.294701,1.481221,-1.396936,1.884647,-0.582503,0.511322,0.745713,-0.868406,-0.33841,0.773816,-0.138476,-1.597291,0.451389,-1.19255,0.484996,-0.061337,-1.548575,0.849099,0.142511,1.124983,0.08326,-0.708656,-1.965097,-0.082594,-1.183652,-0.546316,-2.281826,-1.945759,-0.014192
1168,38,0.482105,-2.923852,-1.422255,-0.696954,-1.059559,0.225642,0.575627,1.067046,-0.734143,0.53444,-0.230775,0.52355,-0.058922,-0.017237,-0.330838,0.524324,0.120533,-0.977755,-2.106337,1.019751,0.78048,-0.076612,1.196229,-0.045213,-0.115624,-0.42089,1.301683,1.84258,-0.195473,-0.622081,1.092958,0.921561,0.662875,-1.432302,0.319483,0.211558,-0.274823,0.478054,-0.135285,0.423253,0.010226,-0.260353,1.749439,-0.016116,0.648139,0.975931,-0.92934,-0.156296,-0.849429,-0.141807,-1.154629,0.907363,0.030201,-1.212945,0.501819,-0.97624,-1.41898,0.451446,0.077592,-0.704699,0.748765,0.488414,0.204942,1.054231,0.331664,1.288773,0.380422,0.371758,-2.808757,-0.314016,1.955699,-0.541459,-0.100474,-0.409398,-1.781493,0.633916,1.932888,1.710075,-0.197377,-0.862214,-0.518139,0.545172,-0.365579,0.819496,0.31726,-1.205387,-1.119703,0.879664,0.885454,0.047215,1.511028,-0.027192,-0.258669,-0.008093,0.587693,-2.266614,0.171254,0.182605,-0.812853,-0.822799,1.270719,-0.438375,-0.269136,0.961282,-1.204195,2.509801,-0.714875,-0.60899,-1.421523,-0.589348,-0.932898,-0.439963,-1.088096,-2.382328,1.204263,0.779881,0.683682,0.565016,0.622856,-0.686639,2.916798,-0.57763,-1.197463,2.069989,-0.38105,0.073719,-0.993486,-0.241816,0.498489,0.346621,-1.209039,0.777099,-0.764746,-1.551799,0.925252,0.34894,-0.213515,-0.765217,0.786186,-0.253721,-0.681032,0.578164,0.300868,-1.195915,1.271391,-1.663148,-0.796935,0.377883,-0.078518,0.81406,0.594847,-2.367408,1.346573,-0.487483,0.014974,-0.748405,-1.069073,0.658732,0.493707,0.271309,-0.636908,1.597733,0.398582,0.613051,0.108639
1079,26,-0.150732,-0.036754,0.382362,-0.318573,1.408201,-1.090998,0.56906,0.445868,-1.127386,0.565256,0.495785,-0.645943,2.174059,0.642814,-0.349553,-0.491493,-0.744707,0.21064,0.022931,-1.381024,-1.026859,-0.716812,-0.419866,-0.380879,-0.671943,0.573557,0.8662,0.034071,-2.125459,-0.186247,0.496289,-0.113838,0.221835,0.060229,-1.456587,-2.44356,0.552953,-0.533853,0.356387,-0.327088,-0.19991,1.263212,-1.176543,-0.048128,-1.077272,0.029322,0.41366,0.580185,0.104247,-1.349638,0.193438,0.809228,0.90624,1.995184,0.495632,-1.00598,-0.532345,0.04221,0.955658,-1.123401,0.828813,0.580022,-0.864199,0.538736,-0.763778,-0.042388,-0.326033,0.186141,-1.158432,0.460943,-2.099508,-0.424149,-0.575123,1.457712,0.471066,-0.500813,-0.886443,-0.005791,-0.635837,2.082861,-2.671944,0.023586,-2.370307,0.946498,-0.800731,1.484106,-0.555552,0.988969,0.154768,1.084043,-0.016309,-2.859616,-0.725218,-1.516729,0.860024,0.472292,-0.031977,0.393435,0.149267,-0.580065,1.818041,0.189535,-0.221234,-1.429929,-0.627409,-0.026278,-0.206909,-0.490108,-0.085806,-1.104386,-0.029853,-1.506399,-0.85455,-0.738787,0.788,0.426893,0.033437,-1.129835,-0.416746,0.72278,1.15256,-1.437181,-0.44617,0.065353,0.295452,-0.028675,0.598861,-1.409756,1.443497,-1.123255,0.020884,0.461688,1.074114,0.825583,0.79572,1.182051,-0.176927,0.681303,1.434316,-0.751407,-1.361677,-0.986027,1.315047,1.15346,-0.36863,0.205088,0.423831,0.972795,-1.818998,-0.558303,-0.273972,0.278488,0.047385,-0.326404,0.252257,-2.474164,2.908327,0.761432,0.821686,-0.649232,0.374525,1.938754,1.714597,0.051387,-1.204088
1303,35,-0.425543,0.914557,-1.989758,-1.570909,-0.215306,0.917531,0.722718,0.698767,-0.763887,-0.270839,-0.051089,0.733757,0.191924,-0.416182,-0.791561,0.442074,0.13755,-0.781047,0.259158,-0.333853,1.685472,-0.986388,-0.582941,-0.004855,-1.30303,-1.035867,-1.336436,-0.791727,-0.400305,2.119908,1.378409,-1.398126,-0.909228,1.161569,-0.488946,0.400418,0.101075,1.507596,1.665997,1.089939,0.14518,0.273664,0.287532,0.091824,-1.64439,-0.597521,-1.482744,0.067342,0.571634,0.61586,-0.989976,0.908284,-1.29958,0.336679,-0.10659,-0.134505,0.825629,1.018482,-0.713737,-0.064051,-0.004232,0.583932,-1.70989,-1.355596,2.318282,0.756033,0.077268,-0.048243,-0.033408,-1.044506,-0.324241,-0.098485,-0.544441,-0.641422,-0.593814,2.908654,0.829904,-1.135399,-0.433923,0.235061,-0.58406,0.581618,2.02667,-2.275863,1.091699,0.048415,-1.32633,-0.718569,-2.482615,-1.279384,1.644686,-1.112589,-2.103404,0.351468,1.351648,1.513013,-1.466755,-0.759734,-0.216408,0.518771,-0.963135,0.652493,1.124719,-0.169497,0.49549,1.503681,-0.259784,1.117386,-0.438724,0.062788,-0.023577,-0.27061,0.433582,0.311249,0.029902,0.209966,0.611136,-1.09061,-0.967762,-0.056592,0.644424,-0.891037,0.58109,-0.452675,-0.254896,0.556496,0.017046,-0.447707,0.531417,0.142716,-0.748989,-2.475585,1.324264,-0.625492,0.035039,0.300801,-1.57846,0.713034,0.926447,-0.577178,0.00838,2.133595,-1.150157,-1.126241,-0.154592,-0.242132,-1.001792,0.023119,-0.585267,1.15371,1.15758,1.67274,1.941364,-0.196379,-0.394616,1.537537,1.055109,0.946829,-1.083926,1.15768,0.747631,-0.702437,0.621417,-0.367448,0.279957
1221,44,1.809388,0.129681,-0.730938,1.439123,-1.558724,1.538732,1.269341,-0.494972,-0.143102,-1.058994,0.168832,-1.11737,-1.423198,0.159145,-0.656589,-0.142872,-0.326995,-0.79914,0.16266,-0.970589,0.425979,-0.603374,1.156145,-0.526555,0.615802,0.834675,-0.150653,-1.30004,0.677132,-1.348788,0.34308,-1.5683,-0.480828,-0.195197,-0.660364,0.152512,0.49543,0.060872,0.132964,1.281107,0.679117,0.313518,-0.604908,-1.199346,-0.689213,0.840134,0.044577,0.641843,-1.437175,-1.932036,0.055542,-2.605495,-0.393791,-1.712428,-0.003406,0.343783,-1.373063,1.011182,0.234982,-0.262746,-1.090312,-1.018908,-0.410002,0.789617,-0.20345,-1.781762,-1.818434,0.142153,-0.380149,0.758824,0.423584,0.776497,1.094677,0.799488,0.256156,-2.043475,0.631953,0.813904,0.486885,-1.265533,0.410352,0.99768,0.40052,-0.402649,-2.108635,-0.899967,1.779294,0.030097,0.957959,-0.226557,-1.186817,1.285338,0.477597,1.180788,0.067477,-1.192013,1.437337,-0.339173,0.312472,0.300933,0.855725,0.459959,1.357503,-0.138161,1.048069,1.566509,-0.285964,-1.120131,-0.121263,1.264442,0.29452,0.994676,-0.014957,-1.902945,-0.909111,-1.428159,-1.936075,-0.308379,1.060837,0.543822,0.387078,0.464026,-0.360725,1.596502,0.764991,0.599373,-2.19189,0.98448,1.125673,-0.091776,-1.713749,0.908989,-0.478761,-0.3291,-0.391798,-0.288562,-1.082654,0.331164,1.240218,-0.087637,-1.189386,-0.40878,-0.237587,-0.283418,0.276957,-0.158501,-0.057879,-0.011511,-1.254379,0.360254,0.912476,0.264975,0.103768,2.77028,0.34358,2.077289,-0.803738,-0.894313,-1.512224,-1.101786,-0.993271,-0.13326,0.166598,-0.402307,-0.03475
1249,47,-1.842833,-1.116125,-0.687695,0.006426,0.819141,-0.16793,-0.320147,0.143752,-0.188686,-0.405441,1.182824,0.274731,0.874285,-1.473011,-0.890407,-0.432255,-0.730528,0.017517,-0.146931,0.580755,1.650434,-0.521796,0.206348,0.567363,1.412819,-1.064429,0.203297,-0.159115,0.661611,1.373193,-0.677121,-0.300961,0.459492,0.614424,-1.762955,2.968357,-0.321083,-0.380255,0.116984,0.628098,0.041301,1.186215,0.111763,-0.018799,-0.435522,0.40301,1.603639,0.212549,1.17691,0.072541,1.585891,-0.181279,-2.152179,-0.625265,-0.172977,-0.062442,0.606728,-0.329401,-1.053921,0.553345,-0.2603,1.504917,0.25198,0.545282,-0.133296,-0.508647,0.975185,-0.101085,-1.061225,0.57525,-0.091655,-0.258831,0.79736,-1.298269,0.55835,0.188737,0.072482,0.051939,-0.626745,-0.655528,0.22068,0.102816,1.027198,-0.679576,0.945662,1.821338,-1.360736,1.406314,0.453887,-0.070388,0.035426,1.022031,-1.592318,1.010655,0.444678,1.02737,-2.073146,-2.513289,0.552441,-1.341831,0.449964,-0.193864,-1.22195,-1.639146,0.981989,-0.002677,-1.290344,0.517323,-1.235154,0.491174,-1.193842,0.004107,0.794749,-0.92107,0.429782,-1.092107,0.847143,-0.783891,0.014451,-1.029763,0.970576,3.23323,-0.457262,-0.301586,-0.367863,-0.963203,-1.330719,0.914105,-1.609778,1.484918,-0.829568,-0.755985,-0.587275,-0.976326,-0.098976,-0.413168,-1.453612,0.025959,-0.473207,1.263486,1.176702,-1.473943,0.088704,0.352998,-0.547116,-0.626504,0.119138,-0.049461,-1.284023,-0.045855,-0.137595,0.53628,-0.375322,-1.498939,-0.191578,0.353263,-1.218308,0.006144,0.371015,-0.648996,-1.37577,0.516304,2.044108,1.845409,-0.544724
1237,38,-0.530075,-0.643827,-1.068815,0.079435,0.248102,0.129812,-0.342453,-0.300281,-0.206502,-0.46385,-2.806556,-0.600961,-0.599037,0.164292,-0.523306,-0.372017,-0.552099,-1.016256,-1.805431,-0.763493,-0.030465,0.100636,1.062585,1.444716,-0.081778,0.098341,-0.558821,-0.046533,-1.089321,-0.580762,-0.024133,0.560287,-0.752952,-0.609022,0.84206,-0.333939,0.196316,0.843087,0.020124,-0.459794,1.217749,-0.443174,0.241213,-0.999239,1.657103,-0.572662,1.561175,-0.43795,-0.34825,-1.453859,-1.243013,-0.011104,0.81148,-0.765614,-0.14171,0.805289,-0.160967,-0.721327,0.040674,-0.205405,-0.447429,0.686909,-2.011952,1.525664,0.155206,-1.230532,0.38474,0.012874,1.044413,0.795399,-0.185929,0.537567,1.428485,1.445549,0.434305,0.014343,-0.781011,0.382306,0.645531,0.155155,-2.038294,-0.420626,-0.627802,0.062952,-0.24529,-0.135235,-0.255111,0.735504,-0.913237,0.149724,-0.844897,0.61894,0.295709,0.143979,0.849829,0.544112,1.149595,-1.39265,0.010105,-0.73793,1.331643,0.461164,-0.307474,0.882335,-0.157118,0.121943,-0.291483,1.077017,0.040561,1.280565,-0.794022,0.095025,-0.923078,0.84685,-0.146656,-1.028833,0.764855,0.867332,-0.032808,-0.673508,0.285121,1.584383,-0.921833,-1.682609,-0.053661,-1.35077,-1.646367,0.24587,0.413375,0.801184,0.35515,0.623367,0.084372,1.479976,-0.329755,-0.65588,1.504029,0.655482,-0.073713,0.145165,-0.539039,-0.809302,-1.756634,-1.726907,0.463855,-0.444735,-0.733953,-0.541177,0.59241,1.39327,-0.046751,-0.939216,-0.568238,-0.26517,0.647343,0.104965,0.728012,-1.308343,0.318444,1.701714,0.403661,-0.301247,0.320206,0.963849,0.314289
1164,17,2.190928,1.108365,-0.45752,-0.325517,0.963266,1.009085,0.034387,0.817133,-0.358516,-2.708436,1.163342,-0.4323,0.664257,-0.11199,-0.224474,-0.835289,0.832075,0.907302,1.33484,0.77205,0.500284,-0.460313,0.110752,0.498213,-2.445608,-1.10689,-0.117539,0.886579,1.477331,1.78665,-0.703247,0.131057,-0.459396,-0.758703,-0.297605,0.175252,0.879126,-1.438053,-0.074715,-0.948087,1.473837,1.780503,-0.421733,-0.66146,0.677137,1.020288,-0.948445,-0.381348,0.323393,-1.013264,1.561768,0.090809,0.112918,-1.127893,1.282779,-1.312962,-0.687007,-0.560378,-0.091222,-1.407198,-0.744965,0.636657,-0.001263,0.161835,1.024622,0.493101,1.056938,0.063854,-0.860521,1.712195,-1.67539,-1.346431,-1.120935,2.421982,0.119366,1.128119,-1.534291,-1.070468,0.357942,-0.427752,0.154691,0.649364,0.132723,0.128348,0.254311,-0.167385,0.354745,1.019313,-0.892416,0.321748,0.938049,-0.148459,-0.04748,1.905391,1.175495,2.353393,1.928081,-0.286818,-0.649088,-0.240041,0.925022,-3.389358,0.099817,1.267958,0.100095,0.381844,-0.178824,-1.628081,1.008463,-0.231124,0.532271,0.077669,2.019227,0.530401,0.492621,-0.038424,-0.763463,0.464363,1.147912,0.064308,-2.115014,-0.724728,2.005882,-0.505519,0.242559,-1.855732,-0.520597,-0.80823,0.858163,0.688699,0.609621,1.077348,-0.427769,1.7663,-0.185599,0.983164,2.181918,-0.463054,0.436797,-0.062739,0.187854,0.363304,-0.014385,0.07279,0.769323,-1.271041,-0.682662,-0.441553,-1.323444,0.402654,-0.401526,-0.804634,-1.310317,-0.833779,0.49639,-1.21835,0.971566,0.683657,0.344433,-1.635723,-0.714691,1.099056,-0.326609,-0.713452,-0.672731
1151,9,0.280607,-0.226368,0.756808,0.041216,0.984126,1.548115,0.134041,-0.608447,-1.188534,1.695326,0.339966,-0.62035,-0.13023,-1.141572,1.276903,0.264346,-0.393696,-1.478282,2.031393,0.081855,-2.211157,-0.599887,-0.064904,0.11117,-1.103827,1.089645,0.533812,0.005837,-0.682238,-1.777662,-0.487935,-0.242542,-1.198135,0.248735,0.738979,-0.502484,-0.436985,-0.058428,1.58531,1.355818,-1.663053,-0.52397,2.456001,-0.362423,1.676736,0.454442,1.197309,-0.386701,0.048104,0.496492,-0.050038,-0.088807,1.36207,-0.193363,1.259994,-0.618776,-0.340151,0.678008,0.467726,0.915672,0.007108,-0.058915,-0.492805,-1.572603,-0.43597,0.983005,-0.097074,0.167539,1.188615,-0.92743,0.311733,-0.576067,1.074136,-1.459414,-0.372143,-0.526804,-0.357461,-0.572758,1.798716,-0.241774,-0.172397,-1.43179,-1.320746,-0.766546,-1.211378,0.468436,-0.598537,-0.469361,-0.165913,-0.91639,-1.259219,-0.687982,0.169273,-0.135122,-0.856001,1.516689,0.329816,0.621535,1.462954,-0.921651,0.902463,0.217943,0.255697,-1.504788,-0.814348,-0.022226,-0.071821,1.47222,-0.3927,0.211882,-0.326943,-1.289153,-0.361508,0.071794,1.65923,1.178886,-0.545042,-0.894001,-0.048562,-0.571647,2.362319,0.798238,-0.071054,-0.539492,-1.054637,-0.108496,-2.509533,-0.392464,-0.460033,1.458077,-1.715275,0.859495,-0.343438,0.737041,-0.731153,0.380334,0.797738,2.456368,-0.792332,-0.13694,-0.113312,-0.582442,-0.102774,0.01518,-0.340527,-1.674266,0.244233,-1.414486,-0.094868,0.964671,-1.24471,-0.137693,0.180867,-0.054772,-0.461573,0.006412,0.646839,-0.985144,-0.170365,0.681902,-0.584416,-1.166895,0.730328,0.66249,0.916466
1219,9,0.658123,0.754145,-0.465106,1.319674,1.765189,-2.026864,0.416772,-1.358983,-0.420109,0.082577,0.702582,0.562293,0.720721,0.268284,-0.742964,0.367505,-0.359822,0.621164,-0.098427,0.091625,-1.691039,0.327859,-0.522791,0.222123,-0.395584,1.847668,1.306938,2.123892,-0.572142,0.501363,-0.153739,-0.728053,0.553089,-0.737894,2.291624,-0.12965,0.715556,-0.40142,-0.156537,-0.417834,1.398757,1.105514,0.494726,-0.544734,0.09766,0.63523,-0.856844,0.429777,-1.763642,-0.590028,-0.515765,-0.279491,1.787124,-1.432178,0.192981,-0.501142,-1.070485,-0.679101,-1.449775,0.288014,0.377948,-1.222956,0.205373,-0.059595,-2.751326,-0.22576,-0.755076,-1.037303,-1.254538,-2.25021,-1.162997,-2.363648,0.553488,-1.092332,0.723067,-0.443695,0.124433,-0.709715,-0.516519,0.032938,-0.459997,0.455066,-1.302558,-0.867834,-1.50783,1.477032,1.466896,-0.041966,0.309854,-0.463093,-0.300825,1.941205,0.27828,-0.072532,-0.44025,0.367529,0.56336,-0.606533,-0.256957,0.643129,0.088877,-0.520003,0.207928,0.040809,-0.227374,-0.518347,0.346518,-0.54011,-1.18324,-0.853098,-0.157236,-0.810347,-1.295204,0.924315,-1.524326,-0.872214,0.953755,-0.746538,-0.500907,-1.556833,-0.074716,-1.902234,0.71054,-0.562095,0.498963,-0.5777,-1.395708,-0.799685,1.288372,0.146537,-0.262705,1.14584,-1.748346,-0.429817,0.87958,-0.985645,0.326504,-0.438274,1.324889,0.539641,0.173359,-0.316639,-0.66336,-1.421245,-1.021406,-2.078896,-0.267353,0.281528,2.021691,0.315432,1.507191,-1.091044,-0.717996,0.329992,-0.763274,0.79401,0.827478,-0.1974,-0.508396,-0.308943,-0.882918,1.5816,-0.013404,1.493929,-0.985313
1099,29,1.307607,-0.525782,-0.156192,0.75234,0.654722,0.487395,0.010074,-1.425282,0.125282,-1.155777,0.212618,-2.199698,1.557432,2.019044,0.569268,-0.716427,-0.175476,1.008138,0.77975,-0.568472,1.317317,0.844028,0.655692,-0.226223,0.121419,-0.582563,0.309325,-0.533496,1.285592,0.161048,0.330787,0.448997,0.440115,-1.291681,1.390852,0.216744,-0.424713,-0.841138,-0.556571,-0.48758,0.131589,-0.734624,0.227076,0.262323,-0.567895,2.307456,-0.001394,0.448263,0.22429,-0.044636,0.781087,1.478541,0.03902,-0.740205,0.651019,-2.025024,0.263239,-0.080151,0.427665,-1.391381,-0.329583,-0.915348,-0.434389,0.680313,-0.099621,-0.497266,1.263649,0.103224,-1.915445,-0.945765,0.490395,0.514454,0.298885,0.336054,-0.813314,-0.020537,-1.103068,-0.757884,-0.834027,-0.765609,-0.276148,-0.165194,-0.734565,1.119765,-0.397755,1.566369,1.035805,-1.150733,0.918815,-1.338232,1.466401,0.360016,-0.945218,-2.129048,-0.3656,-1.307705,1.103894,-1.206214,-0.207819,0.500207,0.025351,0.270139,-0.233453,0.721527,-0.910709,0.568237,-1.180254,0.180069,-1.118295,-0.196513,0.580893,1.219847,-1.774117,-0.756909,-0.962085,1.192791,-0.856731,0.690873,-0.51207,-1.426272,0.104173,-1.12836,0.713908,0.80941,1.306122,-1.007721,1.543877,0.944763,-1.776809,2.17561,1.65208,-1.033635,0.314227,-1.334118,-0.14314,0.172351,0.599669,-0.824268,-0.037845,-0.930531,0.366428,0.644122,0.059925,1.122731,0.734258,0.355264,1.135142,-1.238836,-0.047929,-1.762624,-0.03006,-0.476602,0.804479,-0.448932,-0.644609,-0.105753,-0.142724,0.496662,-0.875483,-1.494081,-1.584896,1.125637,-1.259055,-0.470343,-1.104245
1163,14,0.130379,1.311721,-0.372091,-0.435582,1.469207,0.672036,-1.536923,0.032099,-0.734268,-0.458698,-0.186449,-1.586194,-0.671745,1.863914,-0.155277,-0.427931,1.007231,-1.312413,-0.179552,1.338134,0.057645,0.389569,-0.167071,0.400042,0.753002,-0.115013,0.158946,0.303243,-1.840331,0.964095,1.869305,0.875303,0.294707,-0.307131,0.422783,2.011537,1.54289,-0.627346,1.580754,-0.627129,-0.573106,-0.075244,0.692781,-0.154124,1.061697,0.376862,1.635981,-1.302148,0.188539,0.734635,1.603105,-1.996575,-0.155766,-1.886933,0.509459,-0.474723,0.405316,1.08223,0.94365,-0.122611,0.694056,3.159859,-0.397495,0.651211,-0.400466,0.922361,-0.706071,0.688906,-1.379195,0.284207,2.589286,-1.037962,-0.485992,1.009028,-0.995652,-2.220271,-1.547507,0.289651,1.18825,0.188723,0.162738,1.170895,0.059694,1.431533,1.575672,-0.215833,1.363883,0.798099,-0.024294,0.079152,1.171155,-1.131074,-1.48541,1.256338,2.042755,0.374445,1.127175,-1.531221,-1.226492,-0.453979,-0.265242,0.248741,-0.387408,0.017057,-0.104893,0.698769,1.154949,0.9637,1.480805,-0.104757,-0.371719,-1.792251,-1.593156,0.88341,0.557119,0.116622,-0.240813,-1.159674,-2.126089,-0.517262,-0.188991,-2.508407,1.386746,-0.613397,0.499281,1.371181,1.568066,-0.244885,1.032895,0.974025,0.121058,0.385841,-0.821002,0.323895,-0.601123,-0.159187,0.165388,1.008372,-0.178368,-0.207699,-0.361235,2.809289,-0.36143,0.532246,-1.453405,0.109848,-1.148388,-0.507606,0.808098,1.793248,0.230393,0.670653,0.237353,-0.386811,0.142312,1.040573,0.263299,-0.32427,-0.418083,0.542698,-0.271328,0.990269,-1.355979,0.826367,-0.761579
1295,29,-0.750163,0.131513,1.071172,0.998344,0.214287,-0.643264,-0.447166,-0.537628,0.207998,-0.44297,-0.992847,0.599063,-0.671374,-1.402845,1.245713,1.023169,-1.587979,-0.212136,-0.879922,1.137761,-0.252701,0.471603,-1.337084,0.357789,2.619187,1.506086,1.254797,1.52133,-0.234888,0.587242,0.315345,-0.37606,0.012643,1.586963,1.080892,-0.090816,1.016112,2.272881,-0.596434,-0.173037,-0.533051,1.820873,-0.513037,-0.218959,-1.312708,-0.228777,0.458028,-0.675913,-0.749559,-0.736621,1.436325,1.597464,3.290417,-1.370744,0.813198,-1.508098,-0.400706,-0.598713,-0.344528,-1.721824,1.828522,0.563232,-0.002494,-0.170989,-0.503306,1.572295,0.376611,-0.472995,1.414156,1.22626,1.307692,-0.225931,0.329248,-0.033798,1.897237,1.627064,1.944721,0.582733,0.493832,0.83425,-1.417882,1.072406,-0.18651,0.503542,-0.480623,0.406824,1.653269,0.565485,-1.307362,-0.331827,0.342386,0.583501,-0.114529,-0.404706,0.797843,0.022896,-0.076987,0.621837,0.128798,-0.498784,-1.061716,0.905937,-0.768872,0.979196,-0.797107,0.507528,0.006724,-0.944122,-1.768671,0.573266,-0.622415,0.696606,1.004461,1.392259,-0.188835,0.504497,-1.046093,0.69831,0.621153,0.728438,-0.684872,0.845054,-1.24785,0.76912,0.630081,1.31987,-0.664442,1.508727,-1.5816,1.041684,0.900686,0.283726,1.72316,0.693683,-1.979357,0.89707,0.931483,0.307378,0.120708,-0.436791,0.821298,0.324489,-0.748215,0.419199,0.249095,-1.236055,-0.205834,-0.46462,-0.30672,0.455507,-2.071716,1.425118,0.023239,0.309436,-1.449878,-0.109883,-0.603621,0.949924,0.573955,-0.275225,-0.753384,0.456802,-0.417145,-0.843337,1.438064
1113,49,0.419187,1.095096,1.302395,1.64396,0.414676,-0.073243,0.096939,-1.119764,0.752447,0.740937,0.37069,-0.735901,0.661183,-0.517128,1.255358,-0.573377,-0.49491,-0.290711,-0.992455,-0.859459,-0.255438,-2.403926,1.99555,0.390297,0.309506,-0.84911,0.209815,0.011623,0.11544,-1.44224,-0.097266,-1.847745,-0.178277,-0.859768,-0.584054,-0.304841,0.846217,1.222058,0.044759,-1.049988,1.483671,-1.373971,-0.5317,-0.198846,-0.71689,1.330901,0.410647,1.077374,-0.281908,0.871441,-0.139592,-0.134502,0.306345,0.397172,0.575282,-0.202251,-1.476832,-0.306711,-2.647462,-0.27722,-0.799217,0.817785,-2.680129,1.987967,-0.335751,-1.575352,0.422664,0.486263,0.424315,2.161699,-0.820778,0.293441,0.150252,-0.672965,0.28927,1.249817,-0.842196,0.447812,0.998892,0.648521,-1.583334,0.281812,-0.381936,1.216177,-0.124175,1.94737,-1.220148,0.496907,-0.866419,1.759745,1.558907,-0.914669,0.748701,-0.039993,-1.608617,-1.033339,0.099574,0.512829,-0.370113,0.293277,0.311991,0.286326,-1.172666,0.138063,0.529022,-1.477598,1.527943,1.447202,0.1628,2.072617,-0.79473,-0.935695,-0.6163,-0.70779,1.832114,0.050234,-0.054082,0.363709,1.579604,0.169444,-0.37104,0.272245,1.251403,-0.19778,1.403348,0.307055,-0.171325,0.491958,1.962095,-0.237527,1.368688,0.563739,0.16077,0.055127,0.816956,0.614341,0.373094,0.656597,-0.847249,-0.640626,-0.984344,-0.335811,-0.203454,-0.3592,0.532949,-0.930912,-0.234801,0.861399,1.669508,0.058145,1.191282,1.359931,-0.998875,0.24435,-1.028892,-0.377938,0.407207,-1.244998,0.530085,-0.133168,-0.233912,0.532535,-0.806603,-1.665277,0.032357
1006,35,1.028006,-0.40041,0.462443,-0.825473,0.358804,0.391593,-0.420681,2.020889,0.37104,1.776929,0.959139,-0.662275,-0.382187,0.436102,0.061173,0.049461,-0.286205,-1.808476,-0.225433,-2.218121,0.37182,-0.726058,-0.715417,-0.219304,0.272672,-1.432006,-1.748601,-1.066066,-2.041728,-0.96685,1.590883,-1.056586,0.651405,-1.371635,0.29912,-0.319734,-0.059813,0.568778,1.75624,0.194706,0.124359,-0.973368,0.58334,-0.246072,0.832007,-0.043706,1.740856,-1.982917,-0.296599,0.881482,-0.350692,-0.792173,-0.265881,-1.379929,0.118954,2.440462,1.145031,-1.109009,-0.873341,-0.404728,1.004416,-0.821487,-0.690231,0.884749,0.864653,-0.373815,-1.117763,-1.549745,-0.69899,-2.230529,0.74982,-0.630031,0.481294,1.868325,1.172996,-1.151135,0.869249,1.157857,-0.746357,-0.953297,-0.109692,-1.601423,1.470735,-2.405364,-1.106807,-0.269565,-0.227087,0.166124,0.271449,-0.213612,1.136886,-2.139376,-0.000165,-0.714584,0.132513,0.22076,-0.911829,-0.640949,0.792587,0.349056,-0.680248,2.039891,2.309178,-1.462462,0.301795,2.508994,0.783899,0.22106,-0.208057,-0.541194,-0.212515,-0.550729,0.744908,-0.398154,-0.441152,-1.202161,-0.04959,-0.894122,-0.18075,1.041816,0.365925,0.504725,0.356091,0.059176,-0.127328,-0.307806,0.759117,-1.08424,1.340723,0.034078,-0.7487,-0.489146,-0.67699,0.160206,-0.717843,1.142131,-0.781639,-2.272522,-0.730998,-2.008521,-0.039869,1.059158,0.64776,-1.33759,-0.762255,1.778634,0.318511,0.004119,1.056063,2.452741,1.296573,0.139415,0.354688,0.61708,-0.612698,-1.058719,0.052449,-0.947211,-0.061462,0.096123,2.341037,-0.85105,-0.121789,-0.164303,0.437311
1121,8,2.224126,-0.802049,-0.392875,-0.234534,-0.787588,0.555181,1.127095,-1.288304,-0.50847,-0.404021,-1.398493,-1.320566,-0.402039,-0.918182,0.259934,0.751109,0.135165,0.231587,-0.939683,-0.631253,0.329379,0.506189,-0.134946,0.47766,-0.292887,-1.180094,0.249068,-0.462017,-1.700163,0.761214,0.31842,0.651648,-0.509189,1.381873,0.410595,0.891776,-0.683748,-0.353898,1.186577,-0.077887,-0.029139,1.386548,1.064307,0.170106,1.789252,-1.485099,-0.112984,-0.581452,1.370914,1.471788,-0.50985,0.093091,0.857207,0.456581,0.210856,0.914858,1.827453,0.073986,-1.10305,-0.145148,-0.076715,-0.403208,0.631883,0.664097,0.830683,0.41991,0.212932,-1.018627,-0.36539,-0.861868,0.270664,-0.150145,-0.074762,0.466321,-0.317493,0.983607,0.964041,-0.937769,1.214876,-0.358632,-0.728321,-0.33695,-1.247747,0.28765,1.113355,-1.482309,0.369787,0.519134,0.59168,0.577312,0.378445,-0.480339,0.813427,0.281076,0.72292,0.260464,-0.284502,-0.079857,0.543235,0.953699,-1.855793,-1.253861,-1.590585,-0.542553,-0.674557,0.151328,-0.327367,1.229154,-0.624733,-0.714704,-0.821656,-0.324664,0.114566,-0.50055,-0.92015,-1.339059,0.132983,-0.56386,-0.978193,-0.29989,0.272668,1.904839,1.50289,-0.889989,-0.471831,-1.904255,-1.911298,-1.802901,0.820179,-0.191649,-1.444567,-0.687583,-0.527126,-0.678667,1.345603,-1.885869,-0.48218,0.183275,0.406576,-2.121507,0.125994,-1.249535,-0.600888,-1.563506,0.682888,2.912685,0.913451,-0.333804,-1.71998,0.780073,1.091383,-1.096473,0.848465,-1.755698,-1.263754,0.090505,-1.374458,0.673086,1.314067,0.015017,0.425565,1.482547,0.452783,1.207154,1.329415
1229,47,-1.218727,0.709313,-1.126176,-1.390958,-0.28901,0.086315,-1.049893,0.37995,-1.167288,1.76819,0.431996,0.496282,0.119648,0.116201,-1.549735,0.333808,0.696485,-0.854758,0.208154,-1.104655,0.911845,0.079238,1.602396,0.887818,-0.500612,0.256592,1.915577,1.375786,-0.456846,-0.977061,-0.576895,-0.843447,-0.479257,2.971043,0.48708,1.531799,-0.979569,0.489193,0.928333,-1.72762,-0.693065,-1.602487,-1.406633,-0.845224,0.758924,0.98433,-0.500254,-1.007052,1.54127,-0.006333,-0.235573,1.81952,-0.219826,-1.284399,1.055177,-0.507438,-1.510869,0.999138,-0.899292,-0.590186,0.632103,1.199576,-2.036465,0.376374,0.97416,1.357636,-0.051192,-0.805365,0.466743,-1.501246,1.413158,-0.457498,-1.427798,0.322215,1.153278,0.606202,-1.205081,1.524877,0.462973,0.01354,-0.122354,1.096049,0.485072,0.051724,0.216549,0.228349,0.102947,-0.026874,0.199424,1.438298,-1.044706,-1.768439,-0.793629,0.406024,-0.422797,0.01368,0.691288,0.354231,0.47376,0.799993,0.516261,-0.452519,-0.429873,-0.127236,-1.072117,-0.421655,-1.07114,-0.690436,-1.769855,-1.422294,1.252607,-1.516606,0.352867,0.516618,0.963738,-0.42475,0.226513,-0.192876,0.203972,0.302791,0.845962,-0.067647,-0.569585,-0.759993,-1.106087,-0.023304,0.585217,-0.404382,0.470049,1.185333,-0.73774,1.082757,0.213984,-0.950306,-0.867017,0.242651,-0.119632,0.628082,-1.917715,1.106922,1.112014,-1.151438,-0.704355,1.920645,0.781559,-0.194706,-0.348555,0.004093,0.751491,-0.311186,0.449233,-0.598738,-2.022252,0.103857,-0.563639,1.180866,0.27502,0.658941,-1.303309,0.760828,-1.754692,0.925459,0.195597,0.943572,1.555152
1257,16,-0.555736,0.308679,1.070914,-0.792339,-1.982802,-1.748844,-0.010768,-0.917012,0.65896,0.474993,-0.393408,-1.578139,-0.01251,0.352258,-0.016353,0.681549,-0.695753,0.690547,0.691239,-0.117751,-0.106579,-0.708771,-0.465729,-0.868446,1.195146,0.126925,-1.305662,-0.229342,1.351826,1.600694,1.266022,-1.331586,0.737161,-1.378068,1.884269,2.042343,-1.318734,0.261523,-1.383474,0.189404,-0.694659,-1.108253,0.992916,0.145079,0.998233,0.500811,-1.137707,-0.730204,1.069876,1.137316,-0.450906,2.202465,0.630928,1.753807,0.605177,1.420363,-0.55415,-0.048172,-1.678226,0.22895,-1.314923,0.329211,-0.514334,-1.065038,-0.418985,-0.587676,-1.212295,1.622304,-1.041351,1.205159,1.401591,0.928681,-0.494037,-0.84042,-1.382487,-1.331894,-1.367332,-0.626285,0.143569,0.882922,-1.348082,0.890738,-1.020347,2.532858,1.322966,2.080206,0.360617,-0.943537,-1.616364,0.131265,-1.642689,0.662134,0.674534,-0.908379,1.143646,0.094489,0.314872,0.63137,-0.886326,-0.09436,-1.093236,0.501227,-0.867482,1.344384,1.047868,-0.723757,-0.12638,-0.131676,1.384249,0.492117,0.222489,2.333105,0.121009,0.224513,-0.0138,0.41585,-1.162783,1.476316,-1.057507,-1.566037,0.979335,1.295032,0.08443,-0.745419,-2.283021,0.864689,-0.961715,0.358727,-0.565438,0.885796,-0.734843,0.362326,-0.483898,-0.335647,-0.961543,1.218713,-1.971862,0.719833,-1.055807,-0.451475,1.020549,-1.4381,1.010315,-0.526082,0.8674,0.850635,1.062206,-0.396467,0.317898,-0.696458,0.111957,-0.413501,0.830388,2.941559,0.97719,-1.08598,-0.05292,-0.180563,-1.506672,-1.137169,0.498371,-1.461491,2.232864,-1.807763,-0.189409
1175,23,-0.460146,-0.968439,-0.765147,-0.217973,-0.055605,-0.426656,0.310386,1.84327,-0.977168,-0.555657,-1.148513,1.065934,0.822833,-1.305454,0.438179,-1.36876,0.352752,-0.001798,0.040098,-1.726261,0.166775,0.166409,1.258739,0.10923,-0.05719,-0.689083,0.510048,0.780955,0.71855,0.86685,-0.162073,-1.363328,0.071861,1.403392,1.200893,-0.657459,1.994413,1.33676,0.816312,-0.945549,0.667314,0.923502,2.141064,-0.406795,-0.251775,1.168801,1.128436,0.877254,-0.470854,-0.598014,0.271106,0.478086,0.901902,-0.678603,-1.506827,1.08403,-0.069018,-0.113918,0.949633,-1.369155,0.001289,-0.317896,0.4656,-0.019534,0.671978,-1.224564,-0.395154,-0.824782,1.064132,1.253349,0.106114,0.70169,-0.182429,-0.589666,1.352971,-0.066489,1.344391,2.352803,-1.101832,0.598369,-0.280536,0.4222,-2.206347,0.621339,-0.79565,0.322718,0.460861,0.845961,0.053551,0.344637,-0.242143,-1.429161,-0.555559,-0.44195,-0.28246,0.188655,0.263351,1.070906,1.958145,-0.964577,0.186913,0.464207,-0.197474,0.7009,-2.14111,0.689864,-0.160968,-1.787684,-0.212098,1.910981,-0.063369,2.041366,2.194233,0.33476,-0.246413,0.72461,1.466779,1.803725,0.39311,-0.788815,1.54421,-1.711602,-0.157722,0.126675,0.554041,-0.521821,0.210831,0.948211,0.106571,-0.752331,0.830139,0.22719,-0.889816,-0.632864,1.896933,-0.103597,0.592013,-0.403313,-0.083426,0.021711,-0.424587,0.812499,1.105805,0.867422,-0.322963,-0.551348,-1.8893,1.120642,-0.238005,-1.121301,-1.056968,0.84578,-0.21326,0.80419,0.247473,0.984519,0.317259,-2.731165,1.393459,-1.195162,1.543497,0.204654,-0.695743,-0.440769,-0.743195
1186,11,-0.946173,-0.085973,-1.190868,-1.619957,-1.678116,0.944863,-1.499371,1.095765,-0.145575,-0.433923,-0.016913,1.557641,-1.5268,0.384238,-0.559236,-1.152449,-2.207302,-1.064903,-1.06464,-0.057032,0.802558,0.337469,-0.340423,1.672336,-0.700824,-0.024643,-0.409898,0.612487,0.42367,-0.078461,0.567236,0.23389,-0.727509,0.913087,-0.559372,-0.696224,0.685883,-0.542693,-0.011296,2.569131,0.844015,-0.566529,-0.579407,0.965242,0.329089,-0.962814,0.637348,-1.659003,1.287198,1.25771,1.643134,-1.339982,0.604141,1.989062,0.422725,-0.192813,1.331507,-1.455344,-0.10441,0.429109,-0.476173,0.049082,0.919105,0.82535,-0.067193,-1.225862,-1.555043,-0.938261,-0.547956,-0.7848,2.836294,-0.217857,-0.153825,0.625947,-1.333577,-0.605363,0.584474,-0.737064,0.999778,-0.659565,0.217138,1.452807,1.095327,0.129026,0.131402,0.729024,-0.422731,-1.10661,0.992658,1.137453,0.276607,-0.237196,-1.143187,-0.63131,-0.354924,0.260626,0.842182,0.051993,0.394102,-1.298882,0.11728,1.165192,-0.684215,-1.903245,0.676496,1.490684,0.724301,-0.497604,0.594474,-2.099889,0.064647,-0.755809,1.121685,-1.002439,2.040714,2.407034,1.94486,0.98596,-0.74267,-0.298785,0.974363,0.380783,-0.64005,-0.2367,-0.827047,0.387112,-0.075612,1.28119,0.716609,-0.365554,1.380734,-2.309737,-1.446865,-0.606235,0.527143,1.892243,0.793069,0.288386,-0.016182,-1.785377,-0.604341,1.074374,0.319366,-0.599162,-0.038397,-0.666242,-1.932693,-0.233999,-0.652582,-1.256626,-0.211204,-0.332127,0.144324,0.003679,0.161455,-0.251336,-0.763406,-0.12591,-0.032055,0.939256,0.023161,-0.714155,0.789752,-0.05584,0.798448
1170,20,0.921751,-0.266645,0.734288,-1.555714,-0.427437,-0.7006,0.369866,-0.485586,-0.719858,-0.663664,-1.35603,-1.246107,-0.913993,0.404857,0.300699,0.775757,1.679905,0.931476,-1.738444,-0.570847,1.521955,0.196034,0.408995,0.249983,-1.311696,0.441453,-0.110671,-0.933133,0.398709,1.71005,-0.147151,-1.218912,-0.090901,-0.849457,-2.337621,-0.451751,0.398656,-0.907747,-0.072609,-0.113805,-0.429294,-0.37446,-0.298039,-0.256561,-0.120053,0.511276,-0.468562,-0.800357,0.489937,-0.645374,2.091051,-0.233656,1.943145,0.258873,0.310453,0.888392,0.426368,-0.11532,-0.322591,-0.884618,-0.91996,0.837265,-2.34657,1.677963,0.917002,-0.295597,1.695232,1.833592,1.091694,-2.350935,-1.953606,0.633514,-1.168217,0.385598,-0.413634,0.367604,-0.332897,-0.014013,-1.67358,-0.067465,-0.891248,0.989712,-0.689954,0.406227,0.533153,-0.184342,-0.850471,0.094179,-0.174744,0.711712,-0.954562,-1.189875,0.628708,0.186261,1.103736,1.26904,-1.869457,0.188348,0.088737,0.01406,0.853517,1.834587,-0.242224,-0.192946,0.5759,0.668765,-0.187485,0.778505,1.265483,-0.585696,1.16416,-0.831208,1.18381,-0.947685,-0.905388,-1.415962,-0.386374,-0.130604,-0.229792,-0.452219,-0.333391,-0.580501,-0.473819,0.037249,-0.650266,0.048685,-1.160533,-1.411453,0.641482,-0.885788,-0.015177,-1.091604,-1.576727,-1.446805,-0.979541,1.148983,-0.814894,0.107059,-0.503903,-0.01606,-1.309848,0.93928,0.074171,-0.572004,0.662533,-1.627585,-0.828367,0.216439,1.416388,-0.616756,1.653406,1.03871,-0.986401,0.389074,0.995245,-1.060573,1.346137,-1.630878,1.244554,1.017157,1.527446,0.727264,0.170982,-1.653194,1.635926
1216,39,1.196505,0.593666,0.243821,-0.696874,-0.118101,0.159963,0.255569,0.059187,1.095278,0.160859,-0.193161,-0.299286,0.387466,0.556318,0.594739,0.566166,-0.483546,1.267703,-1.066595,-2.073628,0.729024,0.713078,-0.746147,-0.452792,0.952583,0.973141,-0.57011,-0.62711,0.561872,1.333403,2.163695,0.11589,0.433976,-0.846362,-0.196255,-2.46265,-1.914763,1.189968,0.339826,-0.691415,1.102005,-0.162023,-0.520036,-0.794576,-0.177701,1.565232,-0.464406,2.004304,0.649977,1.16477,0.029239,-1.260144,0.99535,-1.067597,1.122219,0.91202,-0.099663,-0.822382,-0.708954,0.632865,-0.849777,-2.894602,-1.412121,1.022699,0.425463,-0.910012,-0.403781,-0.342124,2.387195,-1.206426,-0.958643,-0.030087,0.393453,-0.499655,0.835598,0.033466,-0.619978,-0.628469,-0.188997,-0.101658,0.389959,1.238174,-0.228429,0.79752,0.821505,-0.533999,-2.169829,0.077314,0.269874,1.286744,-2.09089,0.62213,-0.192522,0.389596,1.186818,0.359185,0.624466,0.33537,-1.140778,0.308458,-0.376148,0.373066,-1.763535,0.742951,0.259333,-0.129508,-0.356354,1.0025,0.364007,0.759464,0.478439,-0.459944,0.339401,0.869182,-0.435983,0.501072,0.168156,1.31283,0.027856,-0.076307,-0.683469,-0.551613,0.441424,1.185462,-1.626156,-0.486393,0.31876,0.535748,-0.746591,-0.924472,-0.183252,0.560027,0.508883,-0.451002,0.418632,-0.298703,-0.283982,0.865725,0.011592,0.699187,0.542704,-0.384503,-0.571055,0.218469,-0.029444,1.515136,0.413396,0.152343,-1.02363,-0.336086,0.631943,-1.347219,-1.267353,0.587504,0.482201,-0.512969,-0.02172,-0.456261,-0.077501,0.974659,0.805535,2.256941,1.493328,0.442379,-0.14039
1086,15,-1.439164,2.502845,-0.646416,0.962609,1.596045,0.528096,-1.388343,-0.327027,0.070501,0.561332,0.973468,1.113594,1.458184,-0.937954,0.982974,-1.720781,0.149108,-1.055708,-1.759451,0.911001,-0.027764,0.981875,-1.565225,-1.204374,-0.096671,-0.657644,0.072471,-0.615743,-0.334984,-1.13137,1.273078,-0.314764,-1.169509,0.675754,0.481153,0.216425,0.222942,-0.389606,-0.128437,-2.193934,-1.543092,-1.218764,0.285522,1.21343,-0.161774,-0.263761,1.12018,-0.359649,0.652113,0.429704,-1.316241,0.314194,0.205054,-1.139205,-1.026522,-1.263788,1.364121,2.09925,0.703813,1.56028,-1.338012,1.400063,1.962411,1.607835,-0.932903,1.080949,-0.112043,1.071782,-0.636515,0.014935,-0.565661,0.47561,-0.098808,1.109578,0.822441,0.416083,-0.034474,-0.298012,0.007328,0.749835,0.131774,0.292249,-0.034549,-0.072424,-0.659197,-1.866752,0.573224,0.560638,-0.963504,1.907296,-1.159803,0.996858,0.254859,0.317342,1.136885,0.921705,0.027723,-1.051441,-1.21252,0.193025,1.57799,0.879974,-0.028041,0.333345,0.686676,1.717839,-0.753949,0.726698,0.281331,-0.753255,-1.009606,1.269297,0.33383,-0.20511,0.104346,0.983948,0.098677,1.606031,-0.254298,-0.777549,-0.107227,-0.93135,-0.343302,1.226842,1.707204,0.635119,0.20216,-0.901901,-0.995031,0.373889,0.171733,-0.57378,-0.440039,1.560704,0.9936,0.058423,0.233271,1.279438,0.365075,0.24341,-1.564689,-1.678769,-1.9004,-2.244299,-0.008404,0.334898,-0.864462,0.445632,0.447164,-0.073064,-1.465938,1.446254,1.378766,-0.571055,1.943399,0.051002,-0.778846,-0.403265,-1.847735,-0.344513,-1.593463,1.136364,0.324712,-1.382293,0.578612
1225,2,-0.688091,-0.47711,2.48972,0.670188,-1.138362,-1.711833,0.504261,0.32545,-0.417892,0.308113,-1.663939,0.178094,0.410445,0.435655,-0.630945,0.229674,-0.386205,-2.290218,-2.360571,0.864082,-1.045605,0.728059,-0.84089,0.534696,1.419376,2.349674,-0.207828,1.742446,0.47718,-3.187113,-2.45748,0.60803,1.293538,-0.226588,-0.046807,-0.699176,-0.753664,1.199739,-0.18558,-0.602567,0.599188,-0.623956,0.329826,-0.423581,0.383793,-0.210068,-1.726314,1.024973,0.838108,0.079564,-0.48221,1.283144,-0.905778,0.385629,0.554467,0.6517,-0.183431,-0.368387,1.928328,-0.817522,-1.797964,-1.512927,0.026379,-0.818527,0.775245,1.107401,-1.84229,-1.811954,-0.310838,0.168648,-1.299998,-0.53651,-1.907089,0.620771,1.354002,0.193938,0.384653,0.599641,1.246926,1.077809,0.716983,0.924138,-1.292912,0.570608,-0.673191,0.546449,0.127159,0.147658,0.661355,0.309421,-0.225073,1.988367,0.213079,0.584661,-0.165424,-0.484976,-0.677544,0.168962,0.099066,0.725045,-0.344509,1.323137,1.033213,-2.311797,-1.411242,-0.41405,0.151457,0.542818,0.411219,-0.268572,1.680078,-1.261327,-0.435348,-0.673281,0.147845,0.367679,0.03407,0.471606,-0.000394,1.265846,-0.545526,-0.503863,0.547392,0.360655,0.432105,0.017842,-1.324583,0.311885,-0.722414,0.728008,0.355364,0.085341,-0.431083,0.96237,-0.036377,-1.414932,0.987064,1.886187,0.952304,0.361976,-0.768258,-0.284843,0.76474,0.875118,0.143334,1.043151,1.871518,0.115125,0.706526,0.586726,0.699881,1.338912,-0.539965,-1.001105,-0.402603,-0.533687,-0.629428,0.770274,0.915415,-0.852786,-2.177231,-1.922952,-0.084922,-0.111272,-1.129414
1123,26,0.688081,-1.359409,-0.800321,-2.083481,-0.719685,-1.333038,0.26364,-0.735024,0.578243,-0.109963,-0.326272,1.707203,1.129268,-1.284716,1.338772,0.736708,1.285037,0.435263,-1.746843,-0.36786,-2.364439,-1.3631,-0.680893,1.230819,0.03618,0.207287,0.714155,-0.884669,1.070297,0.210498,-0.939923,-0.56333,-0.242071,0.585745,1.380599,-0.305818,-0.223414,1.748324,3.107726,1.751727,0.181821,-0.356071,0.659959,0.290457,-0.778808,1.319799,2.470152,-0.828173,-0.776554,-0.501762,-1.240594,0.788149,-1.412099,0.645423,0.381255,0.7247,-1.455843,0.13731,0.262435,0.860606,0.362244,-0.575484,1.11285,1.351961,1.319635,-0.73545,0.512331,-0.900605,-0.172486,0.734545,-1.411741,2.722681,1.19805,-0.758424,-0.563477,-0.078127,-0.143421,-1.194421,-0.136381,-1.524502,-0.612454,1.756947,-0.067746,-0.386252,1.541983,0.308687,0.611232,-0.566971,1.075454,-0.329175,0.858336,0.628735,1.699205,0.976687,-0.021228,-1.048712,-0.301202,-0.685702,1.506272,-0.443613,-2.266869,0.373522,0.799917,-0.910008,0.703166,-1.310581,0.236819,-0.163184,0.3047,0.41322,-0.670675,0.793137,-0.500169,0.112707,1.400609,-0.917154,0.068674,1.579068,1.242259,-0.67915,-0.618996,0.538567,-0.653778,0.067664,-1.35954,0.624018,-1.59802,0.126915,0.689706,-0.669623,-1.564667,-1.267732,-1.907776,1.772147,-1.919184,-1.286448,0.319575,0.043264,1.01624,1.302351,0.441044,-0.070105,-0.5669,-0.18859,0.935475,0.602501,0.616688,-1.676728,-0.768523,-0.690912,-0.547255,-1.061768,0.67296,1.050581,1.806859,-0.529391,-0.106103,0.087808,-0.013185,-0.841895,0.79137,-2.022244,-0.485392,-1.905743,0.621681
1147,25,3.232869,-0.891596,0.276355,1.574349,0.516569,1.214396,-1.240783,-1.138055,-0.450071,-0.573671,0.109244,-0.332159,-1.180366,0.220584,-1.423478,-0.706821,0.316542,-0.911657,-0.024101,0.655044,1.495523,1.210709,0.889836,0.496535,-1.27604,-0.870325,-0.888399,-0.556476,-0.145185,-0.972053,-0.449252,1.119479,-0.453617,-1.967476,-0.296003,-0.158581,-0.374404,2.15236,0.928448,1.703248,-0.632407,0.755041,0.238782,-0.100252,-0.85842,0.203827,-1.972726,0.953062,2.79704,1.487234,-2.133389,0.177409,-0.777597,-0.639336,-0.291632,1.166236,0.716586,-0.868248,0.545258,0.135299,2.033511,-1.502833,-0.140876,-0.978544,-0.054987,-2.064621,-0.961164,-0.13666,-0.628766,-0.918163,-0.153652,-0.596933,-0.963679,-0.276377,-0.005364,0.299884,-1.77857,-0.442904,1.152634,-1.482631,0.097418,-0.526394,1.057878,1.198095,0.233695,-0.537032,-1.62258,-0.565158,-0.879004,0.00508,1.520319,1.876057,0.27482,0.093799,-0.162696,0.269,-0.233236,1.727915,-0.779667,0.088876,-0.642823,0.918687,1.778409,0.638583,0.17271,0.031212,0.555606,-0.485517,1.631078,1.745785,0.992642,0.8022,-0.411843,1.812726,-1.385113,-0.727816,2.109589,-0.414046,-0.811479,-1.645788,1.032842,1.187611,0.21455,-1.614197,-0.079107,-0.771934,0.909203,1.469214,0.451734,0.437612,1.551251,1.705616,-1.164597,0.466682,-1.146566,-0.73886,1.156989,-1.081811,-0.139834,1.261855,0.482001,-1.600514,-0.070139,-0.195489,-0.863556,2.058767,0.092264,0.088638,1.06024,0.202105,-1.267475,0.048094,0.466296,0.207194,1.097529,0.914761,0.563503,-0.107389,0.096385,1.972729,-1.572507,1.175485,0.504547,-0.62219,0.053543
1325,26,1.101149,-0.561167,0.301323,-1.181445,1.258194,-1.90629,0.498722,-0.998916,0.566042,1.523674,0.746101,1.318143,-1.610216,-2.112684,-0.023347,-0.349568,-0.795447,-0.861811,0.502393,0.051266,1.44306,-0.523934,-0.090515,1.148502,1.062377,0.609729,-0.141574,-0.71475,0.356384,1.411653,0.868202,0.178603,0.44605,1.051246,0.012052,1.139261,0.172547,0.459318,1.440202,-0.858722,-0.415139,0.186831,0.363312,-0.651499,0.269793,-0.592359,-0.645473,-0.151553,1.618161,-0.010192,2.176645,0.748181,0.549599,1.828198,0.413876,-0.082689,-0.454611,-0.889463,1.706439,0.60875,-0.630365,1.054349,1.170058,1.668078,1.98241,0.857241,0.868137,0.318743,0.468186,0.815472,-0.932322,0.022359,2.082461,-0.638395,0.711122,-1.646229,0.322508,-0.787712,-0.32225,-0.821302,-1.133528,1.424649,-0.291447,0.735347,1.348034,1.275684,1.331524,0.125305,0.916178,-1.137397,0.54674,2.184097,-0.074397,0.747554,-2.299027,-0.523275,-2.232905,-1.453999,-1.016931,0.27102,-1.652837,1.023344,0.994063,1.089039,0.373609,-1.667696,-1.753669,-1.517556,0.384269,0.617137,-2.289761,0.689147,-0.631975,-1.130831,-0.249928,0.646875,1.645954,1.48388,-0.602638,-1.574031,0.354014,0.33707,1.211348,0.967912,-0.249774,-0.425513,0.046247,-2.123753,0.419774,-1.041838,-0.588691,1.302292,0.33761,-0.890878,0.691818,-1.382206,-0.199718,-1.747993,-0.953964,-0.695028,-0.711816,0.185149,-1.745695,-1.511874,-0.876733,-0.45477,1.217979,0.267346,-2.38026,-1.191442,0.269014,2.289207,-0.691845,1.313595,0.917178,0.799381,-2.922597,-0.412898,-0.679554,0.73557,-1.705234,0.631549,0.178219,1.327919,-0.105372
1117,30,-0.792336,-0.848402,0.714052,-0.290482,-0.388539,0.208234,1.444032,0.300891,0.684128,0.076084,1.543559,-1.232088,-1.126903,-0.513565,2.021124,1.53875,-1.103349,-0.462684,0.545471,0.065445,0.883133,-0.49479,-1.658881,0.614556,1.247465,-1.537974,-1.878891,-0.454946,-1.86909,0.427445,-1.159781,0.73946,-0.344444,0.131448,0.660304,-0.204281,-1.014726,0.913977,-1.470536,1.406489,-0.609149,-0.527691,0.394792,0.417181,0.506151,-1.467281,-0.880624,0.342365,0.371879,-0.092172,1.29423,-0.175984,0.941232,1.085637,0.34855,-0.191485,0.740898,0.449548,0.6215,-0.862254,0.469101,1.595226,-0.279064,0.142254,-0.234041,0.884427,-2.053004,1.599367,0.516415,-0.220014,0.279524,1.130903,0.377083,0.676729,1.206968,0.178079,0.748694,1.479872,0.570939,-0.607313,0.780864,2.042288,-0.304994,0.464558,0.4399,0.89382,-0.394533,-0.005692,1.959433,0.703833,-0.60008,0.800073,0.078149,1.544815,-1.585979,0.115599,0.991833,-1.243741,-0.724387,0.489438,0.054105,-0.283296,0.322009,-1.361827,-0.815418,1.735419,-0.622929,0.451033,-0.034639,0.870545,0.344361,0.41885,1.173125,0.338696,-1.667702,-0.636323,1.431714,1.070203,-0.21085,-1.556303,-0.688328,2.080091,1.205272,1.228349,-1.577672,-1.324372,-0.565917,-1.323734,0.128716,-1.063416,0.486408,-0.203099,-0.537259,0.662349,0.460094,0.14573,-0.344301,-0.032953,-1.88894,-1.921277,-0.653278,0.152078,1.757184,0.407429,-0.961534,-0.465286,-1.234048,-0.028835,-0.075012,-0.023255,0.281062,1.040789,0.688807,-1.126699,0.846231,-0.986509,0.390864,0.10797,1.672185,-0.085462,-0.0803,-0.256127,0.86355,0.321505,-0.246855
1066,46,-2.093995,-0.277508,-0.065762,2.532969,1.375285,0.138911,-1.061083,0.355115,-1.135528,0.217399,0.379127,-0.379119,0.263355,-0.309383,-0.547349,1.532303,0.590483,-0.286901,-0.741227,0.191387,0.575905,0.85699,1.471224,0.471594,-1.089079,2.019792,1.161553,0.836313,1.335236,-1.454193,-0.352809,-0.489607,1.189455,-1.149741,-0.302953,1.513026,0.653959,-0.365025,1.869896,-1.29695,0.46128,-0.210322,0.517844,-0.258098,-0.810878,0.223969,-1.285315,0.536993,-0.301715,0.922859,-0.428328,-0.649917,0.406455,1.229804,-2.029876,0.129954,0.629502,-1.389037,-0.85618,0.645801,-0.803353,-0.617492,1.704472,-0.918079,-0.83992,-2.269788,-1.068448,-1.202479,1.701231,1.210026,-1.23612,1.948263,0.769701,-0.167589,0.807117,0.385607,-0.744178,-1.724209,-0.886909,0.004198,-0.342105,-0.719929,0.969998,-1.040446,0.887409,-0.466522,0.116303,-1.096098,0.000154,-0.763133,-1.712416,-0.011113,-0.042677,0.825162,0.287797,-0.991904,-0.597039,-2.441612,-1.096884,1.286392,1.500803,0.758983,0.305223,0.58615,0.486606,-1.703261,-0.854019,1.17531,1.170515,0.243335,-0.299649,-0.373432,-0.530073,-0.907877,-1.89489,0.152942,-0.440406,-0.2056,1.697925,0.58998,-0.687428,0.578668,-1.479793,1.043938,0.265597,-0.185925,0.569642,1.443436,-0.453029,-0.970645,2.094574,0.020642,1.481938,-0.66282,0.379146,-0.628808,0.631378,-0.268453,-0.65774,1.539266,0.340561,-2.003405,-0.228478,-0.903501,-1.201696,-0.573564,-0.468866,0.036765,-0.781904,-1.840456,-0.527135,0.8747,-1.349699,0.616166,0.457754,-0.441211,0.309508,-0.74003,-0.394074,-1.010343,0.463742,1.361707,-0.671274,1.189679,-2.116128
1009,6,-1.003416,-0.395335,-0.427143,0.743731,-0.398999,-0.19745,-1.218274,1.644576,0.506986,1.788873,0.796886,1.489636,-0.248488,0.717161,2.705506,-1.223534,1.176269,1.697944,0.421128,0.765212,1.279634,-0.670295,0.417412,-0.888005,-0.691247,-0.631563,-0.146268,0.149776,0.463033,-1.450909,2.026775,1.183529,0.743563,-0.36653,-0.091307,0.561166,0.42144,-1.721062,0.759279,2.988248,-1.89329,1.019678,0.378502,-0.114415,1.407016,-1.213596,0.167095,1.501955,-0.202099,-0.429263,0.117977,-0.456755,1.589169,-0.931848,0.896931,-1.286684,0.687572,-0.107799,-2.655162,-0.006143,-1.096784,-0.456782,1.581552,-1.148581,-1.08995,1.480883,0.119197,1.584731,0.332607,-0.907065,-0.068167,1.264128,0.967505,0.000912,0.050144,-0.1157,-0.594667,1.98588,0.007393,-1.162909,-0.490418,0.74682,0.659559,-0.140999,-0.687257,0.024582,-1.720688,-1.338443,0.8214,-0.492769,0.385484,1.252593,0.667912,0.02119,2.187982,0.686499,-0.36446,0.752697,0.419346,-0.879986,0.075015,-0.169624,-2.021552,-0.177251,-0.291055,-0.450639,-1.691097,-0.36465,-0.040802,0.104796,-1.16736,0.650227,-1.249671,-0.230041,1.341659,-0.711757,-0.525002,1.103353,-0.394713,-0.305256,0.227359,1.078419,-2.264626,-0.851171,-1.034913,-1.114413,-0.877783,-0.861548,0.309216,-0.912128,0.125584,0.411421,-0.748053,0.133876,1.677519,0.330054,-0.652979,-0.066521,-0.937942,0.277136,0.882449,-0.837944,-0.213944,1.137296,-0.508486,0.192103,-1.046131,-0.836786,-0.523463,2.17632,-0.40905,-0.529959,-0.563194,-0.165602,0.65593,0.18949,2.057815,0.213794,1.447404,0.276711,0.605581,-1.4436,-0.127059,-0.068948,-0.242957
1327,36,0.822452,0.434401,-0.936116,-1.503418,1.346064,0.987772,0.110074,0.263663,-0.919599,1.395435,0.319136,2.044003,0.165648,0.410488,-0.124936,0.073436,1.212675,1.281983,-0.041698,0.640252,0.891472,0.704059,-0.185209,-0.961213,-0.53776,-0.303884,2.657809,-2.290275,0.060348,1.176923,-1.931584,0.610025,-0.99883,-1.485025,0.040979,0.191898,-0.043754,-0.031464,-1.755858,1.17716,0.207825,-0.404289,0.407185,-1.067072,-1.227025,-0.888496,-0.31068,-1.3227,-0.497687,-0.938005,-0.561154,1.483786,-0.434064,-0.427072,0.892703,0.027778,1.386281,-0.591528,0.216889,-1.184441,0.105388,0.771641,-0.339795,0.339917,0.622418,-1.972885,-0.561012,0.914922,0.004116,-0.213966,-0.027879,-0.086761,-0.662804,-0.345382,0.077565,1.401518,-0.185234,-1.02322,-0.211566,0.805335,0.435982,-0.835688,0.290351,-0.106642,0.375183,0.926363,0.245342,-0.975263,-1.572185,-0.658493,0.732869,0.21324,-1.426574,-1.761669,-0.110091,-1.807786,0.170012,-0.1354,-1.639159,-0.206859,-0.915373,-0.58533,0.288098,-1.344259,1.057577,1.330451,-0.590121,1.072199,-2.869955,-0.568811,-1.969565,-0.658256,2.158726,-2.075274,1.103398,0.415684,-2.107845,0.626464,-1.160786,-0.715911,1.145535,0.798751,-1.483646,0.186211,-0.211057,-0.104303,1.413673,0.015898,1.49299,-0.367972,0.699607,-0.983343,-0.499692,-1.083205,0.195766,-0.96856,-0.941062,-0.361292,-0.981641,0.831369,-2.145367,-0.977905,0.37436,1.727442,0.678199,-0.084867,0.286563,0.203173,-0.270073,-0.220376,-1.291668,0.874535,-0.400751,1.059877,0.793841,-0.641943,-1.82199,-0.302208,1.044138,2.947891,-0.382806,0.262291,-0.458904,0.90241,-3.817753
1012,31,0.151021,2.703483,0.097575,-2.093252,-0.672086,0.112349,-1.256015,-0.867208,-0.365636,0.341812,-0.165342,-0.889232,0.787681,-0.539637,-0.499309,-1.379652,-0.786016,0.651772,-1.617655,-0.071174,0.717725,-0.377109,0.239791,-1.116794,1.310278,1.10105,0.235499,-1.755079,-1.045962,0.976703,1.713121,0.296615,1.247319,-0.607762,-0.189387,0.001148,0.423097,-1.52881,0.940667,1.322547,-1.148735,-1.35534,0.35056,-0.654312,-2.37083,0.808584,0.155594,-0.476647,2.113444,0.138904,-0.75343,0.101152,-1.040069,-0.761707,0.386363,-0.554198,-0.450974,1.668945,0.859649,0.802826,0.528817,0.484202,1.456585,-0.019546,1.855514,-0.951402,-0.255038,-1.378596,-0.343773,0.518442,1.451247,-0.663328,0.005304,-0.35921,-0.7386,-1.189379,0.060661,-1.732065,0.110543,0.020952,-0.65775,-1.010904,-1.384307,1.871328,-1.341972,1.557702,0.600165,-0.364021,-1.157077,1.042493,1.729651,-0.934024,-0.298745,1.051624,0.335783,1.999961,-0.570144,0.542291,-1.250928,2.095892,-0.730341,-2.207967,-0.125764,-0.139431,1.915572,-0.33882,-0.012644,0.593439,1.586271,-0.06323,1.039478,0.518085,-0.296235,0.077554,0.028674,-0.916025,1.213681,-1.38562,1.171169,0.954419,-0.093049,-0.765444,-0.226425,0.472775,0.743058,0.286919,0.992136,-0.557435,0.234576,-1.568346,0.763627,0.153176,-0.415574,1.161542,0.691526,-2.816394,0.039883,-1.455024,1.06666,2.489075,-0.518534,0.074579,-0.251034,0.350813,0.644549,1.287194,-0.987421,1.571635,-0.931514,0.277089,1.158577,0.713199,-0.938575,-0.701924,-0.462331,-0.051169,1.146953,-1.291811,0.466702,0.609972,0.558289,0.466306,1.518318,0.487808,0.856959
